/Users/daniel/Downloads/SIM /HUMAN ATLAS/work/evidence/T98/astra-resolution-2026-09-29/inspect_base.py:80: RuntimeWarning: divide by zero encountered in matmul
  points = positions.astype(np.float64) @ matrix[:3, :3].T + matrix[:3, 3]
/Users/daniel/Downloads/SIM /HUMAN ATLAS/work/evidence/T98/astra-resolution-2026-09-29/inspect_base.py:80: RuntimeWarning: overflow encountered in matmul
  points = positions.astype(np.float64) @ matrix[:3, :3].T + matrix[:3, 3]
/Users/daniel/Downloads/SIM /HUMAN ATLAS/work/evidence/T98/astra-resolution-2026-09-29/inspect_base.py:80: RuntimeWarning: invalid value encountered in matmul
  points = positions.astype(np.float64) @ matrix[:3, :3].T + matrix[:3, 3]
T98_PROBE 100
T98_PROBE 200
T98_PROBE 300
T98_PROBE 400
T98_PROBE 500
T98_PROBE 600
T98_PROBE 700
T98_PROBE 800
T98_PROBE 900
Blender 3.5.0 (hash 1be25cfff18b built 2023-03-29 06:34:18)
Device with name Apple M5 supports metal minimum requirements
Read blend: /Users/daniel/Downloads/SIM /HUMAN ATLAS/atlas-data/source-cache/z-anatomy/t97/extracted/Z-Anatomy/Startup.blend
scripts disabled for "/Users/daniel/Downloads/SIM /HUMAN ATLAS/atlas-data/source-cache/z-anatomy/t97/extracted/Z-Anatomy/Startup.blend", skipping 'z-anatomy.py'
Dependency cycle detected:
  OBOesophagus-profile/TRANSFORM_INIT() depends on
  OBOesophagus/GEOMETRY_EVAL() via 'Curve Follow Parent'
  OBOesophagus/MODIFIER(Solidify) via 'modifier stack order'
  OBOesophagus/GEOMETRY_EVAL_INIT() via 'Modifier'
  CUOesophagus/GEOMETRY_EVAL_DONE() via 'Object Geometry Base Data'
  CUOesophagus/GEOMETRY_EVAL() via 'ObData Geom Eval Done'
  OBOesophagus-profile/TRANSFORM_FINAL() via 'Curve Bevel Transform'
  OBOesophagus-profile/TRANSFORM_SIMULATION_INIT() via 'Simulation -> Final Transform'
  OBOesophagus-profile/TRANSFORM_EVAL() via 'Transform Eval -> Simulation Init'
  OBOesophagus-profile/TRANSFORM_PARENT() via 'Eval'
  OBOesophagus-profile/TRANSFORM_LOCAL() via 'ObLocal -> ObParent'
  OBOesophagus-profile/TRANSFORM_INIT() via 'Transform Init'
Detected 1 dependency cycles
Dependency cycle detected:
  OBOesophagus-profile/TRANSFORM_INIT() depends on
  OBOesophagus/GEOMETRY_EVAL() via 'Curve Follow Parent'
  OBOesophagus/MODIFIER(Solidify) via 'modifier stack order'
  OBOesophagus/GEOMETRY_EVAL_INIT() via 'Modifier'
  CUOesophagus/GEOMETRY_EVAL_DONE() via 'Object Geometry Base Data'
  CUOesophagus/GEOMETRY_EVAL() via 'ObData Geom Eval Done'
  OBOesophagus-profile/TRANSFORM_FINAL() via 'Curve Bevel Transform'
  OBOesophagus-profile/TRANSFORM_SIMULATION_INIT() via 'Simulation -> Final Transform'
  OBOesophagus-profile/TRANSFORM_EVAL() via 'Transform Eval -> Simulation Init'
  OBOesophagus-profile/TRANSFORM_PARENT() via 'Eval'
  OBOesophagus-profile/TRANSFORM_LOCAL() via 'ObLocal -> ObParent'
  OBOesophagus-profile/TRANSFORM_INIT() via 'Transform Init'
Detected 1 dependency cycles
METAL API - DETECTED GPU: Apple M5
Fra:0 Mem:2022.36M (Peak 2023.20M) | Time:00:00.93 | Syncing QA:(Abdominal part of pectoralis 
Fra:0 Mem:2022.67M (Peak 2023.20M) | Time:00:01.26 | Syncing QA:(Abdominal part of pectoralis 
Fra:0 Mem:2022.95M (Peak 2023.20M) | Time:00:01.26 | Syncing QA:(Adductor minimus).l
Fra:0 Mem:2023.18M (Peak 2023.20M) | Time:00:01.26 | Syncing QA:(Adductor minimus).r
Fra:0 Mem:2023.41M (Peak 2023.41M) | Time:00:01.26 | Syncing QA:(Iliopectineal bursa).l
Fra:0 Mem:2023.65M (Peak 2023.65M) | Time:00:01.26 | Syncing QA:(Iliopectineal bursa).r
Fra:0 Mem:2023.90M (Peak 2023.90M) | Time:00:01.26 | Syncing QA:(Opponens digiti minimi muscle
Fra:0 Mem:2024.07M (Peak 2024.07M) | Time:00:01.26 | Syncing QA:(Opponens digiti minimi muscle
Fra:0 Mem:2024.24M (Peak 2024.24M) | Time:00:01.26 | Syncing QA:Abductor digiti minimi of foot
Fra:0 Mem:2024.50M (Peak 2024.50M) | Time:00:01.26 | Syncing QA:Abductor digiti minimi of foot
Fra:0 Mem:2024.76M (Peak 2024.76M) | Time:00:01.26 | Syncing QA:Abductor digiti minimi of hand
Fra:0 Mem:2024.96M (Peak 2024.96M) | Time:00:01.26 | Syncing QA:Abductor digiti minimi of hand
Fra:0 Mem:2025.17M (Peak 2025.17M) | Time:00:01.26 | Syncing QA:Abductor hallucis.l
Fra:0 Mem:2025.46M (Peak 2025.46M) | Time:00:01.26 | Syncing QA:Abductor hallucis.r
Fra:0 Mem:2025.76M (Peak 2025.76M) | Time:00:01.26 | Syncing QA:Abductor pollicis brevis.l
Fra:0 Mem:2025.96M (Peak 2025.96M) | Time:00:01.26 | Syncing QA:Abductor pollicis brevis.r
Fra:0 Mem:2026.16M (Peak 2026.16M) | Time:00:01.26 | Syncing QA:Abductor pollicis longus.l
Fra:0 Mem:2026.52M (Peak 2026.52M) | Time:00:01.26 | Syncing QA:Abductor pollicis longus.r
Fra:0 Mem:2026.88M (Peak 2026.88M) | Time:00:01.26 | Syncing QA:Acromial part of deltoid muscl
Fra:0 Mem:2027.28M (Peak 2027.28M) | Time:00:01.26 | Syncing QA:Acromial part of deltoid muscl
Fra:0 Mem:2027.68M (Peak 2027.68M) | Time:00:01.26 | Syncing QA:Adductor brevis.l
Fra:0 Mem:2028.01M (Peak 2028.01M) | Time:00:01.26 | Syncing QA:Adductor brevis.r
Fra:0 Mem:2028.34M (Peak 2028.34M) | Time:00:01.26 | Syncing QA:Adductor longus.l
Fra:0 Mem:2028.80M (Peak 2028.80M) | Time:00:01.26 | Syncing QA:Adductor longus.r
Fra:0 Mem:2029.26M (Peak 2029.26M) | Time:00:01.26 | Syncing QA:Adductor magnus.l
Fra:0 Mem:2030.10M (Peak 2030.10M) | Time:00:01.26 | Syncing QA:Adductor magnus.r
Fra:0 Mem:2030.94M (Peak 2030.94M) | Time:00:01.26 | Syncing QA:Anconeus muscle.l
Fra:0 Mem:2031.21M (Peak 2031.21M) | Time:00:01.26 | Syncing QA:Anconeus muscle.r
Fra:0 Mem:2031.49M (Peak 2031.49M) | Time:00:01.26 | Syncing QA:Anserine bursa.l
Fra:0 Mem:2031.71M (Peak 2031.71M) | Time:00:01.26 | Syncing QA:Anserine bursa.r
Fra:0 Mem:2031.94M (Peak 2031.94M) | Time:00:01.26 | Syncing QA:Antebrachial fascia.l
Fra:0 Mem:2032.49M (Peak 2032.49M) | Time:00:01.26 | Syncing QA:Antebrachial fascia.r
Fra:0 Mem:2033.03M (Peak 2033.03M) | Time:00:01.26 | Syncing QA:Anterior belly of digastric mu
Fra:0 Mem:2033.22M (Peak 2033.22M) | Time:00:01.26 | Syncing QA:Anterior belly of digastric mu
Fra:0 Mem:2033.40M (Peak 2033.40M) | Time:00:01.26 | Syncing QA:Anterior cells of ethmoid bone
Fra:0 Mem:2033.60M (Peak 2033.60M) | Time:00:01.26 | Syncing QA:Anterior cells of ethmoid bone
Fra:0 Mem:2033.80M (Peak 2033.80M) | Time:00:01.26 | Syncing QA:Anterior intermuscular septum 
Fra:0 Mem:2033.97M (Peak 2033.97M) | Time:00:01.26 | Syncing QA:Anterior intermuscular septum 
Fra:0 Mem:2034.15M (Peak 2034.15M) | Time:00:01.26 | Syncing QA:Anterior layer of thoracolumba
Fra:0 Mem:2034.31M (Peak 2034.31M) | Time:00:01.26 | Syncing QA:Anterior layer of thoracolumba
Fra:0 Mem:2034.48M (Peak 2034.48M) | Time:00:01.26 | Syncing QA:Ary-epiglottic part of oblique
Fra:0 Mem:2034.75M (Peak 2034.75M) | Time:00:01.26 | Syncing QA:Ary-epiglottic part of oblique
Fra:0 Mem:2035.02M (Peak 2035.02M) | Time:00:01.26 | Syncing QA:Arytenoid cartilage.l
Fra:0 Mem:2035.51M (Peak 2035.51M) | Time:00:01.26 | Syncing QA:Arytenoid cartilage.r
Fra:0 Mem:2035.99M (Peak 2035.99M) | Time:00:01.26 | Syncing QA:Ascending part of trapezius mu
Fra:0 Mem:2036.53M (Peak 2036.53M) | Time:00:01.26 | Syncing QA:Ascending part of trapezius mu
Fra:0 Mem:2037.06M (Peak 2037.06M) | Time:00:01.26 | Syncing QA:Atlas (C1)
Fra:0 Mem:2037.40M (Peak 2037.40M) | Time:00:01.26 | Syncing QA:Axis (C2)
Fra:0 Mem:2037.74M (Peak 2037.74M) | Time:00:01.26 | Syncing QA:Bicipitoradial bursa.l
Fra:0 Mem:2037.99M (Peak 2037.99M) | Time:00:01.27 | Syncing QA:Bicipitoradial bursa.r
Fra:0 Mem:2038.23M (Peak 2038.23M) | Time:00:01.27 | Syncing QA:Body of sternum
Fra:0 Mem:2038.76M (Peak 2038.76M) | Time:00:01.27 | Syncing QA:Brachial fascia.l
Fra:0 Mem:2039.18M (Peak 2039.18M) | Time:00:01.27 | Syncing QA:Brachial fascia.r
Fra:0 Mem:2039.59M (Peak 2039.59M) | Time:00:01.27 | Syncing QA:Brachialis muscle.l
Fra:0 Mem:2040.04M (Peak 2040.04M) | Time:00:01.27 | Syncing QA:Brachialis muscle.r
Fra:0 Mem:2040.48M (Peak 2040.48M) | Time:00:01.27 | Syncing QA:Brachioradialis muscle.l
Fra:0 Mem:2041.25M (Peak 2041.25M) | Time:00:01.27 | Syncing QA:Brachioradialis muscle.r
Fra:0 Mem:2042.01M (Peak 2042.01M) | Time:00:01.27 | Syncing QA:Bucinator.l
Fra:0 Mem:2042.24M (Peak 2042.24M) | Time:00:01.27 | Syncing QA:Bucinator.r
Fra:0 Mem:2042.46M (Peak 2042.46M) | Time:00:01.27 | Syncing QA:Bursa of piriformis muscle.l
Fra:0 Mem:2042.71M (Peak 2042.71M) | Time:00:01.27 | Syncing QA:Bursa of piriformis muscle.r
Fra:0 Mem:2042.95M (Peak 2042.95M) | Time:00:01.27 | Syncing QA:Calcaneal tendon.l
Fra:0 Mem:2043.47M (Peak 2043.47M) | Time:00:01.27 | Syncing QA:Calcaneal tendon.r
Fra:0 Mem:2043.99M (Peak 2043.99M) | Time:00:01.27 | Syncing QA:Calcaneus.l
Fra:0 Mem:2044.26M (Peak 2044.26M) | Time:00:01.27 | Syncing QA:Calcaneus.r
Fra:0 Mem:2044.53M (Peak 2044.53M) | Time:00:01.27 | Syncing QA:Capitate bone.l
Fra:0 Mem:2044.72M (Peak 2044.72M) | Time:00:01.27 | Syncing QA:Capitate bone.r
Fra:0 Mem:2044.91M (Peak 2044.91M) | Time:00:01.27 | Syncing QA:Clavicle.l
Fra:0 Mem:2045.19M (Peak 2045.19M) | Time:00:01.27 | Syncing QA:Clavicle.r
Fra:0 Mem:2045.48M (Peak 2045.48M) | Time:00:01.27 | Syncing QA:Clavicular head of pectoralis 
Fra:0 Mem:2045.70M (Peak 2045.70M) | Time:00:01.27 | Syncing QA:Clavicular head of pectoralis 
Fra:0 Mem:2045.92M (Peak 2045.92M) | Time:00:01.27 | Syncing QA:Clavicular part of deltoid mus
Fra:0 Mem:2046.31M (Peak 2046.31M) | Time:00:01.27 | Syncing QA:Clavicular part of deltoid mus
Fra:0 Mem:2046.71M (Peak 2046.71M) | Time:00:01.27 | Syncing QA:Clavipectoral fascia.l
Fra:0 Mem:2046.94M (Peak 2046.94M) | Time:00:01.27 | Syncing QA:Clavipectoral fascia.r
Fra:0 Mem:2047.18M (Peak 2047.18M) | Time:00:01.27 | Syncing QA:Coccygeus muscle.l
Fra:0 Mem:2047.41M (Peak 2047.41M) | Time:00:01.27 | Syncing QA:Coccygeus muscle.r
Fra:0 Mem:2047.65M (Peak 2047.65M) | Time:00:01.27 | Syncing QA:Coccyx
Fra:0 Mem:2047.90M (Peak 2047.90M) | Time:00:01.27 | Syncing QA:Common flexor tendon sheath.l
Fra:0 Mem:2048.10M (Peak 2048.10M) | Time:00:01.27 | Syncing QA:Common flexor tendon sheath.r
Fra:0 Mem:2049.16M (Peak 2049.21M) | Time:00:01.27 | Syncing QA:Common tendinous ring.l
Fra:0 Mem:2049.36M (Peak 2049.36M) | Time:00:01.27 | Syncing QA:Common tendinous ring.r
Fra:0 Mem:2049.55M (Peak 2049.55M) | Time:00:01.27 | Syncing QA:Common tendon sheath of fibula
Fra:0 Mem:2049.80M (Peak 2049.80M) | Time:00:01.27 | Syncing QA:Common tendon sheath of fibula
Fra:0 Mem:2050.05M (Peak 2050.05M) | Time:00:01.27 | Syncing QA:Coracobrachial bursa.l
Fra:0 Mem:2050.30M (Peak 2050.30M) | Time:00:01.27 | Syncing QA:Coracobrachial bursa.r
Fra:0 Mem:2050.54M (Peak 2050.54M) | Time:00:01.27 | Syncing QA:Coracobrachialis muscle.l
Fra:0 Mem:2050.79M (Peak 2050.79M) | Time:00:01.27 | Syncing QA:Coracobrachialis muscle.r
Fra:0 Mem:2051.04M (Peak 2051.04M) | Time:00:01.27 | Syncing QA:Corniculate cartilage.l
Fra:0 Mem:2051.21M (Peak 2051.21M) | Time:00:01.27 | Syncing QA:Corniculate cartilage.r
Fra:0 Mem:2051.37M (Peak 2051.37M) | Time:00:01.27 | Syncing QA:Corrugator supercilii.l
Fra:0 Mem:2051.55M (Peak 2051.55M) | Time:00:01.27 | Syncing QA:Corrugator supercilii.r
Fra:0 Mem:2051.72M (Peak 2051.72M) | Time:00:01.27 | Syncing QA:Costal cartilage of eighth rib
Fra:0 Mem:2052.04M (Peak 2052.04M) | Time:00:01.27 | Syncing QA:Costal cartilage of eighth rib
Fra:0 Mem:2052.36M (Peak 2052.36M) | Time:00:01.27 | Syncing QA:Costal cartilage of fifth rib.
Fra:0 Mem:2052.93M (Peak 2052.93M) | Time:00:01.27 | Syncing QA:Costal cartilage of fifth rib.
Fra:0 Mem:2053.51M (Peak 2053.51M) | Time:00:01.27 | Syncing QA:Costal cartilage of first rib.
Fra:0 Mem:2053.84M (Peak 2053.84M) | Time:00:01.27 | Syncing QA:Costal cartilage of first rib.
Fra:0 Mem:2054.17M (Peak 2054.17M) | Time:00:01.27 | Syncing QA:Costal cartilage of fourth rib
Fra:0 Mem:2054.61M (Peak 2054.61M) | Time:00:01.27 | Syncing QA:Costal cartilage of fourth rib
Fra:0 Mem:2055.05M (Peak 2055.05M) | Time:00:01.27 | Syncing QA:Costal cartilage of ninth rib.
Fra:0 Mem:2055.33M (Peak 2055.33M) | Time:00:01.27 | Syncing QA:Costal cartilage of ninth rib.
Fra:0 Mem:2055.61M (Peak 2055.61M) | Time:00:01.27 | Syncing QA:Costal cartilage of second rib
Fra:0 Mem:2055.98M (Peak 2055.98M) | Time:00:01.27 | Syncing QA:Costal cartilage of second rib
Fra:0 Mem:2056.35M (Peak 2056.35M) | Time:00:01.27 | Syncing QA:Costal cartilage of seventh ri
Fra:0 Mem:2057.40M (Peak 2057.44M) | Time:00:01.27 | Syncing QA:Costal cartilage of seventh ri
Fra:0 Mem:2058.44M (Peak 2058.49M) | Time:00:01.27 | Syncing QA:Costal cartilage of sixth rib.
Fra:0 Mem:2059.12M (Peak 2059.12M) | Time:00:01.27 | Syncing QA:Costal cartilage of sixth rib.
Fra:0 Mem:2059.80M (Peak 2059.80M) | Time:00:01.27 | Syncing QA:Costal cartilage of tenth rib.
Fra:0 Mem:2060.05M (Peak 2060.05M) | Time:00:01.27 | Syncing QA:Costal cartilage of tenth rib.
Fra:0 Mem:2060.30M (Peak 2060.30M) | Time:00:01.27 | Syncing QA:Costal cartilage of third rib.
Fra:0 Mem:2060.68M (Peak 2060.68M) | Time:00:01.27 | Syncing QA:Costal cartilage of third rib.
Fra:0 Mem:2061.06M (Peak 2061.06M) | Time:00:01.27 | Syncing QA:Cricoid cartilage
Fra:0 Mem:2061.43M (Peak 2061.43M) | Time:00:01.27 | Syncing QA:Cruciform part of fibrous shea
Fra:0 Mem:2061.89M (Peak 2061.89M) | Time:00:01.27 | Syncing QA:Cruciform part of fibrous shea
Fra:0 Mem:2062.35M (Peak 2062.35M) | Time:00:01.27 | Syncing QA:Crural fascia.l
Fra:0 Mem:2063.46M (Peak 2063.46M) | Time:00:01.27 | Syncing QA:Crural fascia.r
Fra:0 Mem:2064.57M (Peak 2064.57M) | Time:00:01.28 | Syncing QA:Cuboid bone.l
Fra:0 Mem:2064.81M (Peak 2064.81M) | Time:00:01.28 | Syncing QA:Cuboid bone.r
Fra:0 Mem:2065.04M (Peak 2065.04M) | Time:00:01.28 | Syncing QA:Deep head of flexor pollicis b
Fra:0 Mem:2065.25M (Peak 2065.25M) | Time:00:01.28 | Syncing QA:Deep head of flexor pollicis b
Fra:0 Mem:2065.47M (Peak 2065.47M) | Time:00:01.28 | Syncing QA:Deep head of pronator teres.l
Fra:0 Mem:2065.71M (Peak 2065.71M) | Time:00:01.28 | Syncing QA:Deep head of pronator teres.r
Fra:0 Mem:2065.96M (Peak 2065.96M) | Time:00:01.28 | Syncing QA:Deep infrapatellar bursa.l
Fra:0 Mem:2066.17M (Peak 2066.17M) | Time:00:01.28 | Syncing QA:Deep infrapatellar bursa.r
Fra:0 Mem:2066.39M (Peak 2066.39M) | Time:00:01.28 | Syncing QA:Deep part of masseter.l
Fra:0 Mem:2066.62M (Peak 2066.62M) | Time:00:01.28 | Syncing QA:Deep part of masseter.r
Fra:0 Mem:2066.85M (Peak 2066.85M) | Time:00:01.28 | Syncing QA:Deltoid fascia.l
Fra:0 Mem:2067.32M (Peak 2067.32M) | Time:00:01.28 | Syncing QA:Deltoid fascia.r
Fra:0 Mem:2067.79M (Peak 2067.79M) | Time:00:01.28 | Syncing QA:Depressor anguli oris.l
Fra:0 Mem:2067.99M (Peak 2067.99M) | Time:00:01.28 | Syncing QA:Depressor anguli oris.r
Fra:0 Mem:2068.19M (Peak 2068.19M) | Time:00:01.28 | Syncing QA:Depressor labii inferioris.l
Fra:0 Mem:2068.41M (Peak 2068.41M) | Time:00:01.28 | Syncing QA:Depressor labii inferioris.r
Fra:0 Mem:2068.63M (Peak 2068.63M) | Time:00:01.28 | Syncing QA:Depressor septi nasi.l
Fra:0 Mem:2068.80M (Peak 2068.80M) | Time:00:01.28 | Syncing QA:Depressor septi nasi.r
Fra:0 Mem:2068.98M (Peak 2068.98M) | Time:00:01.28 | Syncing QA:Descending part of trapezius m
Fra:0 Mem:2069.70M (Peak 2069.70M) | Time:00:01.28 | Syncing QA:Descending part of trapezius m
Fra:0 Mem:2070.41M (Peak 2070.41M) | Time:00:01.28 | Syncing QA:Diaphragm
Fra:0 Mem:2073.09M (Peak 2073.09M) | Time:00:01.28 | Syncing QA:Diaphragmatic fascia
Fra:0 Mem:2073.66M (Peak 2073.66M) | Time:00:01.28 | Syncing QA:Distal phalanx of fifth finger
Fra:0 Mem:2073.83M (Peak 2073.83M) | Time:00:01.28 | Syncing QA:Distal phalanx of fifth finger
Fra:0 Mem:2074.00M (Peak 2074.00M) | Time:00:01.28 | Syncing QA:Distal phalanx of fifth finger
Fra:0 Mem:2074.16M (Peak 2074.16M) | Time:00:01.28 | Syncing QA:Distal phalanx of fifth finger
Fra:0 Mem:2074.33M (Peak 2074.33M) | Time:00:01.28 | Syncing QA:Distal phalanx of first finger
Fra:0 Mem:2074.52M (Peak 2074.52M) | Time:00:01.28 | Syncing QA:Distal phalanx of first finger
Fra:0 Mem:2074.71M (Peak 2074.71M) | Time:00:01.28 | Syncing QA:Distal phalanx of first finger
Fra:0 Mem:2074.88M (Peak 2074.88M) | Time:00:01.28 | Syncing QA:Distal phalanx of first finger
Fra:0 Mem:2075.05M (Peak 2075.05M) | Time:00:01.28 | Syncing QA:Distal phalanx of fourth finge
Fra:0 Mem:2075.22M (Peak 2075.22M) | Time:00:01.28 | Syncing QA:Distal phalanx of fourth finge
Fra:0 Mem:2075.40M (Peak 2075.40M) | Time:00:01.28 | Syncing QA:Distal phalanx of fourth finge
Fra:0 Mem:2075.56M (Peak 2075.56M) | Time:00:01.28 | Syncing QA:Distal phalanx of fourth finge
Fra:0 Mem:2075.72M (Peak 2075.72M) | Time:00:01.28 | Syncing QA:Distal phalanx of second finge
Fra:0 Mem:2075.89M (Peak 2075.89M) | Time:00:01.28 | Syncing QA:Distal phalanx of second finge
Fra:0 Mem:2076.06M (Peak 2076.06M) | Time:00:01.28 | Syncing QA:Distal phalanx of second finge
Fra:0 Mem:2076.23M (Peak 2076.23M) | Time:00:01.28 | Syncing QA:Distal phalanx of second finge
Fra:0 Mem:2076.40M (Peak 2076.40M) | Time:00:01.28 | Syncing QA:Distal phalanx of third finger
Fra:0 Mem:2076.58M (Peak 2076.58M) | Time:00:01.28 | Syncing QA:Distal phalanx of third finger
Fra:0 Mem:2076.76M (Peak 2076.76M) | Time:00:01.28 | Syncing QA:Distal phalanx of third finger
Fra:0 Mem:2076.93M (Peak 2076.93M) | Time:00:01.28 | Syncing QA:Distal phalanx of third finger
Fra:0 Mem:2077.09M (Peak 2077.09M) | Time:00:01.28 | Syncing QA:Dorsal fascia of hand.l
Fra:0 Mem:2077.37M (Peak 2077.37M) | Time:00:01.28 | Syncing QA:Dorsal fascia of hand.r
Fra:0 Mem:2077.65M (Peak 2077.65M) | Time:00:01.28 | Syncing QA:Dorsal interossei muscles of f
Fra:0 Mem:2077.96M (Peak 2077.96M) | Time:00:01.28 | Syncing QA:Dorsal interossei muscles of f
Fra:0 Mem:2078.28M (Peak 2078.28M) | Time:00:01.28 | Syncing QA:Dorsal interossei muscles of h
Fra:0 Mem:2078.54M (Peak 2078.54M) | Time:00:01.28 | Syncing QA:Dorsal interossei muscles of h
Fra:0 Mem:2078.81M (Peak 2078.81M) | Time:00:01.28 | Syncing QA:Dorsal parts of lateral intert
Fra:0 Mem:2079.02M (Peak 2079.02M) | Time:00:01.28 | Syncing QA:Dorsal parts of lateral intert
Fra:0 Mem:2079.23M (Peak 2079.23M) | Time:00:01.28 | Syncing QA:Eighth rib.l
Fra:0 Mem:2080.08M (Peak 2080.08M) | Time:00:01.28 | Syncing QA:Eighth rib.r
Fra:0 Mem:2080.92M (Peak 2080.92M) | Time:00:01.28 | Syncing QA:Eleventh rib.l
Fra:0 Mem:2081.50M (Peak 2081.50M) | Time:00:01.28 | Syncing QA:Eleventh rib.r
Fra:0 Mem:2082.07M (Peak 2082.07M) | Time:00:01.28 | Syncing QA:Epicranial aponeurosis.l
Fra:0 Mem:2083.91M (Peak 2083.91M) | Time:00:01.28 | Syncing QA:Epicranial aponeurosis.r
Fra:0 Mem:2085.75M (Peak 2085.75M) | Time:00:01.28 | Syncing QA:Ethmoid bone
Fra:0 Mem:2086.62M (Peak 2086.62M) | Time:00:01.28 | Syncing QA:Extensor carpi radialis brevis
Fra:0 Mem:2087.04M (Peak 2087.04M) | Time:00:01.28 | Syncing QA:Extensor carpi radialis brevis
Fra:0 Mem:2087.45M (Peak 2087.45M) | Time:00:01.28 | Syncing QA:Extensor carpi radialis longus
Fra:0 Mem:2087.92M (Peak 2087.92M) | Time:00:01.28 | Syncing QA:Extensor carpi radialis longus
Fra:0 Mem:2088.38M (Peak 2088.38M) | Time:00:01.28 | Syncing QA:Extensor digiti minimi.l
Fra:0 Mem:2088.71M (Peak 2088.71M) | Time:00:01.28 | Syncing QA:Extensor digiti minimi.r
Fra:0 Mem:2089.04M (Peak 2089.04M) | Time:00:01.28 | Syncing QA:Extensor digitorum brevis.l
Fra:0 Mem:2089.46M (Peak 2089.46M) | Time:00:01.28 | Syncing QA:Extensor digitorum brevis.r
Fra:0 Mem:2089.88M (Peak 2089.88M) | Time:00:01.28 | Syncing QA:Extensor digitorum longus.l
Fra:0 Mem:2090.30M (Peak 2090.30M) | Time:00:01.28 | Syncing QA:Extensor digitorum longus.r
Fra:0 Mem:2090.71M (Peak 2090.71M) | Time:00:01.28 | Syncing QA:Extensor digitorum.l
Fra:0 Mem:2091.40M (Peak 2091.40M) | Time:00:01.28 | Syncing QA:Extensor digitorum.r
Fra:0 Mem:2092.09M (Peak 2092.09M) | Time:00:01.29 | Syncing QA:Extensor hallucis brevis.l
Fra:0 Mem:2092.34M (Peak 2092.34M) | Time:00:01.29 | Syncing QA:Extensor hallucis brevis.r
Fra:0 Mem:2092.58M (Peak 2092.58M) | Time:00:01.29 | Syncing QA:Extensor hallucis longus.l
Fra:0 Mem:2092.93M (Peak 2092.93M) | Time:00:01.29 | Syncing QA:Extensor hallucis longus.r
Fra:0 Mem:2093.28M (Peak 2093.28M) | Time:00:01.29 | Syncing QA:Extensor indicis.l
Fra:0 Mem:2093.53M (Peak 2093.53M) | Time:00:01.29 | Syncing QA:Extensor indicis.r
Fra:0 Mem:2093.77M (Peak 2093.77M) | Time:00:01.29 | Syncing QA:Extensor pollicis brevis.l
Fra:0 Mem:2094.02M (Peak 2094.02M) | Time:00:01.29 | Syncing QA:Extensor pollicis brevis.r
Fra:0 Mem:2094.27M (Peak 2094.27M) | Time:00:01.29 | Syncing QA:Extensor pollicis longus.l
Fra:0 Mem:2094.56M (Peak 2094.56M) | Time:00:01.29 | Syncing QA:Extensor pollicis longus.r
Fra:0 Mem:2094.84M (Peak 2094.84M) | Time:00:01.29 | Syncing QA:Extensor retinaculum of wrist.
Fra:0 Mem:2095.03M (Peak 2095.03M) | Time:00:01.29 | Syncing QA:Extensor retinaculum of wrist.
Fra:0 Mem:2095.21M (Peak 2095.21M) | Time:00:01.29 | Syncing QA:External abdominal oblique mus
Fra:0 Mem:2097.85M (Peak 2097.85M) | Time:00:01.29 | Syncing QA:External abdominal oblique mus
Fra:0 Mem:2100.49M (Peak 2100.49M) | Time:00:01.29 | Syncing QA:External anal sphincter.l
Fra:0 Mem:2100.66M (Peak 2100.66M) | Time:00:01.29 | Syncing QA:External anal sphincter.r
Fra:0 Mem:2100.83M (Peak 2100.83M) | Time:00:01.29 | Syncing QA:External intercostal muscles.l
Fra:0 Mem:2104.46M (Peak 2104.61M) | Time:00:01.29 | Syncing QA:External intercostal muscles.r
Fra:0 Mem:2108.09M (Peak 2108.24M) | Time:00:01.29 | Syncing QA:External part of thyro-aryteno
Fra:0 Mem:2108.51M (Peak 2108.51M) | Time:00:01.29 | Syncing QA:External part of thyro-aryteno
Fra:0 Mem:2108.92M (Peak 2108.92M) | Time:00:01.29 | Syncing QA:Fascia lata.l
Fra:0 Mem:2110.21M (Peak 2110.21M) | Time:00:01.29 | Syncing QA:Fascia lata.r
Fra:0 Mem:2111.50M (Peak 2111.50M) | Time:00:01.29 | Syncing QA:Femur.l
Fra:0 Mem:2111.97M (Peak 2111.97M) | Time:00:01.29 | Syncing QA:Femur.r
Fra:0 Mem:2112.44M (Peak 2112.44M) | Time:00:01.29 | Syncing QA:Fibula.l
Fra:0 Mem:2112.70M (Peak 2112.70M) | Time:00:01.29 | Syncing QA:Fibula.r
Fra:0 Mem:2112.95M (Peak 2112.95M) | Time:00:01.29 | Syncing QA:Fibularis brevis muscle.l
Fra:0 Mem:2113.40M (Peak 2113.40M) | Time:00:01.29 | Syncing QA:Fibularis brevis muscle.r
Fra:0 Mem:2113.84M (Peak 2113.84M) | Time:00:01.29 | Syncing QA:Fibularis longus muscle.l
Fra:0 Mem:2114.45M (Peak 2114.45M) | Time:00:01.29 | Syncing QA:Fibularis longus muscle.r
Fra:0 Mem:2115.07M (Peak 2115.07M) | Time:00:01.29 | Syncing QA:Fibularis tertius muscle.l
Fra:0 Mem:2115.27M (Peak 2115.27M) | Time:00:01.29 | Syncing QA:Fibularis tertius muscle.r
Fra:0 Mem:2115.47M (Peak 2115.47M) | Time:00:01.29 | Syncing QA:Fifth metacarpal bone.l
Fra:0 Mem:2115.66M (Peak 2115.66M) | Time:00:01.29 | Syncing QA:Fifth metacarpal bone.r
Fra:0 Mem:2115.85M (Peak 2115.85M) | Time:00:01.29 | Syncing QA:Fifth metatarsal bone.l
Fra:0 Mem:2116.08M (Peak 2116.08M) | Time:00:01.29 | Syncing QA:Fifth metatarsal bone.r
Fra:0 Mem:2116.30M (Peak 2116.30M) | Time:00:01.29 | Syncing QA:Fifth rib.l
Fra:0 Mem:2117.24M (Peak 2117.24M) | Time:00:01.29 | Syncing QA:Fifth rib.r
Fra:0 Mem:2118.18M (Peak 2118.18M) | Time:00:01.29 | Syncing QA:First metacarpal bone.l
Fra:0 Mem:2118.39M (Peak 2118.39M) | Time:00:01.29 | Syncing QA:First metacarpal bone.r
Fra:0 Mem:2118.60M (Peak 2118.60M) | Time:00:01.29 | Syncing QA:First metatarsal bone.l
Fra:0 Mem:2118.84M (Peak 2118.84M) | Time:00:01.29 | Syncing QA:First metatarsal bone.r
Fra:0 Mem:2119.08M (Peak 2119.08M) | Time:00:01.29 | Syncing QA:First rib.l
Fra:0 Mem:2119.50M (Peak 2119.50M) | Time:00:01.30 | Syncing QA:First rib.r
Fra:0 Mem:2119.92M (Peak 2119.92M) | Time:00:01.30 | Syncing QA:Flexor carpi radialis.l
Fra:0 Mem:2120.21M (Peak 2120.21M) | Time:00:01.30 | Syncing QA:Flexor carpi radialis.r
Fra:0 Mem:2120.50M (Peak 2120.50M) | Time:00:01.30 | Syncing QA:Flexor digiti minimi of foot.l
Fra:0 Mem:2120.69M (Peak 2120.69M) | Time:00:01.30 | Syncing QA:Flexor digiti minimi of foot.r
Fra:0 Mem:2120.88M (Peak 2120.88M) | Time:00:01.30 | Syncing QA:Flexor digiti minimi of hand.l
Fra:0 Mem:2121.06M (Peak 2121.06M) | Time:00:01.30 | Syncing QA:Flexor digiti minimi of hand.r
Fra:0 Mem:2121.23M (Peak 2121.23M) | Time:00:01.30 | Syncing QA:Flexor digitorum brevis.l
Fra:0 Mem:2121.66M (Peak 2121.66M) | Time:00:01.30 | Syncing QA:Flexor digitorum brevis.r
Fra:0 Mem:2122.08M (Peak 2122.08M) | Time:00:01.30 | Syncing QA:Flexor digitorum longus.l
Fra:0 Mem:2122.80M (Peak 2122.80M) | Time:00:01.30 | Syncing QA:Flexor digitorum longus.r
Fra:0 Mem:2123.53M (Peak 2123.53M) | Time:00:01.30 | Syncing QA:Flexor digitorum profundus.l
Fra:0 Mem:2124.28M (Peak 2124.28M) | Time:00:01.30 | Syncing QA:Flexor digitorum profundus.r
Fra:0 Mem:2125.03M (Peak 2125.03M) | Time:00:01.30 | Syncing QA:Flexor hallucis longus.l
Fra:0 Mem:2125.67M (Peak 2125.67M) | Time:00:01.30 | Syncing QA:Flexor hallucis longus.r
Fra:0 Mem:2126.32M (Peak 2126.32M) | Time:00:01.30 | Syncing QA:Flexor pollicis longus.l
Fra:0 Mem:2126.61M (Peak 2126.61M) | Time:00:01.30 | Syncing QA:Flexor pollicis longus.r
Fra:0 Mem:2126.90M (Peak 2126.90M) | Time:00:01.30 | Syncing QA:Flexor retinaculum of ankle.l
Fra:0 Mem:2127.11M (Peak 2127.11M) | Time:00:01.30 | Syncing QA:Flexor retinaculum of ankle.r
Fra:0 Mem:2127.32M (Peak 2127.32M) | Time:00:01.30 | Syncing QA:Flexor retinaculum of wrist.l
Fra:0 Mem:2127.52M (Peak 2127.52M) | Time:00:01.30 | Syncing QA:Flexor retinaculum of wrist.r
Fra:0 Mem:2127.72M (Peak 2127.72M) | Time:00:01.30 | Syncing QA:Fourth metacarpal bone.l
Fra:0 Mem:2127.92M (Peak 2127.92M) | Time:00:01.30 | Syncing QA:Fourth metacarpal bone.r
Fra:0 Mem:2128.13M (Peak 2128.13M) | Time:00:01.30 | Syncing QA:Fourth metatarsal bone.l
Fra:0 Mem:2128.34M (Peak 2128.34M) | Time:00:01.30 | Syncing QA:Fourth metatarsal bone.r
Fra:0 Mem:2128.56M (Peak 2128.56M) | Time:00:01.30 | Syncing QA:Fourth rib.l
Fra:0 Mem:2129.44M (Peak 2129.44M) | Time:00:01.30 | Syncing QA:Fourth rib.r
Fra:0 Mem:2130.31M (Peak 2130.31M) | Time:00:01.30 | Syncing QA:Frontal bone
Fra:0 Mem:2131.12M (Peak 2131.12M) | Time:00:01.30 | Syncing QA:Frontalis muscle.l
Fra:0 Mem:2131.77M (Peak 2131.77M) | Time:00:01.30 | Syncing QA:Frontalis muscle.r
Fra:0 Mem:2132.41M (Peak 2132.41M) | Time:00:01.30 | Syncing QA:Genioglossus muscle.l
Fra:0 Mem:2133.01M (Peak 2133.01M) | Time:00:01.30 | Syncing QA:Genioglossus muscle.r
Fra:0 Mem:2133.60M (Peak 2133.60M) | Time:00:01.30 | Syncing QA:Geniohyoid muscle.l
Fra:0 Mem:2133.80M (Peak 2133.80M) | Time:00:01.30 | Syncing QA:Geniohyoid muscle.r
Fra:0 Mem:2133.99M (Peak 2133.99M) | Time:00:01.30 | Syncing QA:Gluteus maximus muscle.l
Fra:0 Mem:2134.42M (Peak 2134.42M) | Time:00:01.30 | Syncing QA:Gluteus maximus muscle.r
Fra:0 Mem:2134.85M (Peak 2134.85M) | Time:00:01.30 | Syncing QA:Gluteus medius muscle.l
Fra:0 Mem:2135.44M (Peak 2135.44M) | Time:00:01.30 | Syncing QA:Gluteus medius muscle.r
Fra:0 Mem:2136.02M (Peak 2136.02M) | Time:00:01.30 | Syncing QA:Gluteus minimus muscle.l
Fra:0 Mem:2136.70M (Peak 2136.70M) | Time:00:01.30 | Syncing QA:Gluteus minimus muscle.r
Fra:0 Mem:2137.38M (Peak 2137.38M) | Time:00:01.30 | Syncing QA:Gracilis muscle.l
Fra:0 Mem:2137.93M (Peak 2137.93M) | Time:00:01.30 | Syncing QA:Gracilis muscle.r
Fra:0 Mem:2138.49M (Peak 2138.49M) | Time:00:01.30 | Syncing QA:Hamate bone.l
Fra:0 Mem:2138.68M (Peak 2138.68M) | Time:00:01.30 | Syncing QA:Hamate bone.r
Fra:0 Mem:2138.88M (Peak 2138.88M) | Time:00:01.30 | Syncing QA:Hip bone.l
Fra:0 Mem:2139.34M (Peak 2139.34M) | Time:00:01.30 | Syncing QA:Hip bone.r
Fra:0 Mem:2139.80M (Peak 2139.80M) | Time:00:01.30 | Syncing QA:Humeral head of extensor carpi
Fra:0 Mem:2140.05M (Peak 2140.05M) | Time:00:01.30 | Syncing QA:Humeral head of extensor carpi
Fra:0 Mem:2140.30M (Peak 2140.30M) | Time:00:01.30 | Syncing QA:Humeral head of flexor carpi u
Fra:0 Mem:2140.78M (Peak 2140.78M) | Time:00:01.30 | Syncing QA:Humeral head of flexor carpi u
Fra:0 Mem:2141.26M (Peak 2141.26M) | Time:00:01.30 | Syncing QA:Humero-ulnar head of flexor di
Fra:0 Mem:2142.49M (Peak 2142.49M) | Time:00:01.30 | Syncing QA:Humero-ulnar head of flexor di
Fra:0 Mem:2143.71M (Peak 2143.71M) | Time:00:01.30 | Syncing QA:Humerus.l
Fra:0 Mem:2144.22M (Peak 2144.22M) | Time:00:01.31 | Syncing QA:Humerus.r
Fra:0 Mem:2144.73M (Peak 2144.73M) | Time:00:01.31 | Syncing QA:Hyoglossus muscle.l
Fra:0 Mem:2145.05M (Peak 2145.05M) | Time:00:01.31 | Syncing QA:Hyoglossus muscle.r
Fra:0 Mem:2145.37M (Peak 2145.37M) | Time:00:01.31 | Syncing QA:Hyoid bone
Fra:0 Mem:2145.63M (Peak 2145.63M) | Time:00:01.31 | Syncing QA:Iliacus muscle.l
Fra:0 Mem:2146.15M (Peak 2146.15M) | Time:00:01.31 | Syncing QA:Iliacus muscle.r
Fra:0 Mem:2146.67M (Peak 2146.67M) | Time:00:01.31 | Syncing QA:Iliococcygeus muscle.l
Fra:0 Mem:2146.98M (Peak 2146.98M) | Time:00:01.31 | Syncing QA:Iliococcygeus muscle.r
Fra:0 Mem:2147.30M (Peak 2147.30M) | Time:00:01.31 | Syncing QA:Iliocostalis colli muscle
Fra:0 Mem:2147.62M (Peak 2147.62M) | Time:00:01.31 | Syncing QA:Iliocostalis colli muscle.r
Fra:0 Mem:2147.95M (Peak 2147.95M) | Time:00:01.31 | Syncing QA:Iliocostalis lumborum muscle.l
Fra:0 Mem:2148.94M (Peak 2148.97M) | Time:00:01.31 | Syncing QA:Iliocostalis lumborum muscle.r
Fra:0 Mem:2149.94M (Peak 2149.97M) | Time:00:01.31 | Syncing QA:Iliocostalis thoracis muscle.l
Fra:0 Mem:2150.57M (Peak 2150.57M) | Time:00:01.31 | Syncing QA:Iliocostalis thoracis muscle.r
Fra:0 Mem:2151.21M (Peak 2151.21M) | Time:00:01.31 | Syncing QA:Iliopectineal arch.l
Fra:0 Mem:2151.36M (Peak 2151.36M) | Time:00:01.31 | Syncing QA:Iliopectineal arch.r
Fra:0 Mem:2151.54M (Peak 2151.54M) | Time:00:01.31 | Syncing QA:Iliopsoas fascia.l
Fra:0 Mem:2151.83M (Peak 2151.83M) | Time:00:01.31 | Syncing QA:Iliopsoas fascia.r
Fra:0 Mem:2152.12M (Peak 2152.12M) | Time:00:01.31 | Syncing QA:Iliotibial tract.l
Fra:0 Mem:2156.36M (Peak 2156.54M) | Time:00:01.31 | Syncing QA:Iliotibial tract.r
Fra:0 Mem:2160.60M (Peak 2160.78M) | Time:00:01.31 | Syncing QA:Incus.l
Fra:0 Mem:2160.97M (Peak 2160.97M) | Time:00:01.31 | Syncing QA:Incus.r
Fra:0 Mem:2161.35M (Peak 2161.35M) | Time:00:01.31 | Syncing QA:Inferior extensor retinaculum 
Fra:0 Mem:2161.53M (Peak 2161.53M) | Time:00:01.31 | Syncing QA:Inferior extensor retinaculum 
Fra:0 Mem:2161.70M (Peak 2161.70M) | Time:00:01.31 | Syncing QA:Inferior fibular retinaculum.l
Fra:0 Mem:2161.86M (Peak 2161.86M) | Time:00:01.31 | Syncing QA:Inferior fibular retinaculum.r
Fra:0 Mem:2162.01M (Peak 2162.01M) | Time:00:01.31 | Syncing QA:Inferior gemellus muscle.l
Fra:0 Mem:2162.25M (Peak 2162.25M) | Time:00:01.31 | Syncing QA:Inferior gemellus muscle.r
Fra:0 Mem:2162.48M (Peak 2162.48M) | Time:00:01.31 | Syncing QA:Inferior head of lateral ptery
Fra:0 Mem:2162.66M (Peak 2162.66M) | Time:00:01.31 | Syncing QA:Inferior head of lateral ptery
Fra:0 Mem:2162.84M (Peak 2162.84M) | Time:00:01.31 | Syncing QA:Inferior nasal concha bone.l
Fra:0 Mem:2163.03M (Peak 2163.03M) | Time:00:01.31 | Syncing QA:Inferior nasal concha bone.r
Fra:0 Mem:2163.22M (Peak 2163.22M) | Time:00:01.31 | Syncing QA:Inferior oblique muscle.l
Fra:0 Mem:2163.50M (Peak 2163.50M) | Time:00:01.31 | Syncing QA:Inferior oblique muscle.r
Fra:0 Mem:2163.79M (Peak 2163.79M) | Time:00:01.31 | Syncing QA:Inferior pharyngeal constricto
Fra:0 Mem:2164.38M (Peak 2164.38M) | Time:00:01.31 | Syncing QA:Inferior pharyngeal constricto
Fra:0 Mem:2164.97M (Peak 2164.97M) | Time:00:01.31 | Syncing QA:Inferior rectus muscle.l
Fra:0 Mem:2165.32M (Peak 2165.32M) | Time:00:01.31 | Syncing QA:Inferior rectus muscle.r
Fra:0 Mem:2165.68M (Peak 2165.68M) | Time:00:01.32 | Syncing QA:Inferior subtendinous bursa of
Fra:0 Mem:2165.89M (Peak 2165.89M) | Time:00:01.32 | Syncing QA:Inferior subtendinous bursa of
Fra:0 Mem:2166.11M (Peak 2166.11M) | Time:00:01.32 | Syncing QA:Inferior tarsus.l
Fra:0 Mem:2166.27M (Peak 2166.27M) | Time:00:01.32 | Syncing QA:Inferior tarsus.r
Fra:0 Mem:2166.44M (Peak 2166.44M) | Time:00:01.32 | Syncing QA:Infraspinatus muscle.l
Fra:0 Mem:2166.85M (Peak 2166.85M) | Time:00:01.32 | Syncing QA:Infraspinatus muscle.r
Fra:0 Mem:2167.27M (Peak 2167.27M) | Time:00:01.32 | Syncing QA:Inguinal ligament.l
Fra:0 Mem:2167.51M (Peak 2167.51M) | Time:00:01.32 | Syncing QA:Inguinal ligament.r
Fra:0 Mem:2167.75M (Peak 2167.75M) | Time:00:01.32 | Syncing QA:Innermost intercostal muscles.
Fra:0 Mem:2171.12M (Peak 2171.26M) | Time:00:01.32 | Syncing QA:Innermost intercostal muscles.
Fra:0 Mem:2174.48M (Peak 2174.62M) | Time:00:01.32 | Syncing QA:Intermediate cuneiform bone.l
Fra:0 Mem:2174.67M (Peak 2174.67M) | Time:00:01.32 | Syncing QA:Intermediate cuneiform bone.r
Fra:0 Mem:2174.86M (Peak 2174.86M) | Time:00:01.32 | Syncing QA:Intermediate tendon of digastr
Fra:0 Mem:2175.03M (Peak 2175.03M) | Time:00:01.32 | Syncing QA:Intermediate tendon of digastr
Fra:0 Mem:2175.20M (Peak 2175.20M) | Time:00:01.32 | Syncing QA:Intermuscular gluteal bursae.l
Fra:0 Mem:2175.43M (Peak 2175.43M) | Time:00:01.32 | Syncing QA:Intermuscular gluteal bursae.r
Fra:0 Mem:2175.90M (Peak 2175.90M) | Time:00:01.32 | Syncing QA:Internal abdominal oblique mus
Fra:0 Mem:2178.48M (Peak 2178.48M) | Time:00:01.32 | Syncing QA:Internal abdominal oblique mus
Fra:0 Mem:2181.06M (Peak 2181.06M) | Time:00:01.32 | Syncing QA:Internal intercostal muscles.l
Fra:0 Mem:2184.59M (Peak 2184.74M) | Time:00:01.32 | Syncing QA:Internal intercostal muscles.r
Fra:0 Mem:2188.12M (Peak 2188.27M) | Time:00:01.32 | Syncing QA:Interspinales colli muscles.l
Fra:0 Mem:2188.31M (Peak 2188.31M) | Time:00:01.32 | Syncing QA:Interspinales colli muscles.r
Fra:0 Mem:2188.50M (Peak 2188.50M) | Time:00:01.32 | Syncing QA:Interspinales lumborum muscles
Fra:0 Mem:2188.69M (Peak 2188.69M) | Time:00:01.32 | Syncing QA:Interspinales lumborum muscles
Fra:0 Mem:2188.89M (Peak 2188.89M) | Time:00:01.32 | Syncing QA:Interspinales thoracis muscles
Fra:0 Mem:2189.06M (Peak 2189.06M) | Time:00:01.32 | Syncing QA:Interspinales thoracis muscles
Fra:0 Mem:2189.23M (Peak 2189.23M) | Time:00:01.32 | Syncing QA:Intertubercular tendon sheath.
Fra:0 Mem:2189.43M (Peak 2189.43M) | Time:00:01.32 | Syncing QA:Intertubercular tendon sheath.
Fra:0 Mem:2189.64M (Peak 2189.64M) | Time:00:01.32 | Syncing QA:Investing abdominal fascia.l
Fra:0 Mem:2190.77M (Peak 2190.77M) | Time:00:01.32 | Syncing QA:Investing abdominal fascia.r
Fra:0 Mem:2191.90M (Peak 2191.90M) | Time:00:01.32 | Syncing QA:Lacrimal bone.l
Fra:0 Mem:2192.10M (Peak 2192.10M) | Time:00:01.32 | Syncing QA:Lacrimal bone.r
Fra:0 Mem:2192.30M (Peak 2192.30M) | Time:00:01.32 | Syncing QA:Lateral crico-arytenoid muscle
Fra:0 Mem:2192.64M (Peak 2192.64M) | Time:00:01.32 | Syncing QA:Lateral crico-arytenoid muscle
Fra:0 Mem:2192.98M (Peak 2192.98M) | Time:00:01.32 | Syncing QA:Lateral cuneiform bone.l
Fra:0 Mem:2193.22M (Peak 2193.22M) | Time:00:01.32 | Syncing QA:Lateral cuneiform bone.r
Fra:0 Mem:2193.42M (Peak 2193.42M) | Time:00:01.32 | Syncing QA:Lateral femoral intermuscular 
Fra:0 Mem:2193.62M (Peak 2193.62M) | Time:00:01.32 | Syncing QA:Lateral femoral intermuscular 
Fra:0 Mem:2193.83M (Peak 2193.83M) | Time:00:01.32 | Syncing QA:Lateral head of flexor halluci
Fra:0 Mem:2194.06M (Peak 2194.06M) | Time:00:01.32 | Syncing QA:Lateral head of flexor halluci
Fra:0 Mem:2194.29M (Peak 2194.29M) | Time:00:01.32 | Syncing QA:Lateral head of gastrocnemius.
Fra:0 Mem:2194.85M (Peak 2194.85M) | Time:00:01.32 | Syncing QA:Lateral head of gastrocnemius.
Fra:0 Mem:2195.42M (Peak 2195.42M) | Time:00:01.33 | Syncing QA:Lateral head of triceps brachi
Fra:0 Mem:2195.87M (Peak 2195.87M) | Time:00:01.33 | Syncing QA:Lateral head of triceps brachi
Fra:0 Mem:2196.33M (Peak 2196.33M) | Time:00:01.33 | Syncing QA:Lateral intermuscular septum o
Fra:0 Mem:2196.49M (Peak 2196.49M) | Time:00:01.33 | Syncing QA:Lateral intermuscular septum o
Fra:0 Mem:2196.66M (Peak 2196.66M) | Time:00:01.33 | Syncing QA:Lateral patellar retinaculum.l
Fra:0 Mem:2196.82M (Peak 2196.82M) | Time:00:01.33 | Syncing QA:Lateral patellar retinaculum.r
Fra:0 Mem:2196.98M (Peak 2196.98M) | Time:00:01.33 | Syncing QA:Lateral process of nasal septa
Fra:0 Mem:2197.16M (Peak 2197.16M) | Time:00:01.33 | Syncing QA:Lateral process of nasal septa
Fra:0 Mem:2197.34M (Peak 2197.34M) | Time:00:01.33 | Syncing QA:Lateral rectus muscle.l
Fra:0 Mem:2197.68M (Peak 2197.68M) | Time:00:01.33 | Syncing QA:Lateral rectus muscle.r
Fra:0 Mem:2198.02M (Peak 2198.02M) | Time:00:01.33 | Syncing QA:Lateral subtendinous bursa of 
Fra:0 Mem:2198.23M (Peak 2198.23M) | Time:00:01.33 | Syncing QA:Lateral subtendinous bursa of 
Fra:0 Mem:2198.45M (Peak 2198.45M) | Time:00:01.33 | Syncing QA:Latissimus dorsi muscle.l
Fra:0 Mem:2200.41M (Peak 2200.41M) | Time:00:01.33 | Syncing QA:Latissimus dorsi muscle.r
Fra:0 Mem:2202.38M (Peak 2202.38M) | Time:00:01.33 | Syncing QA:Levator anguli oris.l
Fra:0 Mem:2202.56M (Peak 2202.56M) | Time:00:01.33 | Syncing QA:Levator anguli oris.r
Fra:0 Mem:2202.73M (Peak 2202.73M) | Time:00:01.33 | Syncing QA:Levator labii superioris.l
Fra:0 Mem:2202.93M (Peak 2202.93M) | Time:00:01.33 | Syncing QA:Levator labii superioris.r
Fra:0 Mem:2203.13M (Peak 2203.13M) | Time:00:01.33 | Syncing QA:Levator nasolabialis.l
Fra:0 Mem:2203.29M (Peak 2203.29M) | Time:00:01.33 | Syncing QA:Levator nasolabialis.r
Fra:0 Mem:2203.46M (Peak 2203.46M) | Time:00:01.33 | Syncing QA:Levator palpebrae superioris.l
Fra:0 Mem:2203.86M (Peak 2203.86M) | Time:00:01.33 | Syncing QA:Levator palpebrae superioris.r
Fra:0 Mem:2204.27M (Peak 2204.27M) | Time:00:01.33 | Syncing QA:Levator scapulae.l
Fra:0 Mem:2204.68M (Peak 2204.68M) | Time:00:01.33 | Syncing QA:Levator scapulae.r
Fra:0 Mem:2205.09M (Peak 2205.09M) | Time:00:01.33 | Syncing QA:Levatores breves costarum.l
Fra:0 Mem:2205.46M (Peak 2205.46M) | Time:00:01.33 | Syncing QA:Levatores breves costarum.r
Fra:0 Mem:2205.84M (Peak 2205.84M) | Time:00:01.33 | Syncing QA:Levatores longi costarum.l
Fra:0 Mem:2206.49M (Peak 2206.49M) | Time:00:01.33 | Syncing QA:Levatores longi costarum.r
Fra:0 Mem:2207.14M (Peak 2207.14M) | Time:00:01.33 | Syncing QA:Linea alba
Fra:0 Mem:2207.32M (Peak 2207.32M) | Time:00:01.33 | Syncing QA:Long head of biceps brachii.l
Fra:0 Mem:2207.74M (Peak 2207.74M) | Time:00:01.33 | Syncing QA:Long head of biceps brachii.r
Fra:0 Mem:2208.16M (Peak 2208.16M) | Time:00:01.33 | Syncing QA:Long head of biceps femoris.l
Fra:0 Mem:2208.92M (Peak 2208.92M) | Time:00:01.33 | Syncing QA:Long head of biceps femoris.r
Fra:0 Mem:2209.68M (Peak 2209.68M) | Time:00:01.33 | Syncing QA:Long head of triceps brachii.l
Fra:0 Mem:2210.17M (Peak 2210.17M) | Time:00:01.33 | Syncing QA:Long head of triceps brachii.r
Fra:0 Mem:2210.65M (Peak 2210.65M) | Time:00:01.33 | Syncing QA:Longissimus capitis muscle.l
Fra:0 Mem:2210.93M (Peak 2210.93M) | Time:00:01.33 | Syncing QA:Longissimus capitis muscle.r
Fra:0 Mem:2211.21M (Peak 2211.21M) | Time:00:01.33 | Syncing QA:Longissimus colli muscle.l
Fra:0 Mem:2211.52M (Peak 2211.52M) | Time:00:01.33 | Syncing QA:Longissimus colli muscle.r
Fra:0 Mem:2211.82M (Peak 2211.82M) | Time:00:01.33 | Syncing QA:Longissimus thoracis muscle.l
Fra:0 Mem:2212.78M (Peak 2212.78M) | Time:00:01.33 | Syncing QA:Longissimus thoracis muscle.r
Fra:0 Mem:2213.75M (Peak 2213.75M) | Time:00:01.33 | Syncing QA:Longus capitis muscle.l
Fra:0 Mem:2214.06M (Peak 2214.06M) | Time:00:01.33 | Syncing QA:Longus capitis muscle.r
Fra:0 Mem:2214.38M (Peak 2214.38M) | Time:00:01.33 | Syncing QA:Longus colli muscle.l
Fra:0 Mem:2215.06M (Peak 2215.06M) | Time:00:01.33 | Syncing QA:Longus colli muscle.r
Fra:0 Mem:2215.74M (Peak 2215.74M) | Time:00:01.33 | Syncing QA:Lower canine.l
Fra:0 Mem:2216.00M (Peak 2216.00M) | Time:00:01.33 | Syncing QA:Lower canine.r
Fra:0 Mem:2216.26M (Peak 2216.26M) | Time:00:01.33 | Syncing QA:Lower first molar tooth.l
Fra:0 Mem:2216.79M (Peak 2216.79M) | Time:00:01.33 | Syncing QA:Lower first molar tooth.r
Fra:0 Mem:2217.31M (Peak 2217.31M) | Time:00:01.33 | Syncing QA:Lower first premolar.l
Fra:0 Mem:2217.57M (Peak 2217.57M) | Time:00:01.33 | Syncing QA:Lower first premolar.r
Fra:0 Mem:2217.82M (Peak 2217.82M) | Time:00:01.33 | Syncing QA:Lower lateral incisor.l
Fra:0 Mem:2218.06M (Peak 2218.06M) | Time:00:01.33 | Syncing QA:Lower lateral incisor.r
Fra:0 Mem:2218.29M (Peak 2218.29M) | Time:00:01.33 | Syncing QA:Lower medial incisor.l
Fra:0 Mem:2218.53M (Peak 2218.53M) | Time:00:01.33 | Syncing QA:Lower medial incisor.r
Fra:0 Mem:2218.76M (Peak 2218.76M) | Time:00:01.33 | Syncing QA:Lower second molar tooth.l
Fra:0 Mem:2219.05M (Peak 2219.05M) | Time:00:01.33 | Syncing QA:Lower second molar tooth.r
Fra:0 Mem:2219.34M (Peak 2219.34M) | Time:00:01.33 | Syncing QA:Lower second premolar.l
Fra:0 Mem:2219.59M (Peak 2219.59M) | Time:00:01.33 | Syncing QA:Lower second premolar.r
Fra:0 Mem:2219.84M (Peak 2219.84M) | Time:00:01.33 | Syncing QA:Lumbrical muscles of foot.l
Fra:0 Mem:2220.03M (Peak 2220.03M) | Time:00:01.33 | Syncing QA:Lumbrical muscles of foot.r
Fra:0 Mem:2220.21M (Peak 2220.21M) | Time:00:01.33 | Syncing QA:Lumbrical muscles of hand.l
Fra:0 Mem:2220.48M (Peak 2220.48M) | Time:00:01.33 | Syncing QA:Lumbrical muscles of hand.r
Fra:0 Mem:2220.75M (Peak 2220.75M) | Time:00:01.33 | Syncing QA:Lunate bone.l
Fra:0 Mem:2221.03M (Peak 2221.03M) | Time:00:01.33 | Syncing QA:Lunate bone.r
Fra:0 Mem:2221.32M (Peak 2221.32M) | Time:00:01.34 | Syncing QA:Major alar cartilage.l
Fra:0 Mem:2221.50M (Peak 2221.50M) | Time:00:01.34 | Syncing QA:Major alar cartilage.r
Fra:0 Mem:2221.68M (Peak 2221.68M) | Time:00:01.34 | Syncing QA:Malleus.l
Fra:0 Mem:2222.18M (Peak 2222.18M) | Time:00:01.34 | Syncing QA:Malleus.r
Fra:0 Mem:2222.68M (Peak 2222.68M) | Time:00:01.34 | Syncing QA:Mandible
Fra:0 Mem:2224.41M (Peak 2224.41M) | Time:00:01.34 | Syncing QA:Manubrium of sternum
Fra:0 Mem:2224.79M (Peak 2224.79M) | Time:00:01.34 | Syncing QA:Masseteric fascia.l
Fra:0 Mem:2224.97M (Peak 2224.97M) | Time:00:01.34 | Syncing QA:Masseteric fascia.r
Fra:0 Mem:2225.16M (Peak 2225.16M) | Time:00:01.34 | Syncing QA:Maxilla.l
Fra:0 Mem:2225.71M (Peak 2225.71M) | Time:00:01.34 | Syncing QA:Maxilla.r
Fra:0 Mem:2226.27M (Peak 2226.27M) | Time:00:01.34 | Syncing QA:Medial cuneiform bone.l
Fra:0 Mem:2226.50M (Peak 2226.50M) | Time:00:01.34 | Syncing QA:Medial cuneiform bone.r
Fra:0 Mem:2226.73M (Peak 2226.73M) | Time:00:01.34 | Syncing QA:Medial femoral intermuscular s
Fra:0 Mem:2227.56M (Peak 2227.80M) | Time:00:01.34 | Syncing QA:Medial femoral intermuscular s
Fra:0 Mem:2228.39M (Peak 2228.63M) | Time:00:01.34 | Syncing QA:Medial head of flexor hallucis
Fra:0 Mem:2228.59M (Peak 2228.63M) | Time:00:01.34 | Syncing QA:Medial head of flexor hallucis
Fra:0 Mem:2228.78M (Peak 2228.78M) | Time:00:01.34 | Syncing QA:Medial head of gastrocnemius.l
Fra:0 Mem:2229.47M (Peak 2229.47M) | Time:00:01.34 | Syncing QA:Medial head of gastrocnemius.r
Fra:0 Mem:2230.17M (Peak 2230.17M) | Time:00:01.34 | Syncing QA:Medial head of triceps brachii
Fra:0 Mem:2230.54M (Peak 2230.54M) | Time:00:01.34 | Syncing QA:Medial head of triceps brachii
Fra:0 Mem:2230.92M (Peak 2230.92M) | Time:00:01.34 | Syncing QA:Medial intermuscular septum of
Fra:0 Mem:2231.10M (Peak 2231.10M) | Time:00:01.34 | Syncing QA:Medial intermuscular septum of
Fra:0 Mem:2231.28M (Peak 2231.28M) | Time:00:01.34 | Syncing QA:Medial patellar retinaculum.l
Fra:0 Mem:2231.44M (Peak 2231.44M) | Time:00:01.34 | Syncing QA:Medial patellar retinaculum.r
Fra:0 Mem:2231.60M (Peak 2231.60M) | Time:00:01.34 | Syncing QA:Medial pterygoid muscle.l
Fra:0 Mem:2231.79M (Peak 2231.79M) | Time:00:01.34 | Syncing QA:Medial pterygoid muscle.r
Fra:0 Mem:2231.99M (Peak 2231.99M) | Time:00:01.34 | Syncing QA:Medial rectus muscle.l
Fra:0 Mem:2232.28M (Peak 2232.28M) | Time:00:01.34 | Syncing QA:Medial rectus muscle.r
Fra:0 Mem:2232.58M (Peak 2232.58M) | Time:00:01.34 | Syncing QA:Medial subtendinous bursa of g
Fra:0 Mem:2232.79M (Peak 2232.79M) | Time:00:01.34 | Syncing QA:Medial subtendinous bursa of g
Fra:0 Mem:2233.00M (Peak 2233.00M) | Time:00:01.34 | Syncing QA:Mentalis muscle.l
Fra:0 Mem:2233.16M (Peak 2233.16M) | Time:00:01.34 | Syncing QA:Mentalis muscle.r
Fra:0 Mem:2233.33M (Peak 2233.33M) | Time:00:01.34 | Syncing QA:Middle cells of ethmoid bone.l
Fra:0 Mem:2233.54M (Peak 2233.54M) | Time:00:01.34 | Syncing QA:Middle cells of ethmoid bone.r
Fra:0 Mem:2233.75M (Peak 2233.75M) | Time:00:01.34 | Syncing QA:Middle layer of thoracolumbar 
Fra:0 Mem:2233.92M (Peak 2233.92M) | Time:00:01.34 | Syncing QA:Middle layer of thoracolumbar 
Fra:0 Mem:2234.08M (Peak 2234.08M) | Time:00:01.34 | Syncing QA:Middle phalanx of fifth finger
Fra:0 Mem:2234.25M (Peak 2234.25M) | Time:00:01.34 | Syncing QA:Middle phalanx of fifth finger
Fra:0 Mem:2234.42M (Peak 2234.42M) | Time:00:01.34 | Syncing QA:Middle phalanx of fifth finger
Fra:0 Mem:2234.59M (Peak 2234.59M) | Time:00:01.34 | Syncing QA:Middle phalanx of fifth finger
Fra:0 Mem:2234.77M (Peak 2234.77M) | Time:00:01.34 | Syncing QA:Middle phalanx of fourth finge
Fra:0 Mem:2234.96M (Peak 2234.96M) | Time:00:01.34 | Syncing QA:Middle phalanx of fourth finge
Fra:0 Mem:2235.14M (Peak 2235.14M) | Time:00:01.34 | Syncing QA:Middle phalanx of fourth finge
Fra:0 Mem:2235.33M (Peak 2235.33M) | Time:00:01.34 | Syncing QA:Middle phalanx of fourth finge
Fra:0 Mem:2235.52M (Peak 2235.52M) | Time:00:01.34 | Syncing QA:Middle phalanx of second finge
Fra:0 Mem:2235.70M (Peak 2235.70M) | Time:00:01.34 | Syncing QA:Middle phalanx of second finge
Fra:0 Mem:2235.88M (Peak 2235.88M) | Time:00:01.34 | Syncing QA:Middle phalanx of second finge
Fra:0 Mem:2236.06M (Peak 2236.06M) | Time:00:01.34 | Syncing QA:Middle phalanx of second finge
Fra:0 Mem:2236.23M (Peak 2236.23M) | Time:00:01.34 | Syncing QA:Middle phalanx of third finger
Fra:0 Mem:2236.42M (Peak 2236.42M) | Time:00:01.34 | Syncing QA:Middle phalanx of third finger
Fra:0 Mem:2236.60M (Peak 2236.60M) | Time:00:01.34 | Syncing QA:Middle phalanx of third finger
Fra:0 Mem:2236.78M (Peak 2236.78M) | Time:00:01.34 | Syncing QA:Middle phalanx of third finger
Fra:0 Mem:2236.96M (Peak 2236.96M) | Time:00:01.34 | Syncing QA:Middle pharyngeal constrictor.
Fra:0 Mem:2237.46M (Peak 2237.46M) | Time:00:01.34 | Syncing QA:Middle pharyngeal constrictor.
Fra:0 Mem:2237.96M (Peak 2237.96M) | Time:00:01.34 | Syncing QA:Multifidus colli muscle.l
Fra:0 Mem:2238.23M (Peak 2238.23M) | Time:00:01.34 | Syncing QA:Multifidus colli muscle.r
Fra:0 Mem:2238.49M (Peak 2238.49M) | Time:00:01.34 | Syncing QA:Multifidus lumborum muscle.l
Fra:0 Mem:2238.88M (Peak 2238.88M) | Time:00:01.34 | Syncing QA:Multifidus lumborum muscle.r
Fra:0 Mem:2239.27M (Peak 2239.27M) | Time:00:01.34 | Syncing QA:Multifidus thoracis muscle.l
Fra:0 Mem:2239.75M (Peak 2239.75M) | Time:00:01.34 | Syncing QA:Multifidus thoracis muscle.r
Fra:0 Mem:2240.23M (Peak 2240.23M) | Time:00:01.34 | Syncing QA:Mylohyoid muscle.l
Fra:0 Mem:2240.47M (Peak 2240.47M) | Time:00:01.34 | Syncing QA:Mylohyoid muscle.r
Fra:0 Mem:2240.72M (Peak 2240.72M) | Time:00:01.34 | Syncing QA:Nasal bone.l
Fra:0 Mem:2240.89M (Peak 2240.89M) | Time:00:01.34 | Syncing QA:Nasal bone.r
Fra:0 Mem:2241.07M (Peak 2241.07M) | Time:00:01.34 | Syncing QA:Nasal septal cartilage
Fra:0 Mem:2241.25M (Peak 2241.25M) | Time:00:01.34 | Syncing QA:Nasalis muscle.l
Fra:0 Mem:2241.46M (Peak 2241.46M) | Time:00:01.34 | Syncing QA:Nasalis muscle.r
Fra:0 Mem:2241.67M (Peak 2241.67M) | Time:00:01.34 | Syncing QA:Navicular bone.l
Fra:0 Mem:2241.88M (Peak 2241.88M) | Time:00:01.34 | Syncing QA:Navicular bone.r
Fra:0 Mem:2242.09M (Peak 2242.09M) | Time:00:01.34 | Syncing QA:Ninth rib.l
Fra:0 Mem:2242.90M (Peak 2242.90M) | Time:00:01.34 | Syncing QA:Ninth rib.r
Fra:0 Mem:2243.70M (Peak 2243.70M) | Time:00:01.34 | Syncing QA:Oblique head of adductor hallu
Fra:0 Mem:2243.93M (Peak 2243.93M) | Time:00:01.34 | Syncing QA:Oblique head of adductor hallu
Fra:0 Mem:2244.15M (Peak 2244.15M) | Time:00:01.34 | Syncing QA:Oblique head of adductor polli
Fra:0 Mem:2244.34M (Peak 2244.34M) | Time:00:01.34 | Syncing QA:Oblique head of adductor polli
Fra:0 Mem:2244.53M (Peak 2244.53M) | Time:00:01.34 | Syncing QA:Oblique part of cricothyroid m
Fra:0 Mem:2244.92M (Peak 2244.92M) | Time:00:01.34 | Syncing QA:Oblique part of cricothyroid m
Fra:0 Mem:2245.32M (Peak 2245.32M) | Time:00:01.35 | Syncing QA:Obliquus inferior capitis musc
Fra:0 Mem:2245.51M (Peak 2245.51M) | Time:00:01.35 | Syncing QA:Obliquus inferior capitis musc
Fra:0 Mem:2245.71M (Peak 2245.71M) | Time:00:01.35 | Syncing QA:Obliquus superior capitis musc
Fra:0 Mem:2245.92M (Peak 2245.92M) | Time:00:01.35 | Syncing QA:Obliquus superior capitis musc
Fra:0 Mem:2246.12M (Peak 2246.12M) | Time:00:01.35 | Syncing QA:Obturator externus.l
Fra:0 Mem:2246.37M (Peak 2246.37M) | Time:00:01.35 | Syncing QA:Obturator externus.r
Fra:0 Mem:2246.62M (Peak 2246.62M) | Time:00:01.35 | Syncing QA:Obturator internus.l
Fra:0 Mem:2247.19M (Peak 2247.19M) | Time:00:01.35 | Syncing QA:Obturator internus.r
Fra:0 Mem:2247.66M (Peak 2247.66M) | Time:00:01.35 | Syncing QA:Occipital bone
Fra:0 Mem:2248.45M (Peak 2248.45M) | Time:00:01.35 | Syncing QA:Occipitalis muscle.l
Fra:0 Mem:2248.82M (Peak 2248.82M) | Time:00:01.35 | Syncing QA:Occipitalis muscle.r
Fra:0 Mem:2249.19M (Peak 2249.19M) | Time:00:01.35 | Syncing QA:Omohyoid muscle.l
Fra:0 Mem:2249.57M (Peak 2249.57M) | Time:00:01.35 | Syncing QA:Omohyoid muscle.r
Fra:0 Mem:2249.95M (Peak 2249.95M) | Time:00:01.35 | Syncing QA:Opponens digiti minimi muscle 
Fra:0 Mem:2250.14M (Peak 2250.14M) | Time:00:01.35 | Syncing QA:Opponens digiti minimi muscle 
Fra:0 Mem:2250.32M (Peak 2250.32M) | Time:00:01.35 | Syncing QA:Opponens pollicis muscle.l
Fra:0 Mem:2250.50M (Peak 2250.50M) | Time:00:01.35 | Syncing QA:Opponens pollicis muscle.r
Fra:0 Mem:2250.69M (Peak 2250.69M) | Time:00:01.35 | Syncing QA:Orbicularis oris muscle.l
Fra:0 Mem:2251.00M (Peak 2251.00M) | Time:00:01.35 | Syncing QA:Orbicularis oris muscle.r
Fra:0 Mem:2251.30M (Peak 2251.30M) | Time:00:01.35 | Syncing QA:Orbital part of orbicularis oc
Fra:0 Mem:2251.66M (Peak 2251.66M) | Time:00:01.35 | Syncing QA:Orbital part of orbicularis oc
Fra:0 Mem:2252.01M (Peak 2252.01M) | Time:00:01.35 | Syncing QA:Palatine bone.l
Fra:0 Mem:2252.28M (Peak 2252.28M) | Time:00:01.35 | Syncing QA:Palatine bone.r
Fra:0 Mem:2252.55M (Peak 2252.55M) | Time:00:01.35 | Syncing QA:Palatopharyngeus muscle.l
Fra:0 Mem:2254.52M (Peak 2254.62M) | Time:00:01.35 | Syncing QA:Palatopharyngeus muscle.r
Fra:0 Mem:2256.48M (Peak 2256.58M) | Time:00:01.35 | Syncing QA:Palmar aponeurosis.l
Fra:0 Mem:2256.74M (Peak 2256.74M) | Time:00:01.35 | Syncing QA:Palmar aponeurosis.r
Fra:0 Mem:2257.00M (Peak 2257.00M) | Time:00:01.35 | Syncing QA:Palmar interossei muscles.l
Fra:0 Mem:2257.17M (Peak 2257.17M) | Time:00:01.35 | Syncing QA:Palmar interossei muscles.r
Fra:0 Mem:2257.34M (Peak 2257.34M) | Time:00:01.35 | Syncing QA:Palmaris longus muscle.l
Fra:0 Mem:2257.85M (Peak 2257.85M) | Time:00:01.35 | Syncing QA:Palmaris longus muscle.r
Fra:0 Mem:2258.37M (Peak 2258.37M) | Time:00:01.35 | Syncing QA:Palpebral part of orbicularis 
Fra:0 Mem:2258.59M (Peak 2258.59M) | Time:00:01.35 | Syncing QA:Palpebral part of orbicularis 
Fra:0 Mem:2258.81M (Peak 2258.81M) | Time:00:01.35 | Syncing QA:Parietal bone.l
Fra:0 Mem:2259.54M (Peak 2259.54M) | Time:00:01.35 | Syncing QA:Parietal bone.r
Fra:0 Mem:2260.26M (Peak 2260.26M) | Time:00:01.35 | Syncing QA:Patella.l
Fra:0 Mem:2260.43M (Peak 2260.43M) | Time:00:01.35 | Syncing QA:Patella.r
Fra:0 Mem:2260.61M (Peak 2260.61M) | Time:00:01.35 | Syncing QA:Pectineus muscle.l
Fra:0 Mem:2260.92M (Peak 2260.92M) | Time:00:01.35 | Syncing QA:Pectineus muscle.r
Fra:0 Mem:2261.24M (Peak 2261.24M) | Time:00:01.35 | Syncing QA:Pectoral fascia.l
Fra:0 Mem:2261.63M (Peak 2261.63M) | Time:00:01.35 | Syncing QA:Pectoral fascia.r
Fra:0 Mem:2262.02M (Peak 2262.02M) | Time:00:01.35 | Syncing QA:Pectoralis minor muscle.l
Fra:0 Mem:2262.52M (Peak 2262.52M) | Time:00:01.35 | Syncing QA:Pectoralis minor muscle.r
Fra:0 Mem:2263.02M (Peak 2263.02M) | Time:00:01.35 | Syncing QA:Piriformis fascia.l
Fra:0 Mem:2263.25M (Peak 2263.25M) | Time:00:01.35 | Syncing QA:Piriformis fascia.r
Fra:0 Mem:2263.48M (Peak 2263.48M) | Time:00:01.35 | Syncing QA:Piriformis muscle.l
Fra:0 Mem:2263.76M (Peak 2263.76M) | Time:00:01.35 | Syncing QA:Piriformis muscle.r
Fra:0 Mem:2264.03M (Peak 2264.03M) | Time:00:01.35 | Syncing QA:Pisiform bone.l
Fra:0 Mem:2264.29M (Peak 2264.29M) | Time:00:01.35 | Syncing QA:Pisiform bone.r
Fra:0 Mem:2264.55M (Peak 2264.55M) | Time:00:01.35 | Syncing QA:Plantar aponeurosis.l
Fra:0 Mem:2264.74M (Peak 2264.74M) | Time:00:01.35 | Syncing QA:Plantar aponeurosis.r
Fra:0 Mem:2264.92M (Peak 2264.92M) | Time:00:01.35 | Syncing QA:Plantar interossei muscles.l
Fra:0 Mem:2265.18M (Peak 2265.18M) | Time:00:01.36 | Syncing QA:Plantar interossei muscles.r
Fra:0 Mem:2265.44M (Peak 2265.44M) | Time:00:01.36 | Syncing QA:Plantar tendon sheath of fibul
Fra:0 Mem:2265.63M (Peak 2265.63M) | Time:00:01.36 | Syncing QA:Plantar tendon sheath of fibul
Fra:0 Mem:2265.82M (Peak 2265.82M) | Time:00:01.36 | Syncing QA:Plantaris muscle.l
Fra:0 Mem:2266.36M (Peak 2266.36M) | Time:00:01.36 | Syncing QA:Plantaris muscle.r
Fra:0 Mem:2266.91M (Peak 2266.91M) | Time:00:01.36 | Syncing QA:Platysma.l
Fra:0 Mem:2267.61M (Peak 2267.61M) | Time:00:01.36 | Syncing QA:Platysma.r
Fra:0 Mem:2268.31M (Peak 2268.31M) | Time:00:01.36 | Syncing QA:Popliteal fascia.l
Fra:0 Mem:2268.51M (Peak 2268.51M) | Time:00:01.36 | Syncing QA:Popliteal fascia.r
Fra:0 Mem:2268.70M (Peak 2268.70M) | Time:00:01.36 | Syncing QA:Popliteus muscle.l
Fra:0 Mem:2268.95M (Peak 2268.95M) | Time:00:01.36 | Syncing QA:Popliteus muscle.r
Fra:0 Mem:2269.19M (Peak 2269.19M) | Time:00:01.36 | Syncing QA:Posterior belly of digastric m
Fra:0 Mem:2269.45M (Peak 2269.45M) | Time:00:01.36 | Syncing QA:Posterior belly of digastric m
Fra:0 Mem:2269.71M (Peak 2269.71M) | Time:00:01.36 | Syncing QA:Posterior cells of ethmoid bon
Fra:0 Mem:2269.94M (Peak 2269.94M) | Time:00:01.36 | Syncing QA:Posterior cells of ethmoid bon
Fra:0 Mem:2270.17M (Peak 2270.17M) | Time:00:01.36 | Syncing QA:Posterior crico-arytenoid musc
Fra:0 Mem:2270.53M (Peak 2270.53M) | Time:00:01.36 | Syncing QA:Posterior crico-arytenoid musc
Fra:0 Mem:2270.90M (Peak 2270.90M) | Time:00:01.36 | Syncing QA:Posterior intermuscular septum
Fra:0 Mem:2271.08M (Peak 2271.08M) | Time:00:01.36 | Syncing QA:Posterior intermuscular septum
Fra:0 Mem:2271.26M (Peak 2271.26M) | Time:00:01.36 | Syncing QA:Posterior layer of thoracolumb
Fra:0 Mem:2271.44M (Peak 2271.44M) | Time:00:01.36 | Syncing QA:Posterior layer of thoracolumb
Fra:0 Mem:2271.62M (Peak 2271.62M) | Time:00:01.36 | Syncing QA:Procerus muscle.l
Fra:0 Mem:2271.81M (Peak 2271.81M) | Time:00:01.36 | Syncing QA:Procerus muscle.r
Fra:0 Mem:2272.01M (Peak 2272.01M) | Time:00:01.36 | Syncing QA:Pronator quadratus.l
Fra:0 Mem:2272.25M (Peak 2272.25M) | Time:00:01.36 | Syncing QA:Pronator quadratus.r
Fra:0 Mem:2272.48M (Peak 2272.48M) | Time:00:01.36 | Syncing QA:Proximal phalanx of fifth fing
Fra:0 Mem:2272.68M (Peak 2272.68M) | Time:00:01.36 | Syncing QA:Proximal phalanx of fifth fing
Fra:0 Mem:2272.87M (Peak 2272.87M) | Time:00:01.36 | Syncing QA:Proximal phalanx of fifth fing
Fra:0 Mem:2273.07M (Peak 2273.07M) | Time:00:01.36 | Syncing QA:Proximal phalanx of fifth fing
Fra:0 Mem:2273.27M (Peak 2273.27M) | Time:00:01.36 | Syncing QA:Proximal phalanx of first fing
Fra:0 Mem:2273.46M (Peak 2273.46M) | Time:00:01.36 | Syncing QA:Proximal phalanx of first fing
Fra:0 Mem:2273.66M (Peak 2273.66M) | Time:00:01.36 | Syncing QA:Proximal phalanx of first fing
Fra:0 Mem:2273.83M (Peak 2273.83M) | Time:00:01.36 | Syncing QA:Proximal phalanx of first fing
Fra:0 Mem:2274.01M (Peak 2274.01M) | Time:00:01.36 | Syncing QA:Proximal phalanx of fourth fin
Fra:0 Mem:2274.20M (Peak 2274.20M) | Time:00:01.36 | Syncing QA:Proximal phalanx of fourth fin
Fra:0 Mem:2274.39M (Peak 2274.39M) | Time:00:01.36 | Syncing QA:Proximal phalanx of fourth fin
Fra:0 Mem:2274.57M (Peak 2274.57M) | Time:00:01.36 | Syncing QA:Proximal phalanx of fourth fin
Fra:0 Mem:2274.75M (Peak 2274.75M) | Time:00:01.36 | Syncing QA:Proximal phalanx of second fin
Fra:0 Mem:2274.94M (Peak 2274.94M) | Time:00:01.36 | Syncing QA:Proximal phalanx of second fin
Fra:0 Mem:2275.13M (Peak 2275.13M) | Time:00:01.36 | Syncing QA:Proximal phalanx of second fin
Fra:0 Mem:2275.31M (Peak 2275.31M) | Time:00:01.36 | Syncing QA:Proximal phalanx of second fin
Fra:0 Mem:2275.50M (Peak 2275.50M) | Time:00:01.36 | Syncing QA:Proximal phalanx of third fing
Fra:0 Mem:2275.69M (Peak 2275.69M) | Time:00:01.36 | Syncing QA:Proximal phalanx of third fing
Fra:0 Mem:2275.88M (Peak 2275.88M) | Time:00:01.36 | Syncing QA:Proximal phalanx of third fing
Fra:0 Mem:2276.06M (Peak 2276.06M) | Time:00:01.36 | Syncing QA:Proximal phalanx of third fing
Fra:0 Mem:2276.25M (Peak 2276.25M) | Time:00:01.36 | Syncing QA:Psoas major.l
Fra:0 Mem:2276.86M (Peak 2276.86M) | Time:00:01.36 | Syncing QA:Psoas major.r
Fra:0 Mem:2277.47M (Peak 2277.47M) | Time:00:01.36 | Syncing QA:Pubo-analis muscle.l
Fra:0 Mem:2277.74M (Peak 2277.74M) | Time:00:01.36 | Syncing QA:Pubo-analis muscle.r
Fra:0 Mem:2278.02M (Peak 2278.02M) | Time:00:01.36 | Syncing QA:Pubococcygeus muscle.l
Fra:0 Mem:2278.38M (Peak 2278.38M) | Time:00:01.36 | Syncing QA:Pubococcygeus muscle.r
Fra:0 Mem:2278.74M (Peak 2278.74M) | Time:00:01.36 | Syncing QA:Pyramidalis muscle.l
Fra:0 Mem:2278.98M (Peak 2278.98M) | Time:00:01.36 | Syncing QA:Pyramidalis muscle.r
Fra:0 Mem:2279.23M (Peak 2279.23M) | Time:00:01.36 | Syncing QA:Quadratus femoris muscle.l
Fra:0 Mem:2279.52M (Peak 2279.52M) | Time:00:01.36 | Syncing QA:Quadratus femoris muscle.r
Fra:0 Mem:2279.81M (Peak 2279.81M) | Time:00:01.36 | Syncing QA:Quadratus lumborum muscle.l
Fra:0 Mem:2280.19M (Peak 2280.19M) | Time:00:01.36 | Syncing QA:Quadratus lumborum muscle.r
Fra:0 Mem:2280.58M (Peak 2280.58M) | Time:00:01.36 | Syncing QA:Quadratus plantae muscle.l
Fra:0 Mem:2280.83M (Peak 2280.83M) | Time:00:01.36 | Syncing QA:Quadratus plantae muscle.r
Fra:0 Mem:2281.08M (Peak 2281.08M) | Time:00:01.36 | Syncing QA:Radial head of flexor digitoru
Fra:0 Mem:2281.34M (Peak 2281.34M) | Time:00:01.36 | Syncing QA:Radial head of flexor digitoru
Fra:0 Mem:2281.60M (Peak 2281.60M) | Time:00:01.36 | Syncing QA:Radius.l
Fra:0 Mem:2281.81M (Peak 2281.81M) | Time:00:01.36 | Syncing QA:Radius.r
Fra:0 Mem:2282.03M (Peak 2282.03M) | Time:00:01.36 | Syncing QA:Rectus abdominis muscle.l
Fra:0 Mem:2283.91M (Peak 2283.91M) | Time:00:01.36 | Syncing QA:Rectus abdominis muscle.r
Fra:0 Mem:2285.79M (Peak 2285.79M) | Time:00:01.36 | Syncing QA:Rectus anterior capitis muscle
Fra:0 Mem:2285.98M (Peak 2285.98M) | Time:00:01.36 | Syncing QA:Rectus anterior capitis muscle
Fra:0 Mem:2286.16M (Peak 2286.16M) | Time:00:01.36 | Syncing QA:Rectus femoris muscle.l
Fra:0 Mem:2287.01M (Peak 2287.01M) | Time:00:01.36 | Syncing QA:Rectus femoris muscle.r
Fra:0 Mem:2287.85M (Peak 2287.85M) | Time:00:01.36 | Syncing QA:Rectus lateralis capitis muscl
Fra:0 Mem:2288.03M (Peak 2288.03M) | Time:00:01.36 | Syncing QA:Rectus lateralis capitis muscl
Fra:0 Mem:2288.22M (Peak 2288.22M) | Time:00:01.36 | Syncing QA:Rectus posterior major capitis
Fra:0 Mem:2288.43M (Peak 2288.43M) | Time:00:01.36 | Syncing QA:Rectus posterior major capitis
Fra:0 Mem:2288.65M (Peak 2288.65M) | Time:00:01.36 | Syncing QA:Rectus posterior minor capitis
Fra:0 Mem:2288.84M (Peak 2288.84M) | Time:00:01.36 | Syncing QA:Rectus posterior minor capitis
Fra:0 Mem:2289.02M (Peak 2289.02M) | Time:00:01.36 | Syncing QA:Rhomboid major muscle.l
Fra:0 Mem:2289.58M (Peak 2289.58M) | Time:00:01.36 | Syncing QA:Rhomboid major muscle.r
Fra:0 Mem:2290.13M (Peak 2290.13M) | Time:00:01.36 | Syncing QA:Rhomboid minor muscle.l
Fra:0 Mem:2290.41M (Peak 2290.41M) | Time:00:01.36 | Syncing QA:Rhomboid minor muscle.r
Fra:0 Mem:2290.68M (Peak 2290.68M) | Time:00:01.36 | Syncing QA:Risorius muscle.l
Fra:0 Mem:2290.88M (Peak 2290.88M) | Time:00:01.36 | Syncing QA:Risorius muscle.r
Fra:0 Mem:2291.08M (Peak 2291.08M) | Time:00:01.37 | Syncing QA:Rotatores.l
Fra:0 Mem:2291.78M (Peak 2291.78M) | Time:00:01.37 | Syncing QA:Rotatores.r
Fra:0 Mem:2292.48M (Peak 2292.48M) | Time:00:01.37 | Syncing QA:Sacrum
Fra:0 Mem:2293.49M (Peak 2293.53M) | Time:00:01.37 | Syncing QA:Sartorius muscle.l
Fra:0 Mem:2294.06M (Peak 2294.06M) | Time:00:01.37 | Syncing QA:Sartorius muscle.r
Fra:0 Mem:2294.63M (Peak 2294.63M) | Time:00:01.37 | Syncing QA:Scalenus anterior muscle.l
Fra:0 Mem:2294.90M (Peak 2294.90M) | Time:00:01.37 | Syncing QA:Scalenus anterior muscle.r
Fra:0 Mem:2295.17M (Peak 2295.17M) | Time:00:01.37 | Syncing QA:Scalenus medius muscle.l
Fra:0 Mem:2295.49M (Peak 2295.49M) | Time:00:01.37 | Syncing QA:Scalenus medius muscle.r
Fra:0 Mem:2295.82M (Peak 2295.82M) | Time:00:01.37 | Syncing QA:Scalenus posterior muscle.l
Fra:0 Mem:2296.08M (Peak 2296.08M) | Time:00:01.37 | Syncing QA:Scalenus posterior muscle.r
Fra:0 Mem:2296.34M (Peak 2296.34M) | Time:00:01.37 | Syncing QA:Scaphoid bone.l
Fra:0 Mem:2296.52M (Peak 2296.52M) | Time:00:01.37 | Syncing QA:Scaphoid bone.r
Fra:0 Mem:2296.71M (Peak 2296.71M) | Time:00:01.37 | Syncing QA:Scapula.l
Fra:0 Mem:2298.99M (Peak 2298.99M) | Time:00:01.37 | Syncing QA:Scapula.r
Fra:0 Mem:2301.26M (Peak 2301.26M) | Time:00:01.37 | Syncing QA:Scapular spinal part of deltoi
Fra:0 Mem:2301.78M (Peak 2301.78M) | Time:00:01.37 | Syncing QA:Scapular spinal part of deltoi
Fra:0 Mem:2302.30M (Peak 2302.30M) | Time:00:01.37 | Syncing QA:Sciatic bursa of gluteus maxim
Fra:0 Mem:2302.55M (Peak 2302.55M) | Time:00:01.37 | Syncing QA:Sciatic bursa of gluteus maxim
Fra:0 Mem:2302.79M (Peak 2302.79M) | Time:00:01.37 | Syncing QA:Sciatic bursa of obturator int
Fra:0 Mem:2303.04M (Peak 2303.04M) | Time:00:01.37 | Syncing QA:Sciatic bursa of obturator int
Fra:0 Mem:2303.29M (Peak 2303.29M) | Time:00:01.37 | Syncing QA:Second metacarpal bone.l
Fra:0 Mem:2303.50M (Peak 2303.50M) | Time:00:01.37 | Syncing QA:Second metacarpal bone.r
Fra:0 Mem:2303.72M (Peak 2303.72M) | Time:00:01.37 | Syncing QA:Second metatarsal bone.l
Fra:0 Mem:2303.92M (Peak 2303.92M) | Time:00:01.37 | Syncing QA:Second metatarsal bone.r
Fra:0 Mem:2304.13M (Peak 2304.13M) | Time:00:01.37 | Syncing QA:Second rib.l
Fra:0 Mem:2304.73M (Peak 2304.73M) | Time:00:01.37 | Syncing QA:Second rib.r
Fra:0 Mem:2305.34M (Peak 2305.34M) | Time:00:01.37 | Syncing QA:Semimembranosus bursa.l
Fra:0 Mem:2305.55M (Peak 2305.55M) | Time:00:01.37 | Syncing QA:Semimembranosus bursa.r
Fra:0 Mem:2305.77M (Peak 2305.77M) | Time:00:01.37 | Syncing QA:Semimembranosus muscle.l
Fra:0 Mem:2306.54M (Peak 2306.54M) | Time:00:01.37 | Syncing QA:Semimembranosus muscle.r
Fra:0 Mem:2307.32M (Peak 2307.32M) | Time:00:01.37 | Syncing QA:Semispinalis colli muscle.l
Fra:0 Mem:2307.69M (Peak 2307.69M) | Time:00:01.37 | Syncing QA:Semispinalis colli muscle.r
Fra:0 Mem:2308.05M (Peak 2308.05M) | Time:00:01.37 | Syncing QA:Semispinalis thoracis muscle.l
Fra:0 Mem:2308.62M (Peak 2308.62M) | Time:00:01.37 | Syncing QA:Semispinalis thoracis muscle.r
Fra:0 Mem:2309.19M (Peak 2309.19M) | Time:00:01.37 | Syncing QA:Semitendinosus muscle.l
Fra:0 Mem:2309.71M (Peak 2309.71M) | Time:00:01.37 | Syncing QA:Semitendinosus muscle.r
Fra:0 Mem:2310.22M (Peak 2310.22M) | Time:00:01.37 | Syncing QA:Serratus anterior muscle.l
Fra:0 Mem:2312.49M (Peak 2312.49M) | Time:00:01.37 | Syncing QA:Serratus anterior muscle.r
Fra:0 Mem:2314.77M (Peak 2314.77M) | Time:00:01.37 | Syncing QA:Serratus posterior inferior mu
Fra:0 Mem:2315.67M (Peak 2315.67M) | Time:00:01.38 | Syncing QA:Serratus posterior inferior mu
Fra:0 Mem:2316.57M (Peak 2316.57M) | Time:00:01.38 | Syncing QA:Serratus posterior superior mu
Fra:0 Mem:2317.19M (Peak 2317.19M) | Time:00:01.38 | Syncing QA:Serratus posterior superior mu
Fra:0 Mem:2317.80M (Peak 2317.80M) | Time:00:01.38 | Syncing QA:Sesamoid bones of foot.l
Fra:0 Mem:2317.98M (Peak 2317.98M) | Time:00:01.38 | Syncing QA:Sesamoid bones of foot.r
Fra:0 Mem:2318.15M (Peak 2318.15M) | Time:00:01.38 | Syncing QA:Seventh rib.l
Fra:0 Mem:2319.12M (Peak 2319.16M) | Time:00:01.38 | Syncing QA:Seventh rib.r
Fra:0 Mem:2320.10M (Peak 2320.13M) | Time:00:01.38 | Syncing QA:Short head of biceps brachii.l
Fra:0 Mem:2320.47M (Peak 2320.47M) | Time:00:01.38 | Syncing QA:Short head of biceps brachii.r
Fra:0 Mem:2320.85M (Peak 2320.85M) | Time:00:01.38 | Syncing QA:Short head of biceps femoris.l
Fra:0 Mem:2321.21M (Peak 2321.21M) | Time:00:01.38 | Syncing QA:Short head of biceps femoris.r
Fra:0 Mem:2321.57M (Peak 2321.57M) | Time:00:01.38 | Syncing QA:Sinus of frontal bone
Fra:0 Mem:2321.82M (Peak 2321.82M) | Time:00:01.38 | Syncing QA:Sinus of sphenoid bone
Fra:0 Mem:2322.00M (Peak 2322.00M) | Time:00:01.38 | Syncing QA:Sixth rib.l
Fra:0 Mem:2323.00M (Peak 2323.00M) | Time:00:01.38 | Syncing QA:Sixth rib.r
Fra:0 Mem:2324.00M (Peak 2324.04M) | Time:00:01.38 | Syncing QA:Soleus muscle.l
Fra:0 Mem:2324.72M (Peak 2324.72M) | Time:00:01.38 | Syncing QA:Soleus muscle.r
Fra:0 Mem:2325.44M (Peak 2325.44M) | Time:00:01.38 | Syncing QA:Sphenoid bone
Fra:0 Mem:2326.21M (Peak 2326.21M) | Time:00:01.38 | Syncing QA:Spinalis capitis muscle.l
Fra:0 Mem:2326.57M (Peak 2326.57M) | Time:00:01.38 | Syncing QA:Spinalis capitis muscle.r
Fra:0 Mem:2326.97M (Peak 2326.97M) | Time:00:01.38 | Syncing QA:Spinalis colli muscle.l
Fra:0 Mem:2327.17M (Peak 2327.17M) | Time:00:01.38 | Syncing QA:Spinalis colli muscle.r
Fra:0 Mem:2327.37M (Peak 2327.37M) | Time:00:01.38 | Syncing QA:Spinalis thoracis muscle.l
Fra:0 Mem:2327.99M (Peak 2327.99M) | Time:00:01.38 | Syncing QA:Spinalis thoracis muscle.r
Fra:0 Mem:2328.60M (Peak 2328.60M) | Time:00:01.38 | Syncing QA:Splenius capitis muscle.l
Fra:0 Mem:2329.20M (Peak 2329.20M) | Time:00:01.39 | Syncing QA:Splenius capitis muscle.r
Fra:0 Mem:2329.79M (Peak 2329.79M) | Time:00:01.39 | Syncing QA:Splenius colli muscle.l
Fra:0 Mem:2330.30M (Peak 2330.30M) | Time:00:01.39 | Syncing QA:Splenius colli muscle.r
Fra:0 Mem:2330.82M (Peak 2330.82M) | Time:00:01.39 | Syncing QA:Stapes.l
Fra:0 Mem:2331.35M (Peak 2331.35M) | Time:00:01.39 | Syncing QA:Stapes.r
Fra:0 Mem:2331.88M (Peak 2331.88M) | Time:00:01.39 | Syncing QA:Sternocleidomastoid muscle.l
Fra:0 Mem:2332.45M (Peak 2332.45M) | Time:00:01.39 | Syncing QA:Sternocleidomastoid muscle.r
Fra:0 Mem:2333.02M (Peak 2333.02M) | Time:00:01.39 | Syncing QA:Sternocostal head of pectorali
Fra:0 Mem:2333.44M (Peak 2333.44M) | Time:00:01.39 | Syncing QA:Sternocostal head of pectorali
Fra:0 Mem:2333.86M (Peak 2333.86M) | Time:00:01.39 | Syncing QA:Sternohyoid muscle.l
Fra:0 Mem:2334.13M (Peak 2334.13M) | Time:00:01.39 | Syncing QA:Sternohyoid muscle.r
Fra:0 Mem:2334.39M (Peak 2334.39M) | Time:00:01.39 | Syncing QA:Sternothyroid muscle.l
Fra:0 Mem:2334.64M (Peak 2334.64M) | Time:00:01.39 | Syncing QA:Sternothyroid muscle.r
Fra:0 Mem:2334.88M (Peak 2334.88M) | Time:00:01.39 | Syncing QA:Straight part of cricothyroid 
Fra:0 Mem:2335.17M (Peak 2335.17M) | Time:00:01.39 | Syncing QA:Straight part of cricothyroid 
Fra:0 Mem:2335.46M (Peak 2335.46M) | Time:00:01.39 | Syncing QA:Stylohyoid muscle.l
Fra:0 Mem:2335.67M (Peak 2335.67M) | Time:00:01.39 | Syncing QA:Stylohyoid muscle.r
Fra:0 Mem:2335.88M (Peak 2335.88M) | Time:00:01.39 | Syncing QA:Stylopharyngeus muscle.l
Fra:0 Mem:2337.15M (Peak 2337.22M) | Time:00:01.39 | Syncing QA:Stylopharyngeus muscle.r
Fra:0 Mem:2338.42M (Peak 2338.49M) | Time:00:01.39 | Syncing QA:Subacromial bursa.l
Fra:0 Mem:2338.67M (Peak 2338.67M) | Time:00:01.39 | Syncing QA:Subacromial bursa.r
Fra:0 Mem:2338.92M (Peak 2338.92M) | Time:00:01.39 | Syncing QA:Subclavius muscle.l
Fra:0 Mem:2339.13M (Peak 2339.13M) | Time:00:01.39 | Syncing QA:Subclavius muscle.r
Fra:0 Mem:2339.35M (Peak 2339.35M) | Time:00:01.39 | Syncing QA:Subcutaneous acromial bursa.l
Fra:0 Mem:2339.60M (Peak 2339.60M) | Time:00:01.39 | Syncing QA:Subcutaneous acromial bursa.r
Fra:0 Mem:2339.84M (Peak 2339.84M) | Time:00:01.39 | Syncing QA:Subcutaneous bursa of lateral 
Fra:0 Mem:2340.04M (Peak 2340.04M) | Time:00:01.39 | Syncing QA:Subcutaneous bursa of lateral 
Fra:0 Mem:2340.23M (Peak 2340.23M) | Time:00:01.39 | Syncing QA:Subcutaneous bursa of medial m
Fra:0 Mem:2340.42M (Peak 2340.42M) | Time:00:01.39 | Syncing QA:Subcutaneous bursa of medial m
Fra:0 Mem:2340.62M (Peak 2340.62M) | Time:00:01.40 | Syncing QA:Subcutaneous bursa of tuberosi
Fra:0 Mem:2340.86M (Peak 2340.86M) | Time:00:01.40 | Syncing QA:Subcutaneous bursa of tuberosi
Fra:0 Mem:2341.11M (Peak 2341.11M) | Time:00:01.40 | Syncing QA:Subcutaneous calcaneal bursa.l
Fra:0 Mem:2341.29M (Peak 2341.29M) | Time:00:01.40 | Syncing QA:Subcutaneous calcaneal bursa.r
Fra:0 Mem:2341.48M (Peak 2341.48M) | Time:00:01.40 | Syncing QA:Subcutaneous infrapatellar bur
Fra:0 Mem:2341.73M (Peak 2341.73M) | Time:00:01.40 | Syncing QA:Subcutaneous infrapatellar bur
Fra:0 Mem:2341.97M (Peak 2341.97M) | Time:00:01.40 | Syncing QA:Subcutaneous prepatellar bursa
Fra:0 Mem:2342.19M (Peak 2342.19M) | Time:00:01.40 | Syncing QA:Subcutaneous prepatellar bursa
Fra:0 Mem:2342.40M (Peak 2342.40M) | Time:00:01.40 | Syncing QA:Subcutaneous trochanteric burs
Fra:0 Mem:2342.65M (Peak 2342.65M) | Time:00:01.40 | Syncing QA:Subcutaneous trochanteric burs
Fra:0 Mem:2342.90M (Peak 2342.90M) | Time:00:01.40 | Syncing QA:Subdeltoid bursa.l
Fra:0 Mem:2343.14M (Peak 2343.14M) | Time:00:01.40 | Syncing QA:Subdeltoid bursa.r
Fra:0 Mem:2343.39M (Peak 2343.39M) | Time:00:01.40 | Syncing QA:Subfacial prepatellar bursa.l
Fra:0 Mem:2343.60M (Peak 2343.60M) | Time:00:01.40 | Syncing QA:Subfacial prepatellar bursa.r
Fra:0 Mem:2343.82M (Peak 2343.82M) | Time:00:01.40 | Syncing QA:Subscapularis muscle.l
Fra:0 Mem:2344.22M (Peak 2344.22M) | Time:00:01.40 | Syncing QA:Subscapularis muscle.r
Fra:0 Mem:2344.62M (Peak 2344.62M) | Time:00:01.40 | Syncing QA:Subtendinous bursa of iliacus 
Fra:0 Mem:2344.79M (Peak 2344.79M) | Time:00:01.40 | Syncing QA:Subtendinous bursa of iliacus 
Fra:0 Mem:2344.96M (Peak 2344.96M) | Time:00:01.40 | Syncing QA:Subtendinous bursa of infraspi
Fra:0 Mem:2345.21M (Peak 2345.21M) | Time:00:01.40 | Syncing QA:Subtendinous bursa of infraspi
Fra:0 Mem:2345.46M (Peak 2345.46M) | Time:00:01.40 | Syncing QA:Subtendinous bursa of obturato
Fra:0 Mem:2345.70M (Peak 2345.70M) | Time:00:01.40 | Syncing QA:Subtendinous bursa of obturato
Fra:0 Mem:2345.95M (Peak 2345.95M) | Time:00:01.40 | Syncing QA:Subtendinous bursa of sartoriu
Fra:0 Mem:2346.18M (Peak 2346.18M) | Time:00:01.40 | Syncing QA:Subtendinous bursa of sartoriu
Fra:0 Mem:2346.42M (Peak 2346.42M) | Time:00:01.40 | Syncing QA:Subtendinous bursa of teres ma
Fra:0 Mem:2346.66M (Peak 2346.66M) | Time:00:01.40 | Syncing QA:Subtendinous bursa of teres ma
Fra:0 Mem:2346.91M (Peak 2346.91M) | Time:00:01.40 | Syncing QA:Subtendinous bursa of tibialis
Fra:0 Mem:2347.11M (Peak 2347.11M) | Time:00:01.40 | Syncing QA:Subtendinous bursa of tibialis
Fra:0 Mem:2347.30M (Peak 2347.30M) | Time:00:01.40 | Syncing QA:Subtendinous bursa of trapeziu
Fra:0 Mem:2347.84M (Peak 2347.84M) | Time:00:01.40 | Syncing QA:Subtendinous bursa of trapeziu
Fra:0 Mem:2348.08M (Peak 2348.08M) | Time:00:01.40 | Syncing QA:Subtendinous bursa of triceps 
Fra:0 Mem:2348.33M (Peak 2348.33M) | Time:00:01.40 | Syncing QA:Subtendinous bursa of triceps 
Fra:0 Mem:2348.57M (Peak 2348.57M) | Time:00:01.40 | Syncing QA:Subtendinous calcaneal bursa.l
Fra:0 Mem:2348.76M (Peak 2348.76M) | Time:00:01.40 | Syncing QA:Subtendinous calcaneal bursa.r
Fra:0 Mem:2348.95M (Peak 2348.95M) | Time:00:01.40 | Syncing QA:Subtendinous prepatellar bursa
Fra:0 Mem:2349.16M (Peak 2349.16M) | Time:00:01.40 | Syncing QA:Subtendinous prepatellar bursa
Fra:0 Mem:2349.38M (Peak 2349.38M) | Time:00:01.40 | Syncing QA:Superficial head of flexor pol
Fra:0 Mem:2349.55M (Peak 2349.55M) | Time:00:01.40 | Syncing QA:Superficial head of flexor pol
Fra:0 Mem:2349.72M (Peak 2349.72M) | Time:00:01.40 | Syncing QA:Superficial head of pronator t
Fra:0 Mem:2350.09M (Peak 2350.09M) | Time:00:01.40 | Syncing QA:Superficial head of pronator t
Fra:0 Mem:2350.45M (Peak 2350.45M) | Time:00:01.40 | Syncing QA:Superficial investing cervical
Fra:0 Mem:2350.90M (Peak 2350.90M) | Time:00:01.40 | Syncing QA:Superficial investing cervical
Fra:0 Mem:2351.35M (Peak 2351.35M) | Time:00:01.40 | Syncing QA:Superficial layer of temporal 
Fra:0 Mem:2351.56M (Peak 2351.56M) | Time:00:01.40 | Syncing QA:Superficial layer of temporal 
Fra:0 Mem:2351.77M (Peak 2351.77M) | Time:00:01.40 | Syncing QA:Superficial part of masseter.l
Fra:0 Mem:2352.04M (Peak 2352.04M) | Time:00:01.40 | Syncing QA:Superficial part of masseter.r
Fra:0 Mem:2352.31M (Peak 2352.31M) | Time:00:01.40 | Syncing QA:Superficial transverse metacar
Fra:0 Mem:2352.48M (Peak 2352.48M) | Time:00:01.40 | Syncing QA:Superficial transverse metacar
Fra:0 Mem:2352.64M (Peak 2352.64M) | Time:00:01.40 | Syncing QA:Superficial transverse metatar
Fra:0 Mem:2352.80M (Peak 2352.80M) | Time:00:01.40 | Syncing QA:Superficial transverse metatar
Fra:0 Mem:2352.96M (Peak 2352.96M) | Time:00:01.40 | Syncing QA:Superior bursa of biceps femor
Fra:0 Mem:2353.21M (Peak 2353.21M) | Time:00:01.40 | Syncing QA:Superior bursa of biceps femor
Fra:0 Mem:2353.45M (Peak 2353.45M) | Time:00:01.40 | Syncing QA:Superior extensor retinaculum 
Fra:0 Mem:2353.63M (Peak 2353.63M) | Time:00:01.40 | Syncing QA:Superior extensor retinaculum 
Fra:0 Mem:2353.80M (Peak 2353.80M) | Time:00:01.40 | Syncing QA:Superior fibular retinaculum.l
Fra:0 Mem:2354.01M (Peak 2354.01M) | Time:00:01.40 | Syncing QA:Superior fibular retinaculum.r
Fra:0 Mem:2354.22M (Peak 2354.22M) | Time:00:01.40 | Syncing QA:Superior gemellus muscle.l
Fra:0 Mem:2354.40M (Peak 2354.40M) | Time:00:01.40 | Syncing QA:Superior gemellus muscle.r
Fra:0 Mem:2354.59M (Peak 2354.59M) | Time:00:01.40 | Syncing QA:Superior head of lateral ptery
Fra:0 Mem:2354.76M (Peak 2354.76M) | Time:00:01.40 | Syncing QA:Superior head of lateral ptery
Fra:0 Mem:2354.93M (Peak 2354.93M) | Time:00:01.40 | Syncing QA:Superior oblique muscle.l
Fra:0 Mem:2355.29M (Peak 2355.29M) | Time:00:01.40 | Syncing QA:Superior oblique muscle.r
Fra:0 Mem:2355.64M (Peak 2355.64M) | Time:00:01.40 | Syncing QA:Superior pharyngeal constricto
Fra:0 Mem:2356.43M (Peak 2356.71M) | Time:00:01.40 | Syncing QA:Superior pharyngeal constricto
Fra:0 Mem:2357.21M (Peak 2357.50M) | Time:00:01.40 | Syncing QA:Superior rectus muscle.l
Fra:0 Mem:2357.51M (Peak 2357.51M) | Time:00:01.40 | Syncing QA:Superior rectus muscle.r
Fra:0 Mem:2357.81M (Peak 2357.81M) | Time:00:01.40 | Syncing QA:Superior tarsus.l
Fra:0 Mem:2357.99M (Peak 2357.99M) | Time:00:01.40 | Syncing QA:Superior tarsus.r
Fra:0 Mem:2358.16M (Peak 2358.16M) | Time:00:01.40 | Syncing QA:Supinator.l
Fra:0 Mem:2358.54M (Peak 2358.54M) | Time:00:01.40 | Syncing QA:Supinator.r
Fra:0 Mem:2358.92M (Peak 2358.92M) | Time:00:01.40 | Syncing QA:Suprapatellar bursa.l
Fra:0 Mem:2359.16M (Peak 2359.16M) | Time:00:01.40 | Syncing QA:Suprapatellar bursa.r
Fra:0 Mem:2359.39M (Peak 2359.39M) | Time:00:01.40 | Syncing QA:Supraspinatus muscle.l
Fra:0 Mem:2359.66M (Peak 2359.66M) | Time:00:01.40 | Syncing QA:Supraspinatus muscle.r
Fra:0 Mem:2359.93M (Peak 2359.93M) | Time:00:01.40 | Syncing QA:Synovial sheaths of digits of 
Fra:0 Mem:2360.54M (Peak 2360.54M) | Time:00:01.40 | Syncing QA:Synovial sheaths of digits of 
Fra:0 Mem:2361.14M (Peak 2361.14M) | Time:00:01.40 | Syncing QA:Talus.l
Fra:0 Mem:2361.40M (Peak 2361.40M) | Time:00:01.40 | Syncing QA:Talus.r
Fra:0 Mem:2361.67M (Peak 2361.67M) | Time:00:01.40 | Syncing QA:Temporal bone.l
Fra:0 Mem:2363.00M (Peak 2363.00M) | Time:00:01.41 | Syncing QA:Temporal bone.r
Fra:0 Mem:2364.34M (Peak 2364.34M) | Time:00:01.41 | Syncing QA:Temporalis muscle.l
Fra:0 Mem:2365.35M (Peak 2365.39M) | Time:00:01.41 | Syncing QA:Temporalis muscle.r
Fra:0 Mem:2366.37M (Peak 2366.40M) | Time:00:01.41 | Syncing QA:Temporoparietalis muscle.l
Fra:0 Mem:2367.52M (Peak 2367.52M) | Time:00:01.41 | Syncing QA:Temporoparietalis muscle.r
Fra:0 Mem:2368.68M (Peak 2368.68M) | Time:00:01.41 | Syncing QA:Tendinous arch of levator ani.
Fra:0 Mem:2368.89M (Peak 2368.89M) | Time:00:01.41 | Syncing QA:Tendinous arch of levator ani.
Fra:0 Mem:2369.11M (Peak 2369.11M) | Time:00:01.41 | Syncing QA:Tendon of extensor digitorum l
Fra:0 Mem:2369.69M (Peak 2369.69M) | Time:00:01.41 | Syncing QA:Tendon of extensor digitorum l
Fra:0 Mem:2370.28M (Peak 2370.28M) | Time:00:01.41 | Syncing QA:Tendon sheath - abd. pollicis 
Fra:0 Mem:2370.48M (Peak 2370.48M) | Time:00:01.41 | Syncing QA:Tendon sheath - abd. pollicis 
Fra:0 Mem:2370.67M (Peak 2370.67M) | Time:00:01.41 | Syncing QA:Tendon sheath of extensor carp
Fra:0 Mem:2370.88M (Peak 2370.88M) | Time:00:01.41 | Syncing QA:Tendon sheath of extensor carp
Fra:0 Mem:2371.10M (Peak 2371.10M) | Time:00:01.41 | Syncing QA:Tendon sheath of extensor digi
Fra:0 Mem:2371.29M (Peak 2371.29M) | Time:00:01.41 | Syncing QA:Tendon sheath of extensor digi
Fra:0 Mem:2371.47M (Peak 2371.47M) | Time:00:01.41 | Syncing QA:Tendon sheath of extensor digi
Fra:0 Mem:2371.78M (Peak 2371.78M) | Time:00:01.41 | Syncing QA:Tendon sheath of extensor digi
Fra:0 Mem:2372.08M (Peak 2372.08M) | Time:00:01.41 | Syncing QA:Tendon sheath of extensor digi
Fra:0 Mem:2372.37M (Peak 2372.37M) | Time:00:01.41 | Syncing QA:Tendon sheath of extensor digi
Fra:0 Mem:2372.65M (Peak 2372.65M) | Time:00:01.41 | Syncing QA:Tendon sheath of extensor hall
Fra:0 Mem:2372.84M (Peak 2372.84M) | Time:00:01.41 | Syncing QA:Tendon sheath of extensor hall
Fra:0 Mem:2373.03M (Peak 2373.03M) | Time:00:01.41 | Syncing QA:Tendon sheath of extensor poll
Fra:0 Mem:2373.21M (Peak 2373.21M) | Time:00:01.41 | Syncing QA:Tendon sheath of extensor poll
Fra:0 Mem:2373.39M (Peak 2373.39M) | Time:00:01.41 | Syncing QA:Tendon sheath of extensors car
Fra:0 Mem:2373.69M (Peak 2373.69M) | Time:00:01.41 | Syncing QA:Tendon sheath of extensors car
Fra:0 Mem:2373.99M (Peak 2373.99M) | Time:00:01.41 | Syncing QA:Tendon sheath of flexor carpi 
Fra:0 Mem:2374.21M (Peak 2374.21M) | Time:00:01.41 | Syncing QA:Tendon sheath of flexor carpi 
Fra:0 Mem:2374.43M (Peak 2374.43M) | Time:00:01.41 | Syncing QA:Tendon sheath of flexor digito
Fra:0 Mem:2374.60M (Peak 2374.60M) | Time:00:01.41 | Syncing QA:Tendon sheath of flexor digito
Fra:0 Mem:2374.77M (Peak 2374.77M) | Time:00:01.41 | Syncing QA:Tendon sheath of flexor halluc
Fra:0 Mem:2375.03M (Peak 2375.03M) | Time:00:01.41 | Syncing QA:Tendon sheath of flexor halluc
Fra:0 Mem:2375.29M (Peak 2375.29M) | Time:00:01.41 | Syncing QA:Tendon sheath of flexor pollic
Fra:0 Mem:2375.65M (Peak 2375.65M) | Time:00:01.41 | Syncing QA:Tendon sheath of flexor pollic
Fra:0 Mem:2376.00M (Peak 2376.00M) | Time:00:01.41 | Syncing QA:Tendon sheath of tibialis ante
Fra:0 Mem:2376.17M (Peak 2376.17M) | Time:00:01.41 | Syncing QA:Tendon sheath of tibialis ante
Fra:0 Mem:2376.33M (Peak 2376.33M) | Time:00:01.41 | Syncing QA:Tendon sheath of tibialis post
Fra:0 Mem:2376.50M (Peak 2376.50M) | Time:00:01.41 | Syncing QA:Tendon sheath of tibialis post
Fra:0 Mem:2376.67M (Peak 2376.67M) | Time:00:01.41 | Syncing QA:Tensor fasciae latae.l
Fra:0 Mem:2376.98M (Peak 2376.98M) | Time:00:01.41 | Syncing QA:Tensor fasciae latae.r
Fra:0 Mem:2377.29M (Peak 2377.29M) | Time:00:01.41 | Syncing QA:Tenth rib.l
Fra:0 Mem:2378.03M (Peak 2378.03M) | Time:00:01.41 | Syncing QA:Tenth rib.r
Fra:0 Mem:2378.77M (Peak 2378.77M) | Time:00:01.41 | Syncing QA:Teres major muscle.l
Fra:0 Mem:2379.01M (Peak 2379.01M) | Time:00:01.41 | Syncing QA:Teres major muscle.r
Fra:0 Mem:2379.26M (Peak 2379.26M) | Time:00:01.41 | Syncing QA:Teres minor muscle.l
Fra:0 Mem:2379.54M (Peak 2379.54M) | Time:00:01.41 | Syncing QA:Teres minor muscle.r
Fra:0 Mem:2379.82M (Peak 2379.82M) | Time:00:01.41 | Syncing QA:Third metacarpal bone.l
Fra:0 Mem:2380.03M (Peak 2380.03M) | Time:00:01.41 | Syncing QA:Third metacarpal bone.r
Fra:0 Mem:2380.24M (Peak 2380.24M) | Time:00:01.41 | Syncing QA:Third metatarsal bone.l
Fra:0 Mem:2380.46M (Peak 2380.46M) | Time:00:01.41 | Syncing QA:Third metatarsal bone.r
Fra:0 Mem:2380.68M (Peak 2380.68M) | Time:00:01.41 | Syncing QA:Third rib.l
Fra:0 Mem:2381.41M (Peak 2381.41M) | Time:00:01.41 | Syncing QA:Third rib.r
Fra:0 Mem:2382.15M (Peak 2382.15M) | Time:00:01.41 | Syncing QA:Thyro-epiglottic part of thyro
Fra:0 Mem:2382.67M (Peak 2382.67M) | Time:00:01.41 | Syncing QA:Thyro-epiglottic part of thyro
Fra:0 Mem:2383.19M (Peak 2383.19M) | Time:00:01.42 | Syncing QA:Thyrohyoid muscle.l
Fra:0 Mem:2383.40M (Peak 2383.40M) | Time:00:01.42 | Syncing QA:Thyrohyoid muscle.r
Fra:0 Mem:2383.61M (Peak 2383.61M) | Time:00:01.42 | Syncing QA:Thyroid cartilage
Fra:0 Mem:2384.13M (Peak 2384.13M) | Time:00:01.42 | Syncing QA:Tibia.l
Fra:0 Mem:2384.42M (Peak 2384.42M) | Time:00:01.42 | Syncing QA:Tibia.r
Fra:0 Mem:2384.71M (Peak 2384.71M) | Time:00:01.42 | Syncing QA:Tibialis anterior muscle.l
Fra:0 Mem:2385.16M (Peak 2385.16M) | Time:00:01.42 | Syncing QA:Tibialis anterior muscle.r
Fra:0 Mem:2385.61M (Peak 2385.61M) | Time:00:01.42 | Syncing QA:Tibialis posterior muscle.l
Fra:0 Mem:2386.22M (Peak 2386.22M) | Time:00:01.42 | Syncing QA:Tibialis posterior muscle.r
Fra:0 Mem:2386.84M (Peak 2386.84M) | Time:00:01.42 | Syncing QA:Transversalis fascia
Fra:0 Mem:2387.36M (Peak 2387.36M) | Time:00:01.42 | Syncing QA:Transverse arytenoid muscle
Fra:0 Mem:2387.73M (Peak 2387.73M) | Time:00:01.42 | Syncing QA:Transverse head of adductor ha
Fra:0 Mem:2387.91M (Peak 2387.91M) | Time:00:01.42 | Syncing QA:Transverse head of adductor ha
Fra:0 Mem:2388.09M (Peak 2388.09M) | Time:00:01.42 | Syncing QA:Transverse head of adductor po
Fra:0 Mem:2388.33M (Peak 2388.33M) | Time:00:01.42 | Syncing QA:Transverse head of adductor po
Fra:0 Mem:2388.56M (Peak 2388.56M) | Time:00:01.42 | Syncing QA:Transverse intermuscular septu
Fra:0 Mem:2388.77M (Peak 2388.77M) | Time:00:01.42 | Syncing QA:Transverse intermuscular septu
Fra:0 Mem:2388.98M (Peak 2388.98M) | Time:00:01.42 | Syncing QA:Transverse part of trapezius m
Fra:0 Mem:2389.38M (Peak 2389.38M) | Time:00:01.42 | Syncing QA:Transverse part of trapezius m
Fra:0 Mem:2389.78M (Peak 2389.78M) | Time:00:01.42 | Syncing QA:Transversus abdominis muscle.l
Fra:0 Mem:2392.82M (Peak 2392.82M) | Time:00:01.42 | Syncing QA:Transversus abdominis muscle.r
Fra:0 Mem:2395.86M (Peak 2395.86M) | Time:00:01.42 | Syncing QA:Transversus thoracis muscle.l
Fra:0 Mem:2396.15M (Peak 2396.15M) | Time:00:01.42 | Syncing QA:Transversus thoracis muscle.r
Fra:0 Mem:2396.44M (Peak 2396.44M) | Time:00:01.42 | Syncing QA:Trapezium bone.l
Fra:0 Mem:2396.63M (Peak 2396.63M) | Time:00:01.42 | Syncing QA:Trapezium bone.r
Fra:0 Mem:2396.83M (Peak 2396.83M) | Time:00:01.42 | Syncing QA:Trapezoid bone.l
Fra:0 Mem:2397.01M (Peak 2397.01M) | Time:00:01.42 | Syncing QA:Trapezoid bone.r
Fra:0 Mem:2397.19M (Peak 2397.19M) | Time:00:01.42 | Syncing QA:Triquetrum bone.l
Fra:0 Mem:2397.35M (Peak 2397.35M) | Time:00:01.42 | Syncing QA:Triquetrum bone.r
Fra:0 Mem:2397.52M (Peak 2397.52M) | Time:00:01.42 | Syncing QA:Trochanteric bursa of gluteus 
Fra:0 Mem:2397.77M (Peak 2397.77M) | Time:00:01.42 | Syncing QA:Trochanteric bursa of gluteus 
Fra:0 Mem:2398.01M (Peak 2398.01M) | Time:00:01.42 | Syncing QA:Trochanteric bursa of gluteus 
Fra:0 Mem:2398.26M (Peak 2398.26M) | Time:00:01.42 | Syncing QA:Trochanteric bursa of gluteus 
Fra:0 Mem:2398.50M (Peak 2398.50M) | Time:00:01.42 | Syncing QA:Trochanteric bursa of gluteus 
Fra:0 Mem:2398.75M (Peak 2398.75M) | Time:00:01.42 | Syncing QA:Trochanteric bursa of gluteus 
Fra:0 Mem:2399.00M (Peak 2399.00M) | Time:00:01.42 | Syncing QA:Trochlea of superior oblique m
Fra:0 Mem:2399.17M (Peak 2399.17M) | Time:00:01.42 | Syncing QA:Trochlea of superior oblique m
Fra:0 Mem:2399.34M (Peak 2399.34M) | Time:00:01.42 | Syncing QA:Twelfth rib.l
Fra:0 Mem:2399.75M (Peak 2399.75M) | Time:00:01.42 | Syncing QA:Twelfth rib.r
Fra:0 Mem:2400.15M (Peak 2400.15M) | Time:00:01.42 | Syncing QA:Ulna.l
Fra:0 Mem:2400.37M (Peak 2400.37M) | Time:00:01.42 | Syncing QA:Ulna.r
Fra:0 Mem:2400.60M (Peak 2400.60M) | Time:00:01.42 | Syncing QA:Ulnar head of extensor carpi u
Fra:0 Mem:2400.82M (Peak 2400.82M) | Time:00:01.43 | Syncing QA:Ulnar head of extensor carpi u
Fra:0 Mem:2401.04M (Peak 2401.04M) | Time:00:01.43 | Syncing QA:Ulnar head of flexor carpi uln
Fra:0 Mem:2401.31M (Peak 2401.31M) | Time:00:01.43 | Syncing QA:Ulnar head of flexor carpi uln
Fra:0 Mem:2401.59M (Peak 2401.59M) | Time:00:01.43 | Syncing QA:Upper canine.l
Fra:0 Mem:2401.86M (Peak 2401.86M) | Time:00:01.43 | Syncing QA:Upper canine.r
Fra:0 Mem:2402.13M (Peak 2402.13M) | Time:00:01.43 | Syncing QA:Upper first molar tooth.l
Fra:0 Mem:2402.47M (Peak 2402.47M) | Time:00:01.43 | Syncing QA:Upper first molar tooth.r
Fra:0 Mem:2402.80M (Peak 2402.80M) | Time:00:01.43 | Syncing QA:Upper first premolar.l
Fra:0 Mem:2403.09M (Peak 2403.09M) | Time:00:01.43 | Syncing QA:Upper first premolar.r
Fra:0 Mem:2403.38M (Peak 2403.38M) | Time:00:01.43 | Syncing QA:Upper lateral incisor.l
Fra:0 Mem:2403.65M (Peak 2403.65M) | Time:00:01.43 | Syncing QA:Upper lateral incisor.r
Fra:0 Mem:2403.92M (Peak 2403.92M) | Time:00:01.43 | Syncing QA:Upper medial incisor.l
Fra:0 Mem:2404.19M (Peak 2404.19M) | Time:00:01.43 | Syncing QA:Upper medial incisor.r
Fra:0 Mem:2404.45M (Peak 2404.45M) | Time:00:01.43 | Syncing QA:Upper second molar tooth.l
Fra:0 Mem:2404.76M (Peak 2404.76M) | Time:00:01.43 | Syncing QA:Upper second molar tooth.r
Fra:0 Mem:2405.07M (Peak 2405.07M) | Time:00:01.43 | Syncing QA:Upper second premolar.l
Fra:0 Mem:2405.35M (Peak 2405.35M) | Time:00:01.43 | Syncing QA:Upper second premolar.r
Fra:0 Mem:2405.63M (Peak 2405.63M) | Time:00:01.43 | Syncing QA:Vastus intermedius muscle.l
Fra:0 Mem:2406.29M (Peak 2406.29M) | Time:00:01.43 | Syncing QA:Vastus intermedius muscle.r
Fra:0 Mem:2406.96M (Peak 2406.96M) | Time:00:01.43 | Syncing QA:Vastus lateralis muscle.l
Fra:0 Mem:2407.90M (Peak 2407.90M) | Time:00:01.43 | Syncing QA:Vastus lateralis muscle.r
Fra:0 Mem:2408.84M (Peak 2408.84M) | Time:00:01.43 | Syncing QA:Vastus medialis muscle.l
Fra:0 Mem:2409.53M (Peak 2409.53M) | Time:00:01.43 | Syncing QA:Vastus medialis muscle.r
Fra:0 Mem:2410.23M (Peak 2410.23M) | Time:00:01.43 | Syncing QA:Ventral parts of lateral inter
Fra:0 Mem:2410.46M (Peak 2410.46M) | Time:00:01.43 | Syncing QA:Ventral parts of lateral inter
Fra:0 Mem:2410.69M (Peak 2410.69M) | Time:00:01.43 | Syncing QA:Vertebra C3
Fra:0 Mem:2411.05M (Peak 2411.05M) | Time:00:01.43 | Syncing QA:Vertebra C4
Fra:0 Mem:2411.36M (Peak 2411.36M) | Time:00:01.43 | Syncing QA:Vertebra C5
Fra:0 Mem:2411.71M (Peak 2411.71M) | Time:00:01.43 | Syncing QA:Vertebra C6
Fra:0 Mem:2412.05M (Peak 2412.05M) | Time:00:01.43 | Syncing QA:Vertebra C7
Fra:0 Mem:2412.38M (Peak 2412.38M) | Time:00:01.43 | Syncing QA:Vertebra L1
Fra:0 Mem:2412.79M (Peak 2412.79M) | Time:00:01.44 | Syncing QA:Vertebra L2
Fra:0 Mem:2413.16M (Peak 2413.16M) | Time:00:01.44 | Syncing QA:Vertebra L3
Fra:0 Mem:2413.57M (Peak 2413.57M) | Time:00:01.44 | Syncing QA:Vertebra L4
Fra:0 Mem:2414.04M (Peak 2414.04M) | Time:00:01.44 | Syncing QA:Vertebra L5
Fra:0 Mem:2414.53M (Peak 2414.53M) | Time:00:01.44 | Syncing QA:Vertebra T1
Fra:0 Mem:2414.84M (Peak 2414.84M) | Time:00:01.44 | Syncing QA:Vertebra T10
Fra:0 Mem:2415.24M (Peak 2415.24M) | Time:00:01.44 | Syncing QA:Vertebra T11
Fra:0 Mem:2415.54M (Peak 2415.54M) | Time:00:01.45 | Syncing QA:Vertebra T12
Fra:0 Mem:2415.91M (Peak 2415.91M) | Time:00:01.45 | Syncing QA:Vertebra T2
Fra:0 Mem:2416.24M (Peak 2416.24M) | Time:00:01.45 | Syncing QA:Vertebra T3
Fra:0 Mem:2416.59M (Peak 2416.59M) | Time:00:01.45 | Syncing QA:Vertebra T4
Fra:0 Mem:2416.92M (Peak 2416.92M) | Time:00:01.45 | Syncing QA:Vertebra T5
Fra:0 Mem:2417.25M (Peak 2417.25M) | Time:00:01.45 | Syncing QA:Vertebra T6
Fra:0 Mem:2417.55M (Peak 2417.55M) | Time:00:01.45 | Syncing QA:Vertebra T7
Fra:0 Mem:2417.93M (Peak 2417.93M) | Time:00:01.45 | Syncing QA:Vertebra T8
Fra:0 Mem:2418.23M (Peak 2418.23M) | Time:00:01.45 | Syncing QA:Vertebra T9
Fra:0 Mem:2418.63M (Peak 2418.63M) | Time:00:01.45 | Syncing QA:Vomer
Fra:0 Mem:2418.86M (Peak 2418.86M) | Time:00:01.45 | Syncing QA:Xiphoid process
Fra:0 Mem:2419.09M (Peak 2419.09M) | Time:00:01.45 | Syncing QA:Zygomatic bone.l
Fra:0 Mem:2419.35M (Peak 2419.35M) | Time:00:01.45 | Syncing QA:Zygomatic bone.r
Fra:0 Mem:2419.61M (Peak 2419.61M) | Time:00:01.45 | Syncing QA:Zygomaticus major muscle.l
Fra:0 Mem:2419.83M (Peak 2419.83M) | Time:00:01.45 | Syncing QA:Zygomaticus major muscle.r
Fra:0 Mem:2420.05M (Peak 2420.05M) | Time:00:01.45 | Syncing QA:Zygomaticus minor muscle.l
Fra:0 Mem:2420.24M (Peak 2420.24M) | Time:00:01.45 | Syncing QA:Zygomaticus minor muscle.r
Fra:0 Mem:2420.42M (Peak 2420.42M) | Time:00:01.45 | Syncing T98 camera
Fra:0 Mem:2420.42M (Peak 2420.42M) | Time:00:01.45 | Syncing T98 light
Fra:0 Mem:2420.42M (Peak 2420.42M) | Time:00:01.45 | Syncing T98 light.001
Fra:0 Mem:2410.94M (Peak 2420.42M) | Time:00:01.45 | Rendering 1 / 16 samples
Fra:0 Mem:2213.52M (Peak 2420.42M) | Time:00:01.77 | Rendering 16 / 16 samples
Saved: '/Users/daniel/Downloads/SIM /HUMAN ATLAS/work/evidence/T98/astra-resolution-2026-09-29/source-minus-y.png'
 Time: 00:01.86 (Saving: 00:00.06)

Dependency cycle detected:
  OBOesophagus-profile/TRANSFORM_INIT() depends on
  OBOesophagus/GEOMETRY_EVAL() via 'Curve Follow Parent'
  OBOesophagus/MODIFIER(Solidify) via 'modifier stack order'
  OBOesophagus/GEOMETRY_EVAL_INIT() via 'Modifier'
  CUOesophagus/GEOMETRY_EVAL_DONE() via 'Object Geometry Base Data'
  CUOesophagus/GEOMETRY_EVAL() via 'ObData Geom Eval Done'
  OBOesophagus-profile/TRANSFORM_FINAL() via 'Curve Bevel Transform'
  OBOesophagus-profile/TRANSFORM_SIMULATION_INIT() via 'Simulation -> Final Transform'
  OBOesophagus-profile/TRANSFORM_EVAL() via 'Transform Eval -> Simulation Init'
  OBOesophagus-profile/TRANSFORM_PARENT() via 'Eval'
  OBOesophagus-profile/TRANSFORM_LOCAL() via 'ObLocal -> ObParent'
  OBOesophagus-profile/TRANSFORM_INIT() via 'Transform Init'
Detected 1 dependency cycles
Fra:0 Mem:2069.18M (Peak 2069.18M) | Time:00:00.04 | Syncing QA:(Abdominal part of pectoralis 
Fra:0 Mem:2069.43M (Peak 2069.43M) | Time:00:00.04 | Syncing QA:(Abdominal part of pectoralis 
Fra:0 Mem:2069.69M (Peak 2069.69M) | Time:00:00.04 | Syncing QA:(Adductor minimus).l
Fra:0 Mem:2069.90M (Peak 2069.90M) | Time:00:00.04 | Syncing QA:(Adductor minimus).r
Fra:0 Mem:2070.12M (Peak 2070.12M) | Time:00:00.04 | Syncing QA:(Iliopectineal bursa).l
Fra:0 Mem:2070.34M (Peak 2070.34M) | Time:00:00.04 | Syncing QA:(Iliopectineal bursa).r
Fra:0 Mem:2070.56M (Peak 2070.56M) | Time:00:00.04 | Syncing QA:(Opponens digiti minimi muscle
Fra:0 Mem:2070.73M (Peak 2070.73M) | Time:00:00.04 | Syncing QA:(Opponens digiti minimi muscle
Fra:0 Mem:2070.90M (Peak 2070.90M) | Time:00:00.04 | Syncing QA:Abductor digiti minimi of foot
Fra:0 Mem:2071.14M (Peak 2071.14M) | Time:00:00.04 | Syncing QA:Abductor digiti minimi of foot
Fra:0 Mem:2071.37M (Peak 2071.37M) | Time:00:00.04 | Syncing QA:Abductor digiti minimi of hand
Fra:0 Mem:2071.57M (Peak 2071.57M) | Time:00:00.04 | Syncing QA:Abductor digiti minimi of hand
Fra:0 Mem:2071.77M (Peak 2071.77M) | Time:00:00.04 | Syncing QA:Abductor hallucis.l
Fra:0 Mem:2072.03M (Peak 2072.03M) | Time:00:00.04 | Syncing QA:Abductor hallucis.r
Fra:0 Mem:2072.30M (Peak 2072.30M) | Time:00:00.04 | Syncing QA:Abductor pollicis brevis.l
Fra:0 Mem:2072.49M (Peak 2072.49M) | Time:00:00.04 | Syncing QA:Abductor pollicis brevis.r
Fra:0 Mem:2072.69M (Peak 2072.69M) | Time:00:00.04 | Syncing QA:Abductor pollicis longus.l
Fra:0 Mem:2073.01M (Peak 2073.01M) | Time:00:00.04 | Syncing QA:Abductor pollicis longus.r
Fra:0 Mem:2073.33M (Peak 2073.33M) | Time:00:00.04 | Syncing QA:Acromial part of deltoid muscl
Fra:0 Mem:2073.68M (Peak 2073.68M) | Time:00:00.04 | Syncing QA:Acromial part of deltoid muscl
Fra:0 Mem:2074.03M (Peak 2074.03M) | Time:00:00.04 | Syncing QA:Adductor brevis.l
Fra:0 Mem:2074.33M (Peak 2074.33M) | Time:00:00.04 | Syncing QA:Adductor brevis.r
Fra:0 Mem:2074.63M (Peak 2074.63M) | Time:00:00.04 | Syncing QA:Adductor longus.l
Fra:0 Mem:2075.03M (Peak 2075.03M) | Time:00:00.04 | Syncing QA:Adductor longus.r
Fra:0 Mem:2075.44M (Peak 2075.44M) | Time:00:00.04 | Syncing QA:Adductor magnus.l
Fra:0 Mem:2076.15M (Peak 2076.15M) | Time:00:00.04 | Syncing QA:Adductor magnus.r
Fra:0 Mem:2076.87M (Peak 2076.87M) | Time:00:00.04 | Syncing QA:Anconeus muscle.l
Fra:0 Mem:2077.12M (Peak 2077.12M) | Time:00:00.04 | Syncing QA:Anconeus muscle.r
Fra:0 Mem:2077.37M (Peak 2077.37M) | Time:00:00.04 | Syncing QA:Anserine bursa.l
Fra:0 Mem:2077.58M (Peak 2077.58M) | Time:00:00.04 | Syncing QA:Anserine bursa.r
Fra:0 Mem:2077.79M (Peak 2077.79M) | Time:00:00.04 | Syncing QA:Antebrachial fascia.l
Fra:0 Mem:2078.26M (Peak 2078.26M) | Time:00:00.04 | Syncing QA:Antebrachial fascia.r
Fra:0 Mem:2078.74M (Peak 2078.74M) | Time:00:00.04 | Syncing QA:Anterior belly of digastric mu
Fra:0 Mem:2078.92M (Peak 2078.92M) | Time:00:00.04 | Syncing QA:Anterior belly of digastric mu
Fra:0 Mem:2079.09M (Peak 2079.09M) | Time:00:00.04 | Syncing QA:Anterior cells of ethmoid bone
Fra:0 Mem:2079.28M (Peak 2079.28M) | Time:00:00.04 | Syncing QA:Anterior cells of ethmoid bone
Fra:0 Mem:2079.47M (Peak 2079.47M) | Time:00:00.04 | Syncing QA:Anterior intermuscular septum 
Fra:0 Mem:2079.64M (Peak 2079.64M) | Time:00:00.04 | Syncing QA:Anterior intermuscular septum 
Fra:0 Mem:2079.81M (Peak 2079.81M) | Time:00:00.04 | Syncing QA:Anterior layer of thoracolumba
Fra:0 Mem:2079.98M (Peak 2079.98M) | Time:00:00.04 | Syncing QA:Anterior layer of thoracolumba
Fra:0 Mem:2080.14M (Peak 2080.14M) | Time:00:00.04 | Syncing QA:Ary-epiglottic part of oblique
Fra:0 Mem:2080.40M (Peak 2080.40M) | Time:00:00.04 | Syncing QA:Ary-epiglottic part of oblique
Fra:0 Mem:2080.65M (Peak 2080.65M) | Time:00:00.04 | Syncing QA:Arytenoid cartilage.l
Fra:0 Mem:2081.08M (Peak 2081.08M) | Time:00:00.04 | Syncing QA:Arytenoid cartilage.r
Fra:0 Mem:2081.50M (Peak 2081.50M) | Time:00:00.05 | Syncing QA:Ascending part of trapezius mu
Fra:0 Mem:2081.97M (Peak 2081.97M) | Time:00:00.05 | Syncing QA:Ascending part of trapezius mu
Fra:0 Mem:2082.43M (Peak 2082.43M) | Time:00:00.05 | Syncing QA:Atlas (C1)
Fra:0 Mem:2082.73M (Peak 2082.73M) | Time:00:00.05 | Syncing QA:Axis (C2)
Fra:0 Mem:2083.04M (Peak 2083.04M) | Time:00:00.05 | Syncing QA:Bicipitoradial bursa.l
Fra:0 Mem:2083.26M (Peak 2083.26M) | Time:00:00.05 | Syncing QA:Bicipitoradial bursa.r
Fra:0 Mem:2083.49M (Peak 2083.49M) | Time:00:00.05 | Syncing QA:Body of sternum
Fra:0 Mem:2083.94M (Peak 2083.94M) | Time:00:00.05 | Syncing QA:Brachial fascia.l
Fra:0 Mem:2084.32M (Peak 2084.32M) | Time:00:00.05 | Syncing QA:Brachial fascia.r
Fra:0 Mem:2084.69M (Peak 2084.69M) | Time:00:00.05 | Syncing QA:Brachialis muscle.l
Fra:0 Mem:2085.08M (Peak 2085.08M) | Time:00:00.05 | Syncing QA:Brachialis muscle.r
Fra:0 Mem:2085.47M (Peak 2085.47M) | Time:00:00.05 | Syncing QA:Brachioradialis muscle.l
Fra:0 Mem:2086.12M (Peak 2086.12M) | Time:00:00.05 | Syncing QA:Brachioradialis muscle.r
Fra:0 Mem:2086.77M (Peak 2086.77M) | Time:00:00.05 | Syncing QA:Bucinator.l
Fra:0 Mem:2086.98M (Peak 2086.98M) | Time:00:00.05 | Syncing QA:Bucinator.r
Fra:0 Mem:2087.19M (Peak 2087.19M) | Time:00:00.05 | Syncing QA:Bursa of piriformis muscle.l
Fra:0 Mem:2087.42M (Peak 2087.42M) | Time:00:00.05 | Syncing QA:Bursa of piriformis muscle.r
Fra:0 Mem:2087.64M (Peak 2087.64M) | Time:00:00.05 | Syncing QA:Calcaneal tendon.l
Fra:0 Mem:2088.09M (Peak 2088.09M) | Time:00:00.05 | Syncing QA:Calcaneal tendon.r
Fra:0 Mem:2088.54M (Peak 2088.54M) | Time:00:00.05 | Syncing QA:Calcaneus.l
Fra:0 Mem:2088.79M (Peak 2088.79M) | Time:00:00.05 | Syncing QA:Calcaneus.r
Fra:0 Mem:2089.04M (Peak 2089.04M) | Time:00:00.05 | Syncing QA:Capitate bone.l
Fra:0 Mem:2089.22M (Peak 2089.22M) | Time:00:00.05 | Syncing QA:Capitate bone.r
Fra:0 Mem:2089.41M (Peak 2089.41M) | Time:00:00.05 | Syncing QA:Clavicle.l
Fra:0 Mem:2089.66M (Peak 2089.66M) | Time:00:00.05 | Syncing QA:Clavicle.r
Fra:0 Mem:2089.92M (Peak 2089.92M) | Time:00:00.05 | Syncing QA:Clavicular head of pectoralis 
Fra:0 Mem:2090.13M (Peak 2090.13M) | Time:00:00.05 | Syncing QA:Clavicular head of pectoralis 
Fra:0 Mem:2090.34M (Peak 2090.34M) | Time:00:00.05 | Syncing QA:Clavicular part of deltoid mus
Fra:0 Mem:2090.69M (Peak 2090.69M) | Time:00:00.05 | Syncing QA:Clavicular part of deltoid mus
Fra:0 Mem:2091.04M (Peak 2091.04M) | Time:00:00.05 | Syncing QA:Clavipectoral fascia.l
Fra:0 Mem:2091.25M (Peak 2091.25M) | Time:00:00.05 | Syncing QA:Clavipectoral fascia.r
Fra:0 Mem:2091.47M (Peak 2091.47M) | Time:00:00.05 | Syncing QA:Coccygeus muscle.l
Fra:0 Mem:2091.69M (Peak 2091.69M) | Time:00:00.05 | Syncing QA:Coccygeus muscle.r
Fra:0 Mem:2091.91M (Peak 2091.91M) | Time:00:00.05 | Syncing QA:Coccyx
Fra:0 Mem:2092.14M (Peak 2092.14M) | Time:00:00.05 | Syncing QA:Common flexor tendon sheath.l
Fra:0 Mem:2092.33M (Peak 2092.33M) | Time:00:00.05 | Syncing QA:Common flexor tendon sheath.r
Fra:0 Mem:2093.17M (Peak 2093.17M) | Time:00:00.05 | Syncing QA:Common tendinous ring.l
Fra:0 Mem:2093.36M (Peak 2093.36M) | Time:00:00.05 | Syncing QA:Common tendinous ring.r
Fra:0 Mem:2093.55M (Peak 2093.55M) | Time:00:00.05 | Syncing QA:Common tendon sheath of fibula
Fra:0 Mem:2093.78M (Peak 2093.78M) | Time:00:00.05 | Syncing QA:Common tendon sheath of fibula
Fra:0 Mem:2094.00M (Peak 2094.00M) | Time:00:00.05 | Syncing QA:Coracobrachial bursa.l
Fra:0 Mem:2094.23M (Peak 2094.23M) | Time:00:00.05 | Syncing QA:Coracobrachial bursa.r
Fra:0 Mem:2094.45M (Peak 2094.45M) | Time:00:00.05 | Syncing QA:Coracobrachialis muscle.l
Fra:0 Mem:2094.68M (Peak 2094.68M) | Time:00:00.05 | Syncing QA:Coracobrachialis muscle.r
Fra:0 Mem:2094.91M (Peak 2094.91M) | Time:00:00.05 | Syncing QA:Corniculate cartilage.l
Fra:0 Mem:2095.07M (Peak 2095.07M) | Time:00:00.05 | Syncing QA:Corniculate cartilage.r
Fra:0 Mem:2095.24M (Peak 2095.24M) | Time:00:00.05 | Syncing QA:Corrugator supercilii.l
Fra:0 Mem:2095.41M (Peak 2095.41M) | Time:00:00.05 | Syncing QA:Corrugator supercilii.r
Fra:0 Mem:2095.58M (Peak 2095.58M) | Time:00:00.05 | Syncing QA:Costal cartilage of eighth rib
Fra:0 Mem:2095.86M (Peak 2095.86M) | Time:00:00.05 | Syncing QA:Costal cartilage of eighth rib
Fra:0 Mem:2096.14M (Peak 2096.14M) | Time:00:00.05 | Syncing QA:Costal cartilage of fifth rib.
Fra:0 Mem:2096.61M (Peak 2096.61M) | Time:00:00.05 | Syncing QA:Costal cartilage of fifth rib.
Fra:0 Mem:2097.09M (Peak 2097.09M) | Time:00:00.05 | Syncing QA:Costal cartilage of first rib.
Fra:0 Mem:2097.37M (Peak 2097.37M) | Time:00:00.05 | Syncing QA:Costal cartilage of first rib.
Fra:0 Mem:2097.66M (Peak 2097.66M) | Time:00:00.05 | Syncing QA:Costal cartilage of fourth rib
Fra:0 Mem:2098.03M (Peak 2098.03M) | Time:00:00.05 | Syncing QA:Costal cartilage of fourth rib
Fra:0 Mem:2098.41M (Peak 2098.41M) | Time:00:00.05 | Syncing QA:Costal cartilage of ninth rib.
Fra:0 Mem:2098.65M (Peak 2098.65M) | Time:00:00.05 | Syncing QA:Costal cartilage of ninth rib.
Fra:0 Mem:2098.90M (Peak 2098.90M) | Time:00:00.05 | Syncing QA:Costal cartilage of second rib
Fra:0 Mem:2099.22M (Peak 2099.22M) | Time:00:00.05 | Syncing QA:Costal cartilage of second rib
Fra:0 Mem:2099.54M (Peak 2099.54M) | Time:00:00.05 | Syncing QA:Costal cartilage of seventh ri
Fra:0 Mem:2100.37M (Peak 2100.37M) | Time:00:00.05 | Syncing QA:Costal cartilage of seventh ri
Fra:0 Mem:2101.21M (Peak 2101.21M) | Time:00:00.05 | Syncing QA:Costal cartilage of sixth rib.
Fra:0 Mem:2101.76M (Peak 2101.76M) | Time:00:00.05 | Syncing QA:Costal cartilage of sixth rib.
Fra:0 Mem:2102.31M (Peak 2102.31M) | Time:00:00.05 | Syncing QA:Costal cartilage of tenth rib.
Fra:0 Mem:2102.54M (Peak 2102.54M) | Time:00:00.05 | Syncing QA:Costal cartilage of tenth rib.
Fra:0 Mem:2102.77M (Peak 2102.77M) | Time:00:00.05 | Syncing QA:Costal cartilage of third rib.
Fra:0 Mem:2103.10M (Peak 2103.10M) | Time:00:00.05 | Syncing QA:Costal cartilage of third rib.
Fra:0 Mem:2103.42M (Peak 2103.42M) | Time:00:00.05 | Syncing QA:Cricoid cartilage
Fra:0 Mem:2103.76M (Peak 2103.76M) | Time:00:00.05 | Syncing QA:Cruciform part of fibrous shea
Fra:0 Mem:2104.15M (Peak 2104.15M) | Time:00:00.05 | Syncing QA:Cruciform part of fibrous shea
Fra:0 Mem:2104.53M (Peak 2104.53M) | Time:00:00.05 | Syncing QA:Crural fascia.l
Fra:0 Mem:2105.48M (Peak 2105.60M) | Time:00:00.05 | Syncing QA:Crural fascia.r
Fra:0 Mem:2106.42M (Peak 2106.55M) | Time:00:00.05 | Syncing QA:Cuboid bone.l
Fra:0 Mem:2106.64M (Peak 2106.64M) | Time:00:00.05 | Syncing QA:Cuboid bone.r
Fra:0 Mem:2106.86M (Peak 2106.86M) | Time:00:00.05 | Syncing QA:Deep head of flexor pollicis b
Fra:0 Mem:2107.06M (Peak 2107.06M) | Time:00:00.05 | Syncing QA:Deep head of flexor pollicis b
Fra:0 Mem:2107.26M (Peak 2107.26M) | Time:00:00.05 | Syncing QA:Deep head of pronator teres.l
Fra:0 Mem:2107.49M (Peak 2107.49M) | Time:00:00.05 | Syncing QA:Deep head of pronator teres.r
Fra:0 Mem:2107.72M (Peak 2107.72M) | Time:00:00.05 | Syncing QA:Deep infrapatellar bursa.l
Fra:0 Mem:2107.92M (Peak 2107.92M) | Time:00:00.05 | Syncing QA:Deep infrapatellar bursa.r
Fra:0 Mem:2108.12M (Peak 2108.12M) | Time:00:00.05 | Syncing QA:Deep part of masseter.l
Fra:0 Mem:2108.34M (Peak 2108.34M) | Time:00:00.05 | Syncing QA:Deep part of masseter.r
Fra:0 Mem:2108.55M (Peak 2108.55M) | Time:00:00.05 | Syncing QA:Deltoid fascia.l
Fra:0 Mem:2108.97M (Peak 2108.97M) | Time:00:00.05 | Syncing QA:Deltoid fascia.r
Fra:0 Mem:2109.38M (Peak 2109.38M) | Time:00:00.06 | Syncing QA:Depressor anguli oris.l
Fra:0 Mem:2109.57M (Peak 2109.57M) | Time:00:00.06 | Syncing QA:Depressor anguli oris.r
Fra:0 Mem:2109.76M (Peak 2109.76M) | Time:00:00.06 | Syncing QA:Depressor labii inferioris.l
Fra:0 Mem:2109.97M (Peak 2109.97M) | Time:00:00.06 | Syncing QA:Depressor labii inferioris.r
Fra:0 Mem:2110.18M (Peak 2110.18M) | Time:00:00.06 | Syncing QA:Depressor septi nasi.l
Fra:0 Mem:2110.35M (Peak 2110.35M) | Time:00:00.06 | Syncing QA:Depressor septi nasi.r
Fra:0 Mem:2110.52M (Peak 2110.52M) | Time:00:00.06 | Syncing QA:Descending part of trapezius m
Fra:0 Mem:2111.13M (Peak 2111.13M) | Time:00:00.06 | Syncing QA:Descending part of trapezius m
Fra:0 Mem:2111.75M (Peak 2111.75M) | Time:00:00.06 | Syncing QA:Diaphragm
Fra:0 Mem:2113.82M (Peak 2113.82M) | Time:00:00.06 | Syncing QA:Diaphragmatic fascia
Fra:0 Mem:2114.32M (Peak 2114.32M) | Time:00:00.06 | Syncing QA:Distal phalanx of fifth finger
Fra:0 Mem:2114.48M (Peak 2114.48M) | Time:00:00.06 | Syncing QA:Distal phalanx of fifth finger
Fra:0 Mem:2114.65M (Peak 2114.65M) | Time:00:00.06 | Syncing QA:Distal phalanx of fifth finger
Fra:0 Mem:2114.81M (Peak 2114.81M) | Time:00:00.06 | Syncing QA:Distal phalanx of fifth finger
Fra:0 Mem:2114.98M (Peak 2114.98M) | Time:00:00.06 | Syncing QA:Distal phalanx of first finger
Fra:0 Mem:2115.16M (Peak 2115.16M) | Time:00:00.06 | Syncing QA:Distal phalanx of first finger
Fra:0 Mem:2115.34M (Peak 2115.34M) | Time:00:00.06 | Syncing QA:Distal phalanx of first finger
Fra:0 Mem:2115.51M (Peak 2115.51M) | Time:00:00.06 | Syncing QA:Distal phalanx of first finger
Fra:0 Mem:2115.67M (Peak 2115.67M) | Time:00:00.06 | Syncing QA:Distal phalanx of fourth finge
Fra:0 Mem:2115.84M (Peak 2115.84M) | Time:00:00.06 | Syncing QA:Distal phalanx of fourth finge
Fra:0 Mem:2116.01M (Peak 2116.01M) | Time:00:00.06 | Syncing QA:Distal phalanx of fourth finge
Fra:0 Mem:2116.17M (Peak 2116.17M) | Time:00:00.06 | Syncing QA:Distal phalanx of fourth finge
Fra:0 Mem:2116.33M (Peak 2116.33M) | Time:00:00.06 | Syncing QA:Distal phalanx of second finge
Fra:0 Mem:2116.50M (Peak 2116.50M) | Time:00:00.06 | Syncing QA:Distal phalanx of second finge
Fra:0 Mem:2116.67M (Peak 2116.67M) | Time:00:00.06 | Syncing QA:Distal phalanx of second finge
Fra:0 Mem:2116.83M (Peak 2116.83M) | Time:00:00.06 | Syncing QA:Distal phalanx of second finge
Fra:0 Mem:2117.00M (Peak 2117.00M) | Time:00:00.06 | Syncing QA:Distal phalanx of third finger
Fra:0 Mem:2117.17M (Peak 2117.17M) | Time:00:00.06 | Syncing QA:Distal phalanx of third finger
Fra:0 Mem:2117.35M (Peak 2117.35M) | Time:00:00.06 | Syncing QA:Distal phalanx of third finger
Fra:0 Mem:2117.51M (Peak 2117.51M) | Time:00:00.06 | Syncing QA:Distal phalanx of third finger
Fra:0 Mem:2117.67M (Peak 2117.67M) | Time:00:00.06 | Syncing QA:Dorsal fascia of hand.l
Fra:0 Mem:2117.93M (Peak 2117.93M) | Time:00:00.06 | Syncing QA:Dorsal fascia of hand.r
Fra:0 Mem:2118.19M (Peak 2118.19M) | Time:00:00.06 | Syncing QA:Dorsal interossei muscles of f
Fra:0 Mem:2118.47M (Peak 2118.47M) | Time:00:00.06 | Syncing QA:Dorsal interossei muscles of f
Fra:0 Mem:2118.76M (Peak 2118.76M) | Time:00:00.06 | Syncing QA:Dorsal interossei muscles of h
Fra:0 Mem:2119.00M (Peak 2119.00M) | Time:00:00.06 | Syncing QA:Dorsal interossei muscles of h
Fra:0 Mem:2119.24M (Peak 2119.24M) | Time:00:00.06 | Syncing QA:Dorsal parts of lateral intert
Fra:0 Mem:2119.44M (Peak 2119.44M) | Time:00:00.06 | Syncing QA:Dorsal parts of lateral intert
Fra:0 Mem:2119.64M (Peak 2119.64M) | Time:00:00.06 | Syncing QA:Eighth rib.l
Fra:0 Mem:2120.36M (Peak 2120.36M) | Time:00:00.06 | Syncing QA:Eighth rib.r
Fra:0 Mem:2121.08M (Peak 2121.08M) | Time:00:00.06 | Syncing QA:Eleventh rib.l
Fra:0 Mem:2121.58M (Peak 2121.58M) | Time:00:00.06 | Syncing QA:Eleventh rib.r
Fra:0 Mem:2122.07M (Peak 2122.07M) | Time:00:00.06 | Syncing QA:Epicranial aponeurosis.l
Fra:0 Mem:2123.60M (Peak 2123.60M) | Time:00:00.06 | Syncing QA:Epicranial aponeurosis.r
Fra:0 Mem:2125.14M (Peak 2125.14M) | Time:00:00.06 | Syncing QA:Ethmoid bone
Fra:0 Mem:2125.85M (Peak 2125.85M) | Time:00:00.06 | Syncing QA:Extensor carpi radialis brevis
Fra:0 Mem:2126.22M (Peak 2126.22M) | Time:00:00.06 | Syncing QA:Extensor carpi radialis brevis
Fra:0 Mem:2126.58M (Peak 2126.58M) | Time:00:00.06 | Syncing QA:Extensor carpi radialis longus
Fra:0 Mem:2126.99M (Peak 2126.99M) | Time:00:00.06 | Syncing QA:Extensor carpi radialis longus
Fra:0 Mem:2127.39M (Peak 2127.39M) | Time:00:00.06 | Syncing QA:Extensor digiti minimi.l
Fra:0 Mem:2127.69M (Peak 2127.69M) | Time:00:00.06 | Syncing QA:Extensor digiti minimi.r
Fra:0 Mem:2127.99M (Peak 2127.99M) | Time:00:00.06 | Syncing QA:Extensor digitorum brevis.l
Fra:0 Mem:2128.36M (Peak 2128.36M) | Time:00:00.06 | Syncing QA:Extensor digitorum brevis.r
Fra:0 Mem:2128.73M (Peak 2128.73M) | Time:00:00.06 | Syncing QA:Extensor digitorum longus.l
Fra:0 Mem:2129.10M (Peak 2129.10M) | Time:00:00.06 | Syncing QA:Extensor digitorum longus.r
Fra:0 Mem:2129.47M (Peak 2129.47M) | Time:00:00.06 | Syncing QA:Extensor digitorum.l
Fra:0 Mem:2130.06M (Peak 2130.06M) | Time:00:00.06 | Syncing QA:Extensor digitorum.r
Fra:0 Mem:2130.65M (Peak 2130.65M) | Time:00:00.06 | Syncing QA:Extensor hallucis brevis.l
Fra:0 Mem:2130.88M (Peak 2130.88M) | Time:00:00.06 | Syncing QA:Extensor hallucis brevis.r
Fra:0 Mem:2131.10M (Peak 2131.10M) | Time:00:00.06 | Syncing QA:Extensor hallucis longus.l
Fra:0 Mem:2131.42M (Peak 2131.42M) | Time:00:00.06 | Syncing QA:Extensor hallucis longus.r
Fra:0 Mem:2131.73M (Peak 2131.73M) | Time:00:00.06 | Syncing QA:Extensor indicis.l
Fra:0 Mem:2131.96M (Peak 2131.96M) | Time:00:00.06 | Syncing QA:Extensor indicis.r
Fra:0 Mem:2132.19M (Peak 2132.19M) | Time:00:00.06 | Syncing QA:Extensor pollicis brevis.l
Fra:0 Mem:2132.42M (Peak 2132.42M) | Time:00:00.06 | Syncing QA:Extensor pollicis brevis.r
Fra:0 Mem:2132.65M (Peak 2132.65M) | Time:00:00.06 | Syncing QA:Extensor pollicis longus.l
Fra:0 Mem:2132.91M (Peak 2132.91M) | Time:00:00.06 | Syncing QA:Extensor pollicis longus.r
Fra:0 Mem:2133.17M (Peak 2133.17M) | Time:00:00.06 | Syncing QA:Extensor retinaculum of wrist.
Fra:0 Mem:2133.35M (Peak 2133.35M) | Time:00:00.06 | Syncing QA:Extensor retinaculum of wrist.
Fra:0 Mem:2133.53M (Peak 2133.53M) | Time:00:00.06 | Syncing QA:External abdominal oblique mus
Fra:0 Mem:2135.71M (Peak 2135.71M) | Time:00:00.06 | Syncing QA:External abdominal oblique mus
Fra:0 Mem:2137.90M (Peak 2137.90M) | Time:00:00.06 | Syncing QA:External anal sphincter.l
Fra:0 Mem:2138.06M (Peak 2138.06M) | Time:00:00.06 | Syncing QA:External anal sphincter.r
Fra:0 Mem:2138.22M (Peak 2138.22M) | Time:00:00.06 | Syncing QA:External intercostal muscles.l
Fra:0 Mem:2141.22M (Peak 2141.37M) | Time:00:00.06 | Syncing QA:External intercostal muscles.r
Fra:0 Mem:2144.21M (Peak 2144.36M) | Time:00:00.06 | Syncing QA:External part of thyro-aryteno
Fra:0 Mem:2144.59M (Peak 2144.59M) | Time:00:00.06 | Syncing QA:External part of thyro-aryteno
Fra:0 Mem:2144.97M (Peak 2144.97M) | Time:00:00.06 | Syncing QA:Fascia lata.l
Fra:0 Mem:2146.06M (Peak 2146.21M) | Time:00:00.06 | Syncing QA:Fascia lata.r
Fra:0 Mem:2147.15M (Peak 2147.30M) | Time:00:00.06 | Syncing QA:Femur.l
Fra:0 Mem:2147.56M (Peak 2147.56M) | Time:00:00.06 | Syncing QA:Femur.r
Fra:0 Mem:2147.97M (Peak 2147.97M) | Time:00:00.06 | Syncing QA:Fibula.l
Fra:0 Mem:2148.21M (Peak 2148.21M) | Time:00:00.07 | Syncing QA:Fibula.r
Fra:0 Mem:2148.45M (Peak 2148.45M) | Time:00:00.07 | Syncing QA:Fibularis brevis muscle.l
Fra:0 Mem:2148.84M (Peak 2148.84M) | Time:00:00.07 | Syncing QA:Fibularis brevis muscle.r
Fra:0 Mem:2149.22M (Peak 2149.22M) | Time:00:00.07 | Syncing QA:Fibularis longus muscle.l
Fra:0 Mem:2149.75M (Peak 2149.75M) | Time:00:00.07 | Syncing QA:Fibularis longus muscle.r
Fra:0 Mem:2150.28M (Peak 2150.28M) | Time:00:00.07 | Syncing QA:Fibularis tertius muscle.l
Fra:0 Mem:2150.47M (Peak 2150.47M) | Time:00:00.07 | Syncing QA:Fibularis tertius muscle.r
Fra:0 Mem:2150.66M (Peak 2150.66M) | Time:00:00.07 | Syncing QA:Fifth metacarpal bone.l
Fra:0 Mem:2150.85M (Peak 2150.85M) | Time:00:00.07 | Syncing QA:Fifth metacarpal bone.r
Fra:0 Mem:2151.03M (Peak 2151.03M) | Time:00:00.07 | Syncing QA:Fifth metatarsal bone.l
Fra:0 Mem:2151.25M (Peak 2151.25M) | Time:00:00.07 | Syncing QA:Fifth metatarsal bone.r
Fra:0 Mem:2151.46M (Peak 2151.46M) | Time:00:00.07 | Syncing QA:Fifth rib.l
Fra:0 Mem:2152.25M (Peak 2152.25M) | Time:00:00.07 | Syncing QA:Fifth rib.r
Fra:0 Mem:2153.05M (Peak 2153.05M) | Time:00:00.07 | Syncing QA:First metacarpal bone.l
Fra:0 Mem:2153.24M (Peak 2153.24M) | Time:00:00.07 | Syncing QA:First metacarpal bone.r
Fra:0 Mem:2153.44M (Peak 2153.44M) | Time:00:00.07 | Syncing QA:First metatarsal bone.l
Fra:0 Mem:2153.67M (Peak 2153.67M) | Time:00:00.07 | Syncing QA:First metatarsal bone.r
Fra:0 Mem:2153.89M (Peak 2153.89M) | Time:00:00.07 | Syncing QA:First rib.l
Fra:0 Mem:2154.26M (Peak 2154.26M) | Time:00:00.07 | Syncing QA:First rib.r
Fra:0 Mem:2154.63M (Peak 2154.63M) | Time:00:00.07 | Syncing QA:Flexor carpi radialis.l
Fra:0 Mem:2154.90M (Peak 2154.90M) | Time:00:00.07 | Syncing QA:Flexor carpi radialis.r
Fra:0 Mem:2155.16M (Peak 2155.16M) | Time:00:00.07 | Syncing QA:Flexor digiti minimi of foot.l
Fra:0 Mem:2155.35M (Peak 2155.35M) | Time:00:00.07 | Syncing QA:Flexor digiti minimi of foot.r
Fra:0 Mem:2155.53M (Peak 2155.53M) | Time:00:00.07 | Syncing QA:Flexor digiti minimi of hand.l
Fra:0 Mem:2155.70M (Peak 2155.70M) | Time:00:00.07 | Syncing QA:Flexor digiti minimi of hand.r
Fra:0 Mem:2155.87M (Peak 2155.87M) | Time:00:00.07 | Syncing QA:Flexor digitorum brevis.l
Fra:0 Mem:2156.24M (Peak 2156.24M) | Time:00:00.07 | Syncing QA:Flexor digitorum brevis.r
Fra:0 Mem:2156.62M (Peak 2156.62M) | Time:00:00.07 | Syncing QA:Flexor digitorum longus.l
Fra:0 Mem:2157.24M (Peak 2157.24M) | Time:00:00.07 | Syncing QA:Flexor digitorum longus.r
Fra:0 Mem:2157.85M (Peak 2157.85M) | Time:00:00.07 | Syncing QA:Flexor digitorum profundus.l
Fra:0 Mem:2158.49M (Peak 2158.49M) | Time:00:00.07 | Syncing QA:Flexor digitorum profundus.r
Fra:0 Mem:2159.13M (Peak 2159.13M) | Time:00:00.07 | Syncing QA:Flexor hallucis longus.l
Fra:0 Mem:2159.69M (Peak 2159.69M) | Time:00:00.07 | Syncing QA:Flexor hallucis longus.r
Fra:0 Mem:2160.24M (Peak 2160.24M) | Time:00:00.07 | Syncing QA:Flexor pollicis longus.l
Fra:0 Mem:2160.51M (Peak 2160.51M) | Time:00:00.07 | Syncing QA:Flexor pollicis longus.r
Fra:0 Mem:2160.77M (Peak 2160.77M) | Time:00:00.07 | Syncing QA:Flexor retinaculum of ankle.l
Fra:0 Mem:2160.97M (Peak 2160.97M) | Time:00:00.07 | Syncing QA:Flexor retinaculum of ankle.r
Fra:0 Mem:2161.17M (Peak 2161.17M) | Time:00:00.07 | Syncing QA:Flexor retinaculum of wrist.l
Fra:0 Mem:2161.36M (Peak 2161.36M) | Time:00:00.07 | Syncing QA:Flexor retinaculum of wrist.r
Fra:0 Mem:2161.55M (Peak 2161.55M) | Time:00:00.07 | Syncing QA:Fourth metacarpal bone.l
Fra:0 Mem:2161.75M (Peak 2161.75M) | Time:00:00.07 | Syncing QA:Fourth metacarpal bone.r
Fra:0 Mem:2161.94M (Peak 2161.94M) | Time:00:00.07 | Syncing QA:Fourth metatarsal bone.l
Fra:0 Mem:2162.15M (Peak 2162.15M) | Time:00:00.07 | Syncing QA:Fourth metatarsal bone.r
Fra:0 Mem:2162.35M (Peak 2162.35M) | Time:00:00.07 | Syncing QA:Fourth rib.l
Fra:0 Mem:2163.09M (Peak 2163.09M) | Time:00:00.07 | Syncing QA:Fourth rib.r
Fra:0 Mem:2163.84M (Peak 2163.84M) | Time:00:00.07 | Syncing QA:Frontal bone
Fra:0 Mem:2164.53M (Peak 2164.53M) | Time:00:00.07 | Syncing QA:Frontalis muscle.l
Fra:0 Mem:2165.08M (Peak 2165.08M) | Time:00:00.07 | Syncing QA:Frontalis muscle.r
Fra:0 Mem:2165.64M (Peak 2165.64M) | Time:00:00.07 | Syncing QA:Genioglossus muscle.l
Fra:0 Mem:2166.17M (Peak 2166.17M) | Time:00:00.07 | Syncing QA:Genioglossus muscle.r
Fra:0 Mem:2166.71M (Peak 2166.71M) | Time:00:00.07 | Syncing QA:Geniohyoid muscle.l
Fra:0 Mem:2166.90M (Peak 2166.90M) | Time:00:00.07 | Syncing QA:Geniohyoid muscle.r
Fra:0 Mem:2167.08M (Peak 2167.08M) | Time:00:00.07 | Syncing QA:Gluteus maximus muscle.l
Fra:0 Mem:2167.46M (Peak 2167.46M) | Time:00:00.07 | Syncing QA:Gluteus maximus muscle.r
Fra:0 Mem:2167.84M (Peak 2167.84M) | Time:00:00.07 | Syncing QA:Gluteus medius muscle.l
Fra:0 Mem:2168.35M (Peak 2168.35M) | Time:00:00.07 | Syncing QA:Gluteus medius muscle.r
Fra:0 Mem:2168.85M (Peak 2168.85M) | Time:00:00.07 | Syncing QA:Gluteus minimus muscle.l
Fra:0 Mem:2169.43M (Peak 2169.43M) | Time:00:00.07 | Syncing QA:Gluteus minimus muscle.r
Fra:0 Mem:2170.01M (Peak 2170.01M) | Time:00:00.07 | Syncing QA:Gracilis muscle.l
Fra:0 Mem:2170.49M (Peak 2170.49M) | Time:00:00.07 | Syncing QA:Gracilis muscle.r
Fra:0 Mem:2170.97M (Peak 2170.97M) | Time:00:00.07 | Syncing QA:Hamate bone.l
Fra:0 Mem:2171.16M (Peak 2171.16M) | Time:00:00.07 | Syncing QA:Hamate bone.r
Fra:0 Mem:2171.35M (Peak 2171.35M) | Time:00:00.07 | Syncing QA:Hip bone.l
Fra:0 Mem:2171.75M (Peak 2171.75M) | Time:00:00.07 | Syncing QA:Hip bone.r
Fra:0 Mem:2172.16M (Peak 2172.16M) | Time:00:00.07 | Syncing QA:Humeral head of extensor carpi
Fra:0 Mem:2172.39M (Peak 2172.39M) | Time:00:00.07 | Syncing QA:Humeral head of extensor carpi
Fra:0 Mem:2172.63M (Peak 2172.63M) | Time:00:00.07 | Syncing QA:Humeral head of flexor carpi u
Fra:0 Mem:2173.05M (Peak 2173.05M) | Time:00:00.07 | Syncing QA:Humeral head of flexor carpi u
Fra:0 Mem:2173.47M (Peak 2173.47M) | Time:00:00.07 | Syncing QA:Humero-ulnar head of flexor di
Fra:0 Mem:2174.50M (Peak 2174.54M) | Time:00:00.07 | Syncing QA:Humero-ulnar head of flexor di
Fra:0 Mem:2175.52M (Peak 2175.57M) | Time:00:00.07 | Syncing QA:Humerus.l
Fra:0 Mem:2175.97M (Peak 2175.97M) | Time:00:00.07 | Syncing QA:Humerus.r
Fra:0 Mem:2176.41M (Peak 2176.41M) | Time:00:00.07 | Syncing QA:Hyoglossus muscle.l
Fra:0 Mem:2176.71M (Peak 2176.71M) | Time:00:00.07 | Syncing QA:Hyoglossus muscle.r
Fra:0 Mem:2177.01M (Peak 2177.01M) | Time:00:00.07 | Syncing QA:Hyoid bone
Fra:0 Mem:2177.25M (Peak 2177.25M) | Time:00:00.07 | Syncing QA:Iliacus muscle.l
Fra:0 Mem:2177.70M (Peak 2177.70M) | Time:00:00.08 | Syncing QA:Iliacus muscle.r
Fra:0 Mem:2178.15M (Peak 2178.15M) | Time:00:00.08 | Syncing QA:Iliococcygeus muscle.l
Fra:0 Mem:2178.43M (Peak 2178.43M) | Time:00:00.08 | Syncing QA:Iliococcygeus muscle.r
Fra:0 Mem:2178.72M (Peak 2178.72M) | Time:00:00.08 | Syncing QA:Iliocostalis colli muscle
Fra:0 Mem:2179.01M (Peak 2179.01M) | Time:00:00.08 | Syncing QA:Iliocostalis colli muscle.r
Fra:0 Mem:2179.30M (Peak 2179.30M) | Time:00:00.08 | Syncing QA:Iliocostalis lumborum muscle.l
Fra:0 Mem:2180.14M (Peak 2180.14M) | Time:00:00.08 | Syncing QA:Iliocostalis lumborum muscle.r
Fra:0 Mem:2180.98M (Peak 2180.98M) | Time:00:00.08 | Syncing QA:Iliocostalis thoracis muscle.l
Fra:0 Mem:2181.53M (Peak 2181.53M) | Time:00:00.08 | Syncing QA:Iliocostalis thoracis muscle.r
Fra:0 Mem:2182.07M (Peak 2182.07M) | Time:00:00.08 | Syncing QA:Iliopectineal arch.l
Fra:0 Mem:2182.23M (Peak 2182.23M) | Time:00:00.08 | Syncing QA:Iliopectineal arch.r
Fra:0 Mem:2182.40M (Peak 2182.40M) | Time:00:00.08 | Syncing QA:Iliopsoas fascia.l
Fra:0 Mem:2182.67M (Peak 2182.67M) | Time:00:00.08 | Syncing QA:Iliopsoas fascia.r
Fra:0 Mem:2182.94M (Peak 2182.94M) | Time:00:00.08 | Syncing QA:Iliotibial tract.l
Fra:0 Mem:2186.42M (Peak 2186.60M) | Time:00:00.08 | Syncing QA:Iliotibial tract.r
Fra:0 Mem:2189.91M (Peak 2190.09M) | Time:00:00.08 | Syncing QA:Incus.l
Fra:0 Mem:2190.25M (Peak 2190.25M) | Time:00:00.08 | Syncing QA:Incus.r
Fra:0 Mem:2190.58M (Peak 2190.58M) | Time:00:00.08 | Syncing QA:Inferior extensor retinaculum 
Fra:0 Mem:2190.76M (Peak 2190.76M) | Time:00:00.08 | Syncing QA:Inferior extensor retinaculum 
Fra:0 Mem:2190.93M (Peak 2190.93M) | Time:00:00.08 | Syncing QA:Inferior fibular retinaculum.l
Fra:0 Mem:2191.08M (Peak 2191.08M) | Time:00:00.08 | Syncing QA:Inferior fibular retinaculum.r
Fra:0 Mem:2191.24M (Peak 2191.24M) | Time:00:00.08 | Syncing QA:Inferior gemellus muscle.l
Fra:0 Mem:2191.46M (Peak 2191.46M) | Time:00:00.08 | Syncing QA:Inferior gemellus muscle.r
Fra:0 Mem:2191.67M (Peak 2191.67M) | Time:00:00.08 | Syncing QA:Inferior head of lateral ptery
Fra:0 Mem:2191.85M (Peak 2191.85M) | Time:00:00.08 | Syncing QA:Inferior head of lateral ptery
Fra:0 Mem:2192.02M (Peak 2192.02M) | Time:00:00.08 | Syncing QA:Inferior nasal concha bone.l
Fra:0 Mem:2192.20M (Peak 2192.20M) | Time:00:00.08 | Syncing QA:Inferior nasal concha bone.r
Fra:0 Mem:2192.39M (Peak 2192.39M) | Time:00:00.08 | Syncing QA:Inferior oblique muscle.l
Fra:0 Mem:2192.65M (Peak 2192.65M) | Time:00:00.08 | Syncing QA:Inferior oblique muscle.r
Fra:0 Mem:2192.92M (Peak 2192.92M) | Time:00:00.08 | Syncing QA:Inferior pharyngeal constricto
Fra:0 Mem:2193.45M (Peak 2193.45M) | Time:00:00.08 | Syncing QA:Inferior pharyngeal constricto
Fra:0 Mem:2193.99M (Peak 2193.99M) | Time:00:00.08 | Syncing QA:Inferior rectus muscle.l
Fra:0 Mem:2194.32M (Peak 2194.32M) | Time:00:00.08 | Syncing QA:Inferior rectus muscle.r
Fra:0 Mem:2194.65M (Peak 2194.65M) | Time:00:00.08 | Syncing QA:Inferior subtendinous bursa of
Fra:0 Mem:2194.84M (Peak 2194.84M) | Time:00:00.08 | Syncing QA:Inferior subtendinous bursa of
Fra:0 Mem:2195.04M (Peak 2195.04M) | Time:00:00.08 | Syncing QA:Inferior tarsus.l
Fra:0 Mem:2195.21M (Peak 2195.21M) | Time:00:00.08 | Syncing QA:Inferior tarsus.r
Fra:0 Mem:2195.37M (Peak 2195.37M) | Time:00:00.08 | Syncing QA:Infraspinatus muscle.l
Fra:0 Mem:2195.74M (Peak 2195.74M) | Time:00:00.08 | Syncing QA:Infraspinatus muscle.r
Fra:0 Mem:2196.10M (Peak 2196.10M) | Time:00:00.08 | Syncing QA:Inguinal ligament.l
Fra:0 Mem:2196.33M (Peak 2196.33M) | Time:00:00.08 | Syncing QA:Inguinal ligament.r
Fra:0 Mem:2196.55M (Peak 2196.55M) | Time:00:00.08 | Syncing QA:Innermost intercostal muscles.
Fra:0 Mem:2199.33M (Peak 2199.47M) | Time:00:00.08 | Syncing QA:Innermost intercostal muscles.
Fra:0 Mem:2202.10M (Peak 2202.25M) | Time:00:00.09 | Syncing QA:Intermediate cuneiform bone.l
Fra:0 Mem:2202.29M (Peak 2202.29M) | Time:00:00.09 | Syncing QA:Intermediate cuneiform bone.r
Fra:0 Mem:2202.47M (Peak 2202.47M) | Time:00:00.09 | Syncing QA:Intermediate tendon of digastr
Fra:0 Mem:2202.63M (Peak 2202.63M) | Time:00:00.09 | Syncing QA:Intermediate tendon of digastr
Fra:0 Mem:2202.80M (Peak 2202.80M) | Time:00:00.09 | Syncing QA:Intermuscular gluteal bursae.l
Fra:0 Mem:2203.01M (Peak 2203.01M) | Time:00:00.09 | Syncing QA:Intermuscular gluteal bursae.r
Fra:0 Mem:2203.41M (Peak 2203.41M) | Time:00:00.09 | Syncing QA:Internal abdominal oblique mus
Fra:0 Mem:2205.54M (Peak 2205.54M) | Time:00:00.09 | Syncing QA:Internal abdominal oblique mus
Fra:0 Mem:2207.67M (Peak 2207.67M) | Time:00:00.09 | Syncing QA:Internal intercostal muscles.l
Fra:0 Mem:2210.58M (Peak 2210.73M) | Time:00:00.09 | Syncing QA:Internal intercostal muscles.r
Fra:0 Mem:2213.49M (Peak 2213.64M) | Time:00:00.09 | Syncing QA:Interspinales colli muscles.l
Fra:0 Mem:2213.67M (Peak 2213.67M) | Time:00:00.09 | Syncing QA:Interspinales colli muscles.r
Fra:0 Mem:2213.85M (Peak 2213.85M) | Time:00:00.09 | Syncing QA:Interspinales lumborum muscles
Fra:0 Mem:2214.04M (Peak 2214.04M) | Time:00:00.09 | Syncing QA:Interspinales lumborum muscles
Fra:0 Mem:2214.23M (Peak 2214.23M) | Time:00:00.09 | Syncing QA:Interspinales thoracis muscles
Fra:0 Mem:2214.40M (Peak 2214.40M) | Time:00:00.09 | Syncing QA:Interspinales thoracis muscles
Fra:0 Mem:2214.56M (Peak 2214.56M) | Time:00:00.09 | Syncing QA:Intertubercular tendon sheath.
Fra:0 Mem:2214.75M (Peak 2214.75M) | Time:00:00.09 | Syncing QA:Intertubercular tendon sheath.
Fra:0 Mem:2214.95M (Peak 2214.95M) | Time:00:00.09 | Syncing QA:Investing abdominal fascia.l
Fra:0 Mem:2215.90M (Peak 2216.03M) | Time:00:00.09 | Syncing QA:Investing abdominal fascia.r
Fra:0 Mem:2216.86M (Peak 2216.99M) | Time:00:00.09 | Syncing QA:Lacrimal bone.l
Fra:0 Mem:2217.06M (Peak 2217.06M) | Time:00:00.09 | Syncing QA:Lacrimal bone.r
Fra:0 Mem:2217.25M (Peak 2217.25M) | Time:00:00.09 | Syncing QA:Lateral crico-arytenoid muscle
Fra:0 Mem:2217.56M (Peak 2217.56M) | Time:00:00.09 | Syncing QA:Lateral crico-arytenoid muscle
Fra:0 Mem:2217.88M (Peak 2217.88M) | Time:00:00.09 | Syncing QA:Lateral cuneiform bone.l
Fra:0 Mem:2218.11M (Peak 2218.11M) | Time:00:00.09 | Syncing QA:Lateral cuneiform bone.r
Fra:0 Mem:2218.30M (Peak 2218.30M) | Time:00:00.09 | Syncing QA:Lateral femoral intermuscular 
Fra:0 Mem:2218.49M (Peak 2218.49M) | Time:00:00.09 | Syncing QA:Lateral femoral intermuscular 
Fra:0 Mem:2218.69M (Peak 2218.69M) | Time:00:00.09 | Syncing QA:Lateral head of flexor halluci
Fra:0 Mem:2218.90M (Peak 2218.90M) | Time:00:00.09 | Syncing QA:Lateral head of flexor halluci
Fra:0 Mem:2219.12M (Peak 2219.12M) | Time:00:00.09 | Syncing QA:Lateral head of gastrocnemius.
Fra:0 Mem:2219.61M (Peak 2219.61M) | Time:00:00.09 | Syncing QA:Lateral head of gastrocnemius.
Fra:0 Mem:2220.10M (Peak 2220.10M) | Time:00:00.09 | Syncing QA:Lateral head of triceps brachi
Fra:0 Mem:2220.50M (Peak 2220.50M) | Time:00:00.09 | Syncing QA:Lateral head of triceps brachi
Fra:0 Mem:2220.90M (Peak 2220.90M) | Time:00:00.09 | Syncing QA:Lateral intermuscular septum o
Fra:0 Mem:2221.06M (Peak 2221.06M) | Time:00:00.09 | Syncing QA:Lateral intermuscular septum o
Fra:0 Mem:2221.22M (Peak 2221.22M) | Time:00:00.09 | Syncing QA:Lateral patellar retinaculum.l
Fra:0 Mem:2221.38M (Peak 2221.38M) | Time:00:00.09 | Syncing QA:Lateral patellar retinaculum.r
Fra:0 Mem:2221.54M (Peak 2221.54M) | Time:00:00.09 | Syncing QA:Lateral process of nasal septa
Fra:0 Mem:2221.71M (Peak 2221.71M) | Time:00:00.09 | Syncing QA:Lateral process of nasal septa
Fra:0 Mem:2221.89M (Peak 2221.89M) | Time:00:00.09 | Syncing QA:Lateral rectus muscle.l
Fra:0 Mem:2222.20M (Peak 2222.20M) | Time:00:00.09 | Syncing QA:Lateral rectus muscle.r
Fra:0 Mem:2222.52M (Peak 2222.52M) | Time:00:00.09 | Syncing QA:Lateral subtendinous bursa of 
Fra:0 Mem:2222.72M (Peak 2222.72M) | Time:00:00.09 | Syncing QA:Lateral subtendinous bursa of 
Fra:0 Mem:2222.92M (Peak 2222.92M) | Time:00:00.09 | Syncing QA:Latissimus dorsi muscle.l
Fra:0 Mem:2224.55M (Peak 2224.55M) | Time:00:00.10 | Syncing QA:Latissimus dorsi muscle.r
Fra:0 Mem:2226.18M (Peak 2226.18M) | Time:00:00.10 | Syncing QA:Levator anguli oris.l
Fra:0 Mem:2226.35M (Peak 2226.35M) | Time:00:00.10 | Syncing QA:Levator anguli oris.r
Fra:0 Mem:2226.53M (Peak 2226.53M) | Time:00:00.10 | Syncing QA:Levator labii superioris.l
Fra:0 Mem:2226.71M (Peak 2226.71M) | Time:00:00.10 | Syncing QA:Levator labii superioris.r
Fra:0 Mem:2226.90M (Peak 2226.90M) | Time:00:00.10 | Syncing QA:Levator nasolabialis.l
Fra:0 Mem:2227.06M (Peak 2227.06M) | Time:00:00.10 | Syncing QA:Levator nasolabialis.r
Fra:0 Mem:2227.23M (Peak 2227.23M) | Time:00:00.10 | Syncing QA:Levator palpebrae superioris.l
Fra:0 Mem:2227.60M (Peak 2227.60M) | Time:00:00.10 | Syncing QA:Levator palpebrae superioris.r
Fra:0 Mem:2227.97M (Peak 2227.97M) | Time:00:00.10 | Syncing QA:Levator scapulae.l
Fra:0 Mem:2228.33M (Peak 2228.33M) | Time:00:00.10 | Syncing QA:Levator scapulae.r
Fra:0 Mem:2228.70M (Peak 2228.70M) | Time:00:00.10 | Syncing QA:Levatores breves costarum.l
Fra:0 Mem:2229.03M (Peak 2229.03M) | Time:00:00.10 | Syncing QA:Levatores breves costarum.r
Fra:0 Mem:2229.37M (Peak 2229.37M) | Time:00:00.10 | Syncing QA:Levatores longi costarum.l
Fra:0 Mem:2229.92M (Peak 2229.92M) | Time:00:00.10 | Syncing QA:Levatores longi costarum.r
Fra:0 Mem:2230.48M (Peak 2230.48M) | Time:00:00.10 | Syncing QA:Linea alba
Fra:0 Mem:2230.66M (Peak 2230.66M) | Time:00:00.10 | Syncing QA:Long head of biceps brachii.l
Fra:0 Mem:2231.03M (Peak 2231.03M) | Time:00:00.10 | Syncing QA:Long head of biceps brachii.r
Fra:0 Mem:2231.40M (Peak 2231.40M) | Time:00:00.10 | Syncing QA:Long head of biceps femoris.l
Fra:0 Mem:2232.05M (Peak 2232.05M) | Time:00:00.10 | Syncing QA:Long head of biceps femoris.r
Fra:0 Mem:2232.70M (Peak 2232.70M) | Time:00:00.10 | Syncing QA:Long head of triceps brachii.l
Fra:0 Mem:2233.12M (Peak 2233.12M) | Time:00:00.10 | Syncing QA:Long head of triceps brachii.r
Fra:0 Mem:2233.54M (Peak 2233.54M) | Time:00:00.10 | Syncing QA:Longissimus capitis muscle.l
Fra:0 Mem:2233.80M (Peak 2233.80M) | Time:00:00.10 | Syncing QA:Longissimus capitis muscle.r
Fra:0 Mem:2234.06M (Peak 2234.06M) | Time:00:00.10 | Syncing QA:Longissimus colli muscle.l
Fra:0 Mem:2234.33M (Peak 2234.33M) | Time:00:00.10 | Syncing QA:Longissimus colli muscle.r
Fra:0 Mem:2234.61M (Peak 2234.61M) | Time:00:00.10 | Syncing QA:Longissimus thoracis muscle.l
Fra:0 Mem:2235.42M (Peak 2235.42M) | Time:00:00.10 | Syncing QA:Longissimus thoracis muscle.r
Fra:0 Mem:2236.24M (Peak 2236.24M) | Time:00:00.10 | Syncing QA:Longus capitis muscle.l
Fra:0 Mem:2236.52M (Peak 2236.52M) | Time:00:00.10 | Syncing QA:Longus capitis muscle.r
Fra:0 Mem:2236.81M (Peak 2236.81M) | Time:00:00.10 | Syncing QA:Longus colli muscle.l
Fra:0 Mem:2237.39M (Peak 2237.39M) | Time:00:00.10 | Syncing QA:Longus colli muscle.r
Fra:0 Mem:2237.97M (Peak 2237.97M) | Time:00:00.10 | Syncing QA:Lower canine.l
Fra:0 Mem:2238.21M (Peak 2238.21M) | Time:00:00.10 | Syncing QA:Lower canine.r
Fra:0 Mem:2238.45M (Peak 2238.45M) | Time:00:00.10 | Syncing QA:Lower first molar tooth.l
Fra:0 Mem:2238.91M (Peak 2238.91M) | Time:00:00.10 | Syncing QA:Lower first molar tooth.r
Fra:0 Mem:2239.37M (Peak 2239.37M) | Time:00:00.10 | Syncing QA:Lower first premolar.l
Fra:0 Mem:2239.60M (Peak 2239.60M) | Time:00:00.10 | Syncing QA:Lower first premolar.r
Fra:0 Mem:2239.84M (Peak 2239.84M) | Time:00:00.10 | Syncing QA:Lower lateral incisor.l
Fra:0 Mem:2240.06M (Peak 2240.06M) | Time:00:00.10 | Syncing QA:Lower lateral incisor.r
Fra:0 Mem:2240.28M (Peak 2240.28M) | Time:00:00.10 | Syncing QA:Lower medial incisor.l
Fra:0 Mem:2240.50M (Peak 2240.50M) | Time:00:00.10 | Syncing QA:Lower medial incisor.r
Fra:0 Mem:2240.72M (Peak 2240.72M) | Time:00:00.10 | Syncing QA:Lower second molar tooth.l
Fra:0 Mem:2240.98M (Peak 2240.98M) | Time:00:00.10 | Syncing QA:Lower second molar tooth.r
Fra:0 Mem:2241.25M (Peak 2241.25M) | Time:00:00.10 | Syncing QA:Lower second premolar.l
Fra:0 Mem:2241.48M (Peak 2241.48M) | Time:00:00.10 | Syncing QA:Lower second premolar.r
Fra:0 Mem:2241.71M (Peak 2241.71M) | Time:00:00.10 | Syncing QA:Lumbrical muscles of foot.l
Fra:0 Mem:2241.89M (Peak 2241.89M) | Time:00:00.10 | Syncing QA:Lumbrical muscles of foot.r
Fra:0 Mem:2242.07M (Peak 2242.07M) | Time:00:00.10 | Syncing QA:Lumbrical muscles of hand.l
Fra:0 Mem:2242.31M (Peak 2242.31M) | Time:00:00.10 | Syncing QA:Lumbrical muscles of hand.r
Fra:0 Mem:2242.56M (Peak 2242.56M) | Time:00:00.10 | Syncing QA:Lunate bone.l
Fra:0 Mem:2242.81M (Peak 2242.81M) | Time:00:00.10 | Syncing QA:Lunate bone.r
Fra:0 Mem:2243.06M (Peak 2243.06M) | Time:00:00.10 | Syncing QA:Major alar cartilage.l
Fra:0 Mem:2243.24M (Peak 2243.24M) | Time:00:00.10 | Syncing QA:Major alar cartilage.r
Fra:0 Mem:2243.41M (Peak 2243.41M) | Time:00:00.10 | Syncing QA:Malleus.l
Fra:0 Mem:2243.85M (Peak 2243.85M) | Time:00:00.10 | Syncing QA:Malleus.r
Fra:0 Mem:2244.29M (Peak 2244.29M) | Time:00:00.10 | Syncing QA:Mandible
Fra:0 Mem:2245.74M (Peak 2245.74M) | Time:00:00.10 | Syncing QA:Manubrium of sternum
Fra:0 Mem:2246.07M (Peak 2246.07M) | Time:00:00.10 | Syncing QA:Masseteric fascia.l
Fra:0 Mem:2246.25M (Peak 2246.25M) | Time:00:00.10 | Syncing QA:Masseteric fascia.r
Fra:0 Mem:2246.43M (Peak 2246.43M) | Time:00:00.10 | Syncing QA:Maxilla.l
Fra:0 Mem:2246.91M (Peak 2246.91M) | Time:00:00.10 | Syncing QA:Maxilla.r
Fra:0 Mem:2247.39M (Peak 2247.39M) | Time:00:00.10 | Syncing QA:Medial cuneiform bone.l
Fra:0 Mem:2247.61M (Peak 2247.61M) | Time:00:00.10 | Syncing QA:Medial cuneiform bone.r
Fra:0 Mem:2247.82M (Peak 2247.82M) | Time:00:00.10 | Syncing QA:Medial femoral intermuscular s
Fra:0 Mem:2248.53M (Peak 2248.89M) | Time:00:00.10 | Syncing QA:Medial femoral intermuscular s
Fra:0 Mem:2249.24M (Peak 2249.53M) | Time:00:00.10 | Syncing QA:Medial head of flexor hallucis
Fra:0 Mem:2249.43M (Peak 2249.53M) | Time:00:00.10 | Syncing QA:Medial head of flexor hallucis
Fra:0 Mem:2249.62M (Peak 2249.62M) | Time:00:00.10 | Syncing QA:Medial head of gastrocnemius.l
Fra:0 Mem:2250.21M (Peak 2250.21M) | Time:00:00.11 | Syncing QA:Medial head of gastrocnemius.r
Fra:0 Mem:2250.81M (Peak 2250.81M) | Time:00:00.11 | Syncing QA:Medial head of triceps brachii
Fra:0 Mem:2251.14M (Peak 2251.14M) | Time:00:00.11 | Syncing QA:Medial head of triceps brachii
Fra:0 Mem:2251.48M (Peak 2251.48M) | Time:00:00.11 | Syncing QA:Medial intermuscular septum of
Fra:0 Mem:2251.65M (Peak 2251.65M) | Time:00:00.11 | Syncing QA:Medial intermuscular septum of
Fra:0 Mem:2251.82M (Peak 2251.82M) | Time:00:00.11 | Syncing QA:Medial patellar retinaculum.l
Fra:0 Mem:2251.98M (Peak 2251.98M) | Time:00:00.11 | Syncing QA:Medial patellar retinaculum.r
Fra:0 Mem:2252.14M (Peak 2252.14M) | Time:00:00.11 | Syncing QA:Medial pterygoid muscle.l
Fra:0 Mem:2252.33M (Peak 2252.33M) | Time:00:00.11 | Syncing QA:Medial pterygoid muscle.r
Fra:0 Mem:2252.51M (Peak 2252.51M) | Time:00:00.11 | Syncing QA:Medial rectus muscle.l
Fra:0 Mem:2252.79M (Peak 2252.79M) | Time:00:00.11 | Syncing QA:Medial rectus muscle.r
Fra:0 Mem:2253.07M (Peak 2253.07M) | Time:00:00.11 | Syncing QA:Medial subtendinous bursa of g
Fra:0 Mem:2253.26M (Peak 2253.26M) | Time:00:00.11 | Syncing QA:Medial subtendinous bursa of g
Fra:0 Mem:2253.46M (Peak 2253.46M) | Time:00:00.11 | Syncing QA:Mentalis muscle.l
Fra:0 Mem:2253.62M (Peak 2253.62M) | Time:00:00.11 | Syncing QA:Mentalis muscle.r
Fra:0 Mem:2253.78M (Peak 2253.78M) | Time:00:00.11 | Syncing QA:Middle cells of ethmoid bone.l
Fra:0 Mem:2253.98M (Peak 2253.98M) | Time:00:00.11 | Syncing QA:Middle cells of ethmoid bone.r
Fra:0 Mem:2254.18M (Peak 2254.18M) | Time:00:00.11 | Syncing QA:Middle layer of thoracolumbar 
Fra:0 Mem:2254.34M (Peak 2254.34M) | Time:00:00.11 | Syncing QA:Middle layer of thoracolumbar 
Fra:0 Mem:2254.50M (Peak 2254.50M) | Time:00:00.11 | Syncing QA:Middle phalanx of fifth finger
Fra:0 Mem:2254.67M (Peak 2254.67M) | Time:00:00.11 | Syncing QA:Middle phalanx of fifth finger
Fra:0 Mem:2254.83M (Peak 2254.83M) | Time:00:00.11 | Syncing QA:Middle phalanx of fifth finger
Fra:0 Mem:2255.00M (Peak 2255.00M) | Time:00:00.11 | Syncing QA:Middle phalanx of fifth finger
Fra:0 Mem:2255.17M (Peak 2255.17M) | Time:00:00.11 | Syncing QA:Middle phalanx of fourth finge
Fra:0 Mem:2255.35M (Peak 2255.35M) | Time:00:00.11 | Syncing QA:Middle phalanx of fourth finge
Fra:0 Mem:2255.53M (Peak 2255.53M) | Time:00:00.11 | Syncing QA:Middle phalanx of fourth finge
Fra:0 Mem:2255.71M (Peak 2255.71M) | Time:00:00.11 | Syncing QA:Middle phalanx of fourth finge
Fra:0 Mem:2255.89M (Peak 2255.89M) | Time:00:00.11 | Syncing QA:Middle phalanx of second finge
Fra:0 Mem:2256.07M (Peak 2256.07M) | Time:00:00.11 | Syncing QA:Middle phalanx of second finge
Fra:0 Mem:2256.24M (Peak 2256.24M) | Time:00:00.11 | Syncing QA:Middle phalanx of second finge
Fra:0 Mem:2256.42M (Peak 2256.42M) | Time:00:00.11 | Syncing QA:Middle phalanx of second finge
Fra:0 Mem:2256.59M (Peak 2256.59M) | Time:00:00.11 | Syncing QA:Middle phalanx of third finger
Fra:0 Mem:2256.76M (Peak 2256.76M) | Time:00:00.11 | Syncing QA:Middle phalanx of third finger
Fra:0 Mem:2256.94M (Peak 2256.94M) | Time:00:00.11 | Syncing QA:Middle phalanx of third finger
Fra:0 Mem:2257.12M (Peak 2257.12M) | Time:00:00.11 | Syncing QA:Middle phalanx of third finger
Fra:0 Mem:2257.29M (Peak 2257.29M) | Time:00:00.11 | Syncing QA:Middle pharyngeal constrictor.
Fra:0 Mem:2257.75M (Peak 2257.75M) | Time:00:00.11 | Syncing QA:Middle pharyngeal constrictor.
Fra:0 Mem:2258.20M (Peak 2258.20M) | Time:00:00.11 | Syncing QA:Multifidus colli muscle.l
Fra:0 Mem:2258.45M (Peak 2258.45M) | Time:00:00.11 | Syncing QA:Multifidus colli muscle.r
Fra:0 Mem:2258.69M (Peak 2258.69M) | Time:00:00.11 | Syncing QA:Multifidus lumborum muscle.l
Fra:0 Mem:2259.04M (Peak 2259.04M) | Time:00:00.11 | Syncing QA:Multifidus lumborum muscle.r
Fra:0 Mem:2259.38M (Peak 2259.38M) | Time:00:00.11 | Syncing QA:Multifidus thoracis muscle.l
Fra:0 Mem:2259.80M (Peak 2259.80M) | Time:00:00.11 | Syncing QA:Multifidus thoracis muscle.r
Fra:0 Mem:2260.22M (Peak 2260.22M) | Time:00:00.11 | Syncing QA:Mylohyoid muscle.l
Fra:0 Mem:2260.45M (Peak 2260.45M) | Time:00:00.11 | Syncing QA:Mylohyoid muscle.r
Fra:0 Mem:2260.67M (Peak 2260.67M) | Time:00:00.11 | Syncing QA:Nasal bone.l
Fra:0 Mem:2260.84M (Peak 2260.84M) | Time:00:00.11 | Syncing QA:Nasal bone.r
Fra:0 Mem:2261.01M (Peak 2261.01M) | Time:00:00.11 | Syncing QA:Nasal septal cartilage
Fra:0 Mem:2261.19M (Peak 2261.19M) | Time:00:00.11 | Syncing QA:Nasalis muscle.l
Fra:0 Mem:2261.39M (Peak 2261.39M) | Time:00:00.11 | Syncing QA:Nasalis muscle.r
Fra:0 Mem:2261.59M (Peak 2261.59M) | Time:00:00.11 | Syncing QA:Navicular bone.l
Fra:0 Mem:2261.79M (Peak 2261.79M) | Time:00:00.11 | Syncing QA:Navicular bone.r
Fra:0 Mem:2261.99M (Peak 2261.99M) | Time:00:00.11 | Syncing QA:Ninth rib.l
Fra:0 Mem:2262.67M (Peak 2262.67M) | Time:00:00.11 | Syncing QA:Ninth rib.r
Fra:0 Mem:2263.36M (Peak 2263.36M) | Time:00:00.11 | Syncing QA:Oblique head of adductor hallu
Fra:0 Mem:2263.57M (Peak 2263.57M) | Time:00:00.11 | Syncing QA:Oblique head of adductor hallu
Fra:0 Mem:2263.78M (Peak 2263.78M) | Time:00:00.11 | Syncing QA:Oblique head of adductor polli
Fra:0 Mem:2263.96M (Peak 2263.96M) | Time:00:00.11 | Syncing QA:Oblique head of adductor polli
Fra:0 Mem:2264.14M (Peak 2264.14M) | Time:00:00.11 | Syncing QA:Oblique part of cricothyroid m
Fra:0 Mem:2264.51M (Peak 2264.51M) | Time:00:00.11 | Syncing QA:Oblique part of cricothyroid m
Fra:0 Mem:2264.87M (Peak 2264.87M) | Time:00:00.11 | Syncing QA:Obliquus inferior capitis musc
Fra:0 Mem:2265.06M (Peak 2265.06M) | Time:00:00.11 | Syncing QA:Obliquus inferior capitis musc
Fra:0 Mem:2265.24M (Peak 2265.24M) | Time:00:00.11 | Syncing QA:Obliquus superior capitis musc
Fra:0 Mem:2265.44M (Peak 2265.44M) | Time:00:00.11 | Syncing QA:Obliquus superior capitis musc
Fra:0 Mem:2265.64M (Peak 2265.64M) | Time:00:00.11 | Syncing QA:Obturator externus.l
Fra:0 Mem:2265.87M (Peak 2265.87M) | Time:00:00.11 | Syncing QA:Obturator externus.r
Fra:0 Mem:2266.10M (Peak 2266.10M) | Time:00:00.11 | Syncing QA:Obturator internus.l
Fra:0 Mem:2266.61M (Peak 2266.61M) | Time:00:00.11 | Syncing QA:Obturator internus.r
Fra:0 Mem:2267.02M (Peak 2267.02M) | Time:00:00.11 | Syncing QA:Occipital bone
Fra:0 Mem:2267.70M (Peak 2267.70M) | Time:00:00.11 | Syncing QA:Occipitalis muscle.l
Fra:0 Mem:2268.03M (Peak 2268.03M) | Time:00:00.11 | Syncing QA:Occipitalis muscle.r
Fra:0 Mem:2268.36M (Peak 2268.36M) | Time:00:00.11 | Syncing QA:Omohyoid muscle.l
Fra:0 Mem:2268.70M (Peak 2268.70M) | Time:00:00.11 | Syncing QA:Omohyoid muscle.r
Fra:0 Mem:2269.03M (Peak 2269.03M) | Time:00:00.11 | Syncing QA:Opponens digiti minimi muscle 
Fra:0 Mem:2269.21M (Peak 2269.21M) | Time:00:00.11 | Syncing QA:Opponens digiti minimi muscle 
Fra:0 Mem:2269.39M (Peak 2269.39M) | Time:00:00.11 | Syncing QA:Opponens pollicis muscle.l
Fra:0 Mem:2269.57M (Peak 2269.57M) | Time:00:00.11 | Syncing QA:Opponens pollicis muscle.r
Fra:0 Mem:2269.74M (Peak 2269.74M) | Time:00:00.11 | Syncing QA:Orbicularis oris muscle.l
Fra:0 Mem:2270.02M (Peak 2270.02M) | Time:00:00.11 | Syncing QA:Orbicularis oris muscle.r
Fra:0 Mem:2270.30M (Peak 2270.30M) | Time:00:00.11 | Syncing QA:Orbital part of orbicularis oc
Fra:0 Mem:2270.62M (Peak 2270.62M) | Time:00:00.11 | Syncing QA:Orbital part of orbicularis oc
Fra:0 Mem:2270.93M (Peak 2270.93M) | Time:00:00.11 | Syncing QA:Palatine bone.l
Fra:0 Mem:2271.18M (Peak 2271.18M) | Time:00:00.11 | Syncing QA:Palatine bone.r
Fra:0 Mem:2271.43M (Peak 2271.43M) | Time:00:00.11 | Syncing QA:Palatopharyngeus muscle.l
Fra:0 Mem:2273.16M (Peak 2273.50M) | Time:00:00.12 | Syncing QA:Palatopharyngeus muscle.r
Fra:0 Mem:2274.88M (Peak 2275.23M) | Time:00:00.12 | Syncing QA:Palmar aponeurosis.l
Fra:0 Mem:2275.13M (Peak 2275.23M) | Time:00:00.12 | Syncing QA:Palmar aponeurosis.r
Fra:0 Mem:2275.37M (Peak 2275.37M) | Time:00:00.12 | Syncing QA:Palmar interossei muscles.l
Fra:0 Mem:2275.54M (Peak 2275.54M) | Time:00:00.12 | Syncing QA:Palmar interossei muscles.r
Fra:0 Mem:2275.70M (Peak 2275.70M) | Time:00:00.12 | Syncing QA:Palmaris longus muscle.l
Fra:0 Mem:2276.15M (Peak 2276.15M) | Time:00:00.12 | Syncing QA:Palmaris longus muscle.r
Fra:0 Mem:2276.60M (Peak 2276.60M) | Time:00:00.12 | Syncing QA:Palpebral part of orbicularis 
Fra:0 Mem:2276.81M (Peak 2276.81M) | Time:00:00.12 | Syncing QA:Palpebral part of orbicularis 
Fra:0 Mem:2277.02M (Peak 2277.02M) | Time:00:00.12 | Syncing QA:Parietal bone.l
Fra:0 Mem:2277.64M (Peak 2277.64M) | Time:00:00.12 | Syncing QA:Parietal bone.r
Fra:0 Mem:2278.25M (Peak 2278.25M) | Time:00:00.12 | Syncing QA:Patella.l
Fra:0 Mem:2278.42M (Peak 2278.42M) | Time:00:00.12 | Syncing QA:Patella.r
Fra:0 Mem:2278.59M (Peak 2278.59M) | Time:00:00.12 | Syncing QA:Pectineus muscle.l
Fra:0 Mem:2278.88M (Peak 2278.88M) | Time:00:00.12 | Syncing QA:Pectineus muscle.r
Fra:0 Mem:2279.16M (Peak 2279.16M) | Time:00:00.12 | Syncing QA:Pectoral fascia.l
Fra:0 Mem:2279.51M (Peak 2279.51M) | Time:00:00.12 | Syncing QA:Pectoral fascia.r
Fra:0 Mem:2279.86M (Peak 2279.86M) | Time:00:00.12 | Syncing QA:Pectoralis minor muscle.l
Fra:0 Mem:2280.29M (Peak 2280.29M) | Time:00:00.12 | Syncing QA:Pectoralis minor muscle.r
Fra:0 Mem:2280.73M (Peak 2280.73M) | Time:00:00.12 | Syncing QA:Piriformis fascia.l
Fra:0 Mem:2280.95M (Peak 2280.95M) | Time:00:00.12 | Syncing QA:Piriformis fascia.r
Fra:0 Mem:2281.16M (Peak 2281.16M) | Time:00:00.12 | Syncing QA:Piriformis muscle.l
Fra:0 Mem:2281.42M (Peak 2281.42M) | Time:00:00.12 | Syncing QA:Piriformis muscle.r
Fra:0 Mem:2281.67M (Peak 2281.67M) | Time:00:00.12 | Syncing QA:Pisiform bone.l
Fra:0 Mem:2281.90M (Peak 2281.90M) | Time:00:00.12 | Syncing QA:Pisiform bone.r
Fra:0 Mem:2282.14M (Peak 2282.14M) | Time:00:00.12 | Syncing QA:Plantar aponeurosis.l
Fra:0 Mem:2282.32M (Peak 2282.32M) | Time:00:00.12 | Syncing QA:Plantar aponeurosis.r
Fra:0 Mem:2282.50M (Peak 2282.50M) | Time:00:00.12 | Syncing QA:Plantar interossei muscles.l
Fra:0 Mem:2282.73M (Peak 2282.73M) | Time:00:00.12 | Syncing QA:Plantar interossei muscles.r
Fra:0 Mem:2282.97M (Peak 2282.97M) | Time:00:00.12 | Syncing QA:Plantar tendon sheath of fibul
Fra:0 Mem:2283.15M (Peak 2283.15M) | Time:00:00.12 | Syncing QA:Plantar tendon sheath of fibul
Fra:0 Mem:2283.33M (Peak 2283.33M) | Time:00:00.12 | Syncing QA:Plantaris muscle.l
Fra:0 Mem:2283.81M (Peak 2283.81M) | Time:00:00.12 | Syncing QA:Plantaris muscle.r
Fra:0 Mem:2284.28M (Peak 2284.28M) | Time:00:00.12 | Syncing QA:Platysma.l
Fra:0 Mem:2284.88M (Peak 2284.88M) | Time:00:00.12 | Syncing QA:Platysma.r
Fra:0 Mem:2285.48M (Peak 2285.48M) | Time:00:00.12 | Syncing QA:Popliteal fascia.l
Fra:0 Mem:2285.67M (Peak 2285.67M) | Time:00:00.12 | Syncing QA:Popliteal fascia.r
Fra:0 Mem:2285.85M (Peak 2285.85M) | Time:00:00.12 | Syncing QA:Popliteus muscle.l
Fra:0 Mem:2286.08M (Peak 2286.08M) | Time:00:00.12 | Syncing QA:Popliteus muscle.r
Fra:0 Mem:2286.31M (Peak 2286.31M) | Time:00:00.12 | Syncing QA:Posterior belly of digastric m
Fra:0 Mem:2286.55M (Peak 2286.55M) | Time:00:00.12 | Syncing QA:Posterior belly of digastric m
Fra:0 Mem:2286.79M (Peak 2286.79M) | Time:00:00.12 | Syncing QA:Posterior cells of ethmoid bon
Fra:0 Mem:2287.00M (Peak 2287.00M) | Time:00:00.12 | Syncing QA:Posterior cells of ethmoid bon
Fra:0 Mem:2287.21M (Peak 2287.21M) | Time:00:00.12 | Syncing QA:Posterior crico-arytenoid musc
Fra:0 Mem:2287.54M (Peak 2287.54M) | Time:00:00.12 | Syncing QA:Posterior crico-arytenoid musc
Fra:0 Mem:2287.88M (Peak 2287.88M) | Time:00:00.12 | Syncing QA:Posterior intermuscular septum
Fra:0 Mem:2288.06M (Peak 2288.06M) | Time:00:00.12 | Syncing QA:Posterior intermuscular septum
Fra:0 Mem:2288.24M (Peak 2288.24M) | Time:00:00.12 | Syncing QA:Posterior layer of thoracolumb
Fra:0 Mem:2288.41M (Peak 2288.41M) | Time:00:00.12 | Syncing QA:Posterior layer of thoracolumb
Fra:0 Mem:2288.58M (Peak 2288.58M) | Time:00:00.12 | Syncing QA:Procerus muscle.l
Fra:0 Mem:2288.77M (Peak 2288.77M) | Time:00:00.12 | Syncing QA:Procerus muscle.r
Fra:0 Mem:2288.96M (Peak 2288.96M) | Time:00:00.12 | Syncing QA:Pronator quadratus.l
Fra:0 Mem:2289.18M (Peak 2289.18M) | Time:00:00.12 | Syncing QA:Pronator quadratus.r
Fra:0 Mem:2289.40M (Peak 2289.40M) | Time:00:00.12 | Syncing QA:Proximal phalanx of fifth fing
Fra:0 Mem:2289.59M (Peak 2289.59M) | Time:00:00.12 | Syncing QA:Proximal phalanx of fifth fing
Fra:0 Mem:2289.77M (Peak 2289.77M) | Time:00:00.12 | Syncing QA:Proximal phalanx of fifth fing
Fra:0 Mem:2289.96M (Peak 2289.96M) | Time:00:00.12 | Syncing QA:Proximal phalanx of fifth fing
Fra:0 Mem:2290.15M (Peak 2290.15M) | Time:00:00.12 | Syncing QA:Proximal phalanx of first fing
Fra:0 Mem:2290.34M (Peak 2290.34M) | Time:00:00.12 | Syncing QA:Proximal phalanx of first fing
Fra:0 Mem:2290.53M (Peak 2290.53M) | Time:00:00.12 | Syncing QA:Proximal phalanx of first fing
Fra:0 Mem:2290.70M (Peak 2290.70M) | Time:00:00.12 | Syncing QA:Proximal phalanx of first fing
Fra:0 Mem:2290.87M (Peak 2290.87M) | Time:00:00.12 | Syncing QA:Proximal phalanx of fourth fin
Fra:0 Mem:2291.05M (Peak 2291.05M) | Time:00:00.12 | Syncing QA:Proximal phalanx of fourth fin
Fra:0 Mem:2291.24M (Peak 2291.24M) | Time:00:00.12 | Syncing QA:Proximal phalanx of fourth fin
Fra:0 Mem:2291.41M (Peak 2291.41M) | Time:00:00.12 | Syncing QA:Proximal phalanx of fourth fin
Fra:0 Mem:2291.59M (Peak 2291.59M) | Time:00:00.12 | Syncing QA:Proximal phalanx of second fin
Fra:0 Mem:2291.77M (Peak 2291.77M) | Time:00:00.12 | Syncing QA:Proximal phalanx of second fin
Fra:0 Mem:2291.95M (Peak 2291.95M) | Time:00:00.12 | Syncing QA:Proximal phalanx of second fin
Fra:0 Mem:2292.13M (Peak 2292.13M) | Time:00:00.12 | Syncing QA:Proximal phalanx of second fin
Fra:0 Mem:2292.30M (Peak 2292.30M) | Time:00:00.12 | Syncing QA:Proximal phalanx of third fing
Fra:0 Mem:2292.49M (Peak 2292.49M) | Time:00:00.12 | Syncing QA:Proximal phalanx of third fing
Fra:0 Mem:2292.67M (Peak 2292.67M) | Time:00:00.12 | Syncing QA:Proximal phalanx of third fing
Fra:0 Mem:2292.85M (Peak 2292.85M) | Time:00:00.12 | Syncing QA:Proximal phalanx of third fing
Fra:0 Mem:2293.03M (Peak 2293.03M) | Time:00:00.12 | Syncing QA:Psoas major.l
Fra:0 Mem:2293.56M (Peak 2293.56M) | Time:00:00.12 | Syncing QA:Psoas major.r
Fra:0 Mem:2294.08M (Peak 2294.08M) | Time:00:00.12 | Syncing QA:Pubo-analis muscle.l
Fra:0 Mem:2294.33M (Peak 2294.33M) | Time:00:00.12 | Syncing QA:Pubo-analis muscle.r
Fra:0 Mem:2294.58M (Peak 2294.58M) | Time:00:00.12 | Syncing QA:Pubococcygeus muscle.l
Fra:0 Mem:2294.91M (Peak 2294.91M) | Time:00:00.12 | Syncing QA:Pubococcygeus muscle.r
Fra:0 Mem:2295.23M (Peak 2295.23M) | Time:00:00.12 | Syncing QA:Pyramidalis muscle.l
Fra:0 Mem:2295.46M (Peak 2295.46M) | Time:00:00.12 | Syncing QA:Pyramidalis muscle.r
Fra:0 Mem:2295.68M (Peak 2295.68M) | Time:00:00.12 | Syncing QA:Quadratus femoris muscle.l
Fra:0 Mem:2295.95M (Peak 2295.95M) | Time:00:00.12 | Syncing QA:Quadratus femoris muscle.r
Fra:0 Mem:2296.21M (Peak 2296.21M) | Time:00:00.12 | Syncing QA:Quadratus lumborum muscle.l
Fra:0 Mem:2296.55M (Peak 2296.55M) | Time:00:00.12 | Syncing QA:Quadratus lumborum muscle.r
Fra:0 Mem:2296.90M (Peak 2296.90M) | Time:00:00.12 | Syncing QA:Quadratus plantae muscle.l
Fra:0 Mem:2297.13M (Peak 2297.13M) | Time:00:00.12 | Syncing QA:Quadratus plantae muscle.r
Fra:0 Mem:2297.36M (Peak 2297.36M) | Time:00:00.12 | Syncing QA:Radial head of flexor digitoru
Fra:0 Mem:2297.60M (Peak 2297.60M) | Time:00:00.12 | Syncing QA:Radial head of flexor digitoru
Fra:0 Mem:2297.84M (Peak 2297.84M) | Time:00:00.12 | Syncing QA:Radius.l
Fra:0 Mem:2298.04M (Peak 2298.04M) | Time:00:00.12 | Syncing QA:Radius.r
Fra:0 Mem:2298.24M (Peak 2298.24M) | Time:00:00.12 | Syncing QA:Rectus abdominis muscle.l
Fra:0 Mem:2299.81M (Peak 2299.81M) | Time:00:00.12 | Syncing QA:Rectus abdominis muscle.r
Fra:0 Mem:2301.37M (Peak 2301.37M) | Time:00:00.12 | Syncing QA:Rectus anterior capitis muscle
Fra:0 Mem:2301.55M (Peak 2301.55M) | Time:00:00.12 | Syncing QA:Rectus anterior capitis muscle
Fra:0 Mem:2301.73M (Peak 2301.73M) | Time:00:00.12 | Syncing QA:Rectus femoris muscle.l
Fra:0 Mem:2302.45M (Peak 2302.45M) | Time:00:00.12 | Syncing QA:Rectus femoris muscle.r
Fra:0 Mem:2303.17M (Peak 2303.17M) | Time:00:00.12 | Syncing QA:Rectus lateralis capitis muscl
Fra:0 Mem:2303.34M (Peak 2303.34M) | Time:00:00.12 | Syncing QA:Rectus lateralis capitis muscl
Fra:0 Mem:2303.52M (Peak 2303.52M) | Time:00:00.12 | Syncing QA:Rectus posterior major capitis
Fra:0 Mem:2303.72M (Peak 2303.72M) | Time:00:00.12 | Syncing QA:Rectus posterior major capitis
Fra:0 Mem:2303.93M (Peak 2303.93M) | Time:00:00.12 | Syncing QA:Rectus posterior minor capitis
Fra:0 Mem:2304.11M (Peak 2304.11M) | Time:00:00.12 | Syncing QA:Rectus posterior minor capitis
Fra:0 Mem:2304.29M (Peak 2304.29M) | Time:00:00.12 | Syncing QA:Rhomboid major muscle.l
Fra:0 Mem:2304.77M (Peak 2304.77M) | Time:00:00.12 | Syncing QA:Rhomboid major muscle.r
Fra:0 Mem:2305.25M (Peak 2305.25M) | Time:00:00.12 | Syncing QA:Rhomboid minor muscle.l
Fra:0 Mem:2305.50M (Peak 2305.50M) | Time:00:00.12 | Syncing QA:Rhomboid minor muscle.r
Fra:0 Mem:2305.75M (Peak 2305.75M) | Time:00:00.12 | Syncing QA:Risorius muscle.l
Fra:0 Mem:2305.94M (Peak 2305.94M) | Time:00:00.12 | Syncing QA:Risorius muscle.r
Fra:0 Mem:2306.14M (Peak 2306.14M) | Time:00:00.12 | Syncing QA:Rotatores.l
Fra:0 Mem:2306.73M (Peak 2306.73M) | Time:00:00.12 | Syncing QA:Rotatores.r
Fra:0 Mem:2307.33M (Peak 2307.33M) | Time:00:00.12 | Syncing QA:Sacrum
Fra:0 Mem:2308.16M (Peak 2308.16M) | Time:00:00.12 | Syncing QA:Sartorius muscle.l
Fra:0 Mem:2308.66M (Peak 2308.66M) | Time:00:00.13 | Syncing QA:Sartorius muscle.r
Fra:0 Mem:2309.15M (Peak 2309.15M) | Time:00:00.13 | Syncing QA:Scalenus anterior muscle.l
Fra:0 Mem:2309.39M (Peak 2309.39M) | Time:00:00.13 | Syncing QA:Scalenus anterior muscle.r
Fra:0 Mem:2309.64M (Peak 2309.64M) | Time:00:00.13 | Syncing QA:Scalenus medius muscle.l
Fra:0 Mem:2309.93M (Peak 2309.93M) | Time:00:00.13 | Syncing QA:Scalenus medius muscle.r
Fra:0 Mem:2310.23M (Peak 2310.23M) | Time:00:00.13 | Syncing QA:Scalenus posterior muscle.l
Fra:0 Mem:2310.47M (Peak 2310.47M) | Time:00:00.13 | Syncing QA:Scalenus posterior muscle.r
Fra:0 Mem:2310.71M (Peak 2310.71M) | Time:00:00.13 | Syncing QA:Scaphoid bone.l
Fra:0 Mem:2310.89M (Peak 2310.89M) | Time:00:00.13 | Syncing QA:Scaphoid bone.r
Fra:0 Mem:2311.06M (Peak 2311.06M) | Time:00:00.13 | Syncing QA:Scapula.l
Fra:0 Mem:2312.95M (Peak 2312.95M) | Time:00:00.13 | Syncing QA:Scapula.r
Fra:0 Mem:2314.84M (Peak 2314.84M) | Time:00:00.13 | Syncing QA:Scapular spinal part of deltoi
Fra:0 Mem:2315.29M (Peak 2315.29M) | Time:00:00.13 | Syncing QA:Scapular spinal part of deltoi
Fra:0 Mem:2315.74M (Peak 2315.74M) | Time:00:00.13 | Syncing QA:Sciatic bursa of gluteus maxim
Fra:0 Mem:2315.96M (Peak 2315.96M) | Time:00:00.13 | Syncing QA:Sciatic bursa of gluteus maxim
Fra:0 Mem:2316.19M (Peak 2316.19M) | Time:00:00.13 | Syncing QA:Sciatic bursa of obturator int
Fra:0 Mem:2316.41M (Peak 2316.41M) | Time:00:00.13 | Syncing QA:Sciatic bursa of obturator int
Fra:0 Mem:2316.63M (Peak 2316.63M) | Time:00:00.13 | Syncing QA:Second metacarpal bone.l
Fra:0 Mem:2316.84M (Peak 2316.84M) | Time:00:00.13 | Syncing QA:Second metacarpal bone.r
Fra:0 Mem:2317.04M (Peak 2317.04M) | Time:00:00.13 | Syncing QA:Second metatarsal bone.l
Fra:0 Mem:2317.24M (Peak 2317.24M) | Time:00:00.13 | Syncing QA:Second metatarsal bone.r
Fra:0 Mem:2317.44M (Peak 2317.44M) | Time:00:00.13 | Syncing QA:Second rib.l
Fra:0 Mem:2317.96M (Peak 2317.96M) | Time:00:00.13 | Syncing QA:Second rib.r
Fra:0 Mem:2318.47M (Peak 2318.47M) | Time:00:00.13 | Syncing QA:Semimembranosus bursa.l
Fra:0 Mem:2318.67M (Peak 2318.67M) | Time:00:00.13 | Syncing QA:Semimembranosus bursa.r
Fra:0 Mem:2318.87M (Peak 2318.87M) | Time:00:00.13 | Syncing QA:Semimembranosus muscle.l
Fra:0 Mem:2319.53M (Peak 2319.53M) | Time:00:00.13 | Syncing QA:Semimembranosus muscle.r
Fra:0 Mem:2320.20M (Peak 2320.20M) | Time:00:00.13 | Syncing QA:Semispinalis colli muscle.l
Fra:0 Mem:2320.52M (Peak 2320.52M) | Time:00:00.13 | Syncing QA:Semispinalis colli muscle.r
Fra:0 Mem:2320.85M (Peak 2320.85M) | Time:00:00.13 | Syncing QA:Semispinalis thoracis muscle.l
Fra:0 Mem:2321.34M (Peak 2321.34M) | Time:00:00.13 | Syncing QA:Semispinalis thoracis muscle.r
Fra:0 Mem:2321.84M (Peak 2321.84M) | Time:00:00.13 | Syncing QA:Semitendinosus muscle.l
Fra:0 Mem:2322.28M (Peak 2322.28M) | Time:00:00.13 | Syncing QA:Semitendinosus muscle.r
Fra:0 Mem:2322.73M (Peak 2322.73M) | Time:00:00.13 | Syncing QA:Serratus anterior muscle.l
Fra:0 Mem:2324.61M (Peak 2324.61M) | Time:00:00.13 | Syncing QA:Serratus anterior muscle.r
Fra:0 Mem:2326.50M (Peak 2326.50M) | Time:00:00.13 | Syncing QA:Serratus posterior inferior mu
Fra:0 Mem:2327.26M (Peak 2327.26M) | Time:00:00.13 | Syncing QA:Serratus posterior inferior mu
Fra:0 Mem:2328.03M (Peak 2328.03M) | Time:00:00.13 | Syncing QA:Serratus posterior superior mu
Fra:0 Mem:2328.56M (Peak 2328.56M) | Time:00:00.13 | Syncing QA:Serratus posterior superior mu
Fra:0 Mem:2329.09M (Peak 2329.09M) | Time:00:00.13 | Syncing QA:Sesamoid bones of foot.l
Fra:0 Mem:2329.26M (Peak 2329.26M) | Time:00:00.13 | Syncing QA:Sesamoid bones of foot.r
Fra:0 Mem:2329.43M (Peak 2329.43M) | Time:00:00.13 | Syncing QA:Seventh rib.l
Fra:0 Mem:2330.25M (Peak 2330.25M) | Time:00:00.13 | Syncing QA:Seventh rib.r
Fra:0 Mem:2331.07M (Peak 2331.07M) | Time:00:00.13 | Syncing QA:Short head of biceps brachii.l
Fra:0 Mem:2331.41M (Peak 2331.41M) | Time:00:00.13 | Syncing QA:Short head of biceps brachii.r
Fra:0 Mem:2331.74M (Peak 2331.74M) | Time:00:00.13 | Syncing QA:Short head of biceps femoris.l
Fra:0 Mem:2332.06M (Peak 2332.06M) | Time:00:00.13 | Syncing QA:Short head of biceps femoris.r
Fra:0 Mem:2332.38M (Peak 2332.38M) | Time:00:00.13 | Syncing QA:Sinus of frontal bone
Fra:0 Mem:2332.61M (Peak 2332.61M) | Time:00:00.13 | Syncing QA:Sinus of sphenoid bone
Fra:0 Mem:2332.78M (Peak 2332.78M) | Time:00:00.13 | Syncing QA:Sixth rib.l
Fra:0 Mem:2333.63M (Peak 2333.63M) | Time:00:00.13 | Syncing QA:Sixth rib.r
Fra:0 Mem:2334.47M (Peak 2334.47M) | Time:00:00.13 | Syncing QA:Soleus muscle.l
Fra:0 Mem:2335.09M (Peak 2335.09M) | Time:00:00.13 | Syncing QA:Soleus muscle.r
Fra:0 Mem:2335.71M (Peak 2335.71M) | Time:00:00.13 | Syncing QA:Sphenoid bone
Fra:0 Mem:2336.36M (Peak 2336.36M) | Time:00:00.13 | Syncing QA:Spinalis capitis muscle.l
Fra:0 Mem:2336.68M (Peak 2336.68M) | Time:00:00.13 | Syncing QA:Spinalis capitis muscle.r
Fra:0 Mem:2337.04M (Peak 2337.04M) | Time:00:00.13 | Syncing QA:Spinalis colli muscle.l
Fra:0 Mem:2337.23M (Peak 2337.23M) | Time:00:00.13 | Syncing QA:Spinalis colli muscle.r
Fra:0 Mem:2337.43M (Peak 2337.43M) | Time:00:00.13 | Syncing QA:Spinalis thoracis muscle.l
Fra:0 Mem:2337.96M (Peak 2337.96M) | Time:00:00.13 | Syncing QA:Spinalis thoracis muscle.r
Fra:0 Mem:2338.49M (Peak 2338.49M) | Time:00:00.13 | Syncing QA:Splenius capitis muscle.l
Fra:0 Mem:2339.00M (Peak 2339.00M) | Time:00:00.13 | Syncing QA:Splenius capitis muscle.r
Fra:0 Mem:2339.51M (Peak 2339.51M) | Time:00:00.13 | Syncing QA:Splenius colli muscle.l
Fra:0 Mem:2339.96M (Peak 2339.96M) | Time:00:00.13 | Syncing QA:Splenius colli muscle.r
Fra:0 Mem:2340.40M (Peak 2340.40M) | Time:00:00.13 | Syncing QA:Stapes.l
Fra:0 Mem:2340.87M (Peak 2340.87M) | Time:00:00.13 | Syncing QA:Stapes.r
Fra:0 Mem:2341.34M (Peak 2341.34M) | Time:00:00.14 | Syncing QA:Sternocleidomastoid muscle.l
Fra:0 Mem:2341.83M (Peak 2341.83M) | Time:00:00.14 | Syncing QA:Sternocleidomastoid muscle.r
Fra:0 Mem:2342.32M (Peak 2342.32M) | Time:00:00.14 | Syncing QA:Sternocostal head of pectorali
Fra:0 Mem:2342.69M (Peak 2342.69M) | Time:00:00.14 | Syncing QA:Sternocostal head of pectorali
Fra:0 Mem:2343.06M (Peak 2343.06M) | Time:00:00.14 | Syncing QA:Sternohyoid muscle.l
Fra:0 Mem:2343.31M (Peak 2343.31M) | Time:00:00.14 | Syncing QA:Sternohyoid muscle.r
Fra:0 Mem:2343.55M (Peak 2343.55M) | Time:00:00.14 | Syncing QA:Sternothyroid muscle.l
Fra:0 Mem:2343.78M (Peak 2343.78M) | Time:00:00.14 | Syncing QA:Sternothyroid muscle.r
Fra:0 Mem:2344.00M (Peak 2344.00M) | Time:00:00.14 | Syncing QA:Straight part of cricothyroid 
Fra:0 Mem:2344.27M (Peak 2344.27M) | Time:00:00.14 | Syncing QA:Straight part of cricothyroid 
Fra:0 Mem:2344.55M (Peak 2344.55M) | Time:00:00.14 | Syncing QA:Stylohyoid muscle.l
Fra:0 Mem:2344.75M (Peak 2344.75M) | Time:00:00.14 | Syncing QA:Stylohyoid muscle.r
Fra:0 Mem:2344.94M (Peak 2344.94M) | Time:00:00.14 | Syncing QA:Stylopharyngeus muscle.l
Fra:0 Mem:2346.07M (Peak 2346.28M) | Time:00:00.14 | Syncing QA:Stylopharyngeus muscle.r
Fra:0 Mem:2347.20M (Peak 2347.41M) | Time:00:00.14 | Syncing QA:Subacromial bursa.l
Fra:0 Mem:2347.42M (Peak 2347.42M) | Time:00:00.14 | Syncing QA:Subacromial bursa.r
Fra:0 Mem:2347.64M (Peak 2347.64M) | Time:00:00.14 | Syncing QA:Subclavius muscle.l
Fra:0 Mem:2347.85M (Peak 2347.85M) | Time:00:00.14 | Syncing QA:Subclavius muscle.r
Fra:0 Mem:2348.05M (Peak 2348.05M) | Time:00:00.14 | Syncing QA:Subcutaneous acromial bursa.l
Fra:0 Mem:2348.28M (Peak 2348.28M) | Time:00:00.14 | Syncing QA:Subcutaneous acromial bursa.r
Fra:0 Mem:2348.50M (Peak 2348.50M) | Time:00:00.14 | Syncing QA:Subcutaneous bursa of lateral 
Fra:0 Mem:2348.68M (Peak 2348.68M) | Time:00:00.14 | Syncing QA:Subcutaneous bursa of lateral 
Fra:0 Mem:2348.87M (Peak 2348.87M) | Time:00:00.14 | Syncing QA:Subcutaneous bursa of medial m
Fra:0 Mem:2349.05M (Peak 2349.05M) | Time:00:00.14 | Syncing QA:Subcutaneous bursa of medial m
Fra:0 Mem:2349.23M (Peak 2349.23M) | Time:00:00.14 | Syncing QA:Subcutaneous bursa of tuberosi
Fra:0 Mem:2349.46M (Peak 2349.46M) | Time:00:00.14 | Syncing QA:Subcutaneous bursa of tuberosi
Fra:0 Mem:2349.68M (Peak 2349.68M) | Time:00:00.14 | Syncing QA:Subcutaneous calcaneal bursa.l
Fra:0 Mem:2349.86M (Peak 2349.86M) | Time:00:00.14 | Syncing QA:Subcutaneous calcaneal bursa.r
Fra:0 Mem:2350.04M (Peak 2350.04M) | Time:00:00.14 | Syncing QA:Subcutaneous infrapatellar bur
Fra:0 Mem:2350.26M (Peak 2350.26M) | Time:00:00.14 | Syncing QA:Subcutaneous infrapatellar bur
Fra:0 Mem:2350.48M (Peak 2350.48M) | Time:00:00.14 | Syncing QA:Subcutaneous prepatellar bursa
Fra:0 Mem:2350.68M (Peak 2350.68M) | Time:00:00.14 | Syncing QA:Subcutaneous prepatellar bursa
Fra:0 Mem:2350.88M (Peak 2350.88M) | Time:00:00.14 | Syncing QA:Subcutaneous trochanteric burs
Fra:0 Mem:2351.11M (Peak 2351.11M) | Time:00:00.14 | Syncing QA:Subcutaneous trochanteric burs
Fra:0 Mem:2351.33M (Peak 2351.33M) | Time:00:00.14 | Syncing QA:Subdeltoid bursa.l
Fra:0 Mem:2351.55M (Peak 2351.55M) | Time:00:00.14 | Syncing QA:Subdeltoid bursa.r
Fra:0 Mem:2351.78M (Peak 2351.78M) | Time:00:00.14 | Syncing QA:Subfacial prepatellar bursa.l
Fra:0 Mem:2351.98M (Peak 2351.98M) | Time:00:00.14 | Syncing QA:Subfacial prepatellar bursa.r
Fra:0 Mem:2352.18M (Peak 2352.18M) | Time:00:00.14 | Syncing QA:Subscapularis muscle.l
Fra:0 Mem:2352.53M (Peak 2352.53M) | Time:00:00.14 | Syncing QA:Subscapularis muscle.r
Fra:0 Mem:2352.88M (Peak 2352.88M) | Time:00:00.14 | Syncing QA:Subtendinous bursa of iliacus 
Fra:0 Mem:2353.05M (Peak 2353.05M) | Time:00:00.14 | Syncing QA:Subtendinous bursa of iliacus 
Fra:0 Mem:2353.22M (Peak 2353.22M) | Time:00:00.14 | Syncing QA:Subtendinous bursa of infraspi
Fra:0 Mem:2353.44M (Peak 2353.44M) | Time:00:00.14 | Syncing QA:Subtendinous bursa of infraspi
Fra:0 Mem:2353.67M (Peak 2353.67M) | Time:00:00.14 | Syncing QA:Subtendinous bursa of obturato
Fra:0 Mem:2353.89M (Peak 2353.89M) | Time:00:00.14 | Syncing QA:Subtendinous bursa of obturato
Fra:0 Mem:2354.11M (Peak 2354.11M) | Time:00:00.14 | Syncing QA:Subtendinous bursa of sartoriu
Fra:0 Mem:2354.33M (Peak 2354.33M) | Time:00:00.14 | Syncing QA:Subtendinous bursa of sartoriu
Fra:0 Mem:2354.54M (Peak 2354.54M) | Time:00:00.14 | Syncing QA:Subtendinous bursa of teres ma
Fra:0 Mem:2354.77M (Peak 2354.77M) | Time:00:00.14 | Syncing QA:Subtendinous bursa of teres ma
Fra:0 Mem:2354.99M (Peak 2354.99M) | Time:00:00.14 | Syncing QA:Subtendinous bursa of tibialis
Fra:0 Mem:2355.18M (Peak 2355.18M) | Time:00:00.14 | Syncing QA:Subtendinous bursa of tibialis
Fra:0 Mem:2355.36M (Peak 2355.36M) | Time:00:00.14 | Syncing QA:Subtendinous bursa of trapeziu
Fra:0 Mem:2355.81M (Peak 2355.81M) | Time:00:00.14 | Syncing QA:Subtendinous bursa of trapeziu
Fra:0 Mem:2356.03M (Peak 2356.03M) | Time:00:00.14 | Syncing QA:Subtendinous bursa of triceps 
Fra:0 Mem:2356.25M (Peak 2356.25M) | Time:00:00.14 | Syncing QA:Subtendinous bursa of triceps 
Fra:0 Mem:2356.48M (Peak 2356.48M) | Time:00:00.14 | Syncing QA:Subtendinous calcaneal bursa.l
Fra:0 Mem:2356.65M (Peak 2356.65M) | Time:00:00.14 | Syncing QA:Subtendinous calcaneal bursa.r
Fra:0 Mem:2356.83M (Peak 2356.83M) | Time:00:00.14 | Syncing QA:Subtendinous prepatellar bursa
Fra:0 Mem:2357.03M (Peak 2357.03M) | Time:00:00.14 | Syncing QA:Subtendinous prepatellar bursa
Fra:0 Mem:2357.23M (Peak 2357.23M) | Time:00:00.14 | Syncing QA:Superficial head of flexor pol
Fra:0 Mem:2357.40M (Peak 2357.40M) | Time:00:00.14 | Syncing QA:Superficial head of flexor pol
Fra:0 Mem:2357.57M (Peak 2357.57M) | Time:00:00.14 | Syncing QA:Superficial head of pronator t
Fra:0 Mem:2357.90M (Peak 2357.90M) | Time:00:00.14 | Syncing QA:Superficial head of pronator t
Fra:0 Mem:2358.22M (Peak 2358.22M) | Time:00:00.14 | Syncing QA:Superficial investing cervical
Fra:0 Mem:2358.62M (Peak 2358.62M) | Time:00:00.14 | Syncing QA:Superficial investing cervical
Fra:0 Mem:2359.01M (Peak 2359.01M) | Time:00:00.14 | Syncing QA:Superficial layer of temporal 
Fra:0 Mem:2359.21M (Peak 2359.21M) | Time:00:00.14 | Syncing QA:Superficial layer of temporal 
Fra:0 Mem:2359.41M (Peak 2359.41M) | Time:00:00.14 | Syncing QA:Superficial part of masseter.l
Fra:0 Mem:2359.66M (Peak 2359.66M) | Time:00:00.14 | Syncing QA:Superficial part of masseter.r
Fra:0 Mem:2359.91M (Peak 2359.91M) | Time:00:00.14 | Syncing QA:Superficial transverse metacar
Fra:0 Mem:2360.07M (Peak 2360.07M) | Time:00:00.14 | Syncing QA:Superficial transverse metacar
Fra:0 Mem:2360.24M (Peak 2360.24M) | Time:00:00.14 | Syncing QA:Superficial transverse metatar
Fra:0 Mem:2360.39M (Peak 2360.39M) | Time:00:00.14 | Syncing QA:Superficial transverse metatar
Fra:0 Mem:2360.55M (Peak 2360.55M) | Time:00:00.14 | Syncing QA:Superior bursa of biceps femor
Fra:0 Mem:2360.78M (Peak 2360.78M) | Time:00:00.14 | Syncing QA:Superior bursa of biceps femor
Fra:0 Mem:2361.00M (Peak 2361.00M) | Time:00:00.14 | Syncing QA:Superior extensor retinaculum 
Fra:0 Mem:2361.17M (Peak 2361.17M) | Time:00:00.14 | Syncing QA:Superior extensor retinaculum 
Fra:0 Mem:2361.34M (Peak 2361.34M) | Time:00:00.14 | Syncing QA:Superior fibular retinaculum.l
Fra:0 Mem:2361.54M (Peak 2361.54M) | Time:00:00.14 | Syncing QA:Superior fibular retinaculum.r
Fra:0 Mem:2361.74M (Peak 2361.74M) | Time:00:00.14 | Syncing QA:Superior gemellus muscle.l
Fra:0 Mem:2361.92M (Peak 2361.92M) | Time:00:00.14 | Syncing QA:Superior gemellus muscle.r
Fra:0 Mem:2362.09M (Peak 2362.09M) | Time:00:00.14 | Syncing QA:Superior head of lateral ptery
Fra:0 Mem:2362.26M (Peak 2362.26M) | Time:00:00.14 | Syncing QA:Superior head of lateral ptery
Fra:0 Mem:2362.43M (Peak 2362.43M) | Time:00:00.14 | Syncing QA:Superior oblique muscle.l
Fra:0 Mem:2362.76M (Peak 2362.76M) | Time:00:00.14 | Syncing QA:Superior oblique muscle.r
Fra:0 Mem:2363.09M (Peak 2363.09M) | Time:00:00.14 | Syncing QA:Superior pharyngeal constricto
Fra:0 Mem:2363.79M (Peak 2364.16M) | Time:00:00.14 | Syncing QA:Superior pharyngeal constricto
Fra:0 Mem:2364.49M (Peak 2364.86M) | Time:00:00.14 | Syncing QA:Superior rectus muscle.l
Fra:0 Mem:2364.77M (Peak 2364.86M) | Time:00:00.14 | Syncing QA:Superior rectus muscle.r
Fra:0 Mem:2365.05M (Peak 2365.05M) | Time:00:00.14 | Syncing QA:Superior tarsus.l
Fra:0 Mem:2365.22M (Peak 2365.22M) | Time:00:00.14 | Syncing QA:Superior tarsus.r
Fra:0 Mem:2365.39M (Peak 2365.39M) | Time:00:00.14 | Syncing QA:Supinator.l
Fra:0 Mem:2365.73M (Peak 2365.73M) | Time:00:00.14 | Syncing QA:Supinator.r
Fra:0 Mem:2366.07M (Peak 2366.07M) | Time:00:00.14 | Syncing QA:Suprapatellar bursa.l
Fra:0 Mem:2366.29M (Peak 2366.29M) | Time:00:00.14 | Syncing QA:Suprapatellar bursa.r
Fra:0 Mem:2366.50M (Peak 2366.50M) | Time:00:00.14 | Syncing QA:Supraspinatus muscle.l
Fra:0 Mem:2366.75M (Peak 2366.75M) | Time:00:00.14 | Syncing QA:Supraspinatus muscle.r
Fra:0 Mem:2367.00M (Peak 2367.00M) | Time:00:00.14 | Syncing QA:Synovial sheaths of digits of 
Fra:0 Mem:2367.49M (Peak 2367.49M) | Time:00:00.14 | Syncing QA:Synovial sheaths of digits of 
Fra:0 Mem:2367.99M (Peak 2367.99M) | Time:00:00.14 | Syncing QA:Talus.l
Fra:0 Mem:2368.23M (Peak 2368.23M) | Time:00:00.14 | Syncing QA:Talus.r
Fra:0 Mem:2368.48M (Peak 2368.48M) | Time:00:00.14 | Syncing QA:Temporal bone.l
Fra:0 Mem:2369.59M (Peak 2369.59M) | Time:00:00.15 | Syncing QA:Temporal bone.r
Fra:0 Mem:2370.71M (Peak 2370.71M) | Time:00:00.15 | Syncing QA:Temporalis muscle.l
Fra:0 Mem:2371.57M (Peak 2371.57M) | Time:00:00.15 | Syncing QA:Temporalis muscle.r
Fra:0 Mem:2372.42M (Peak 2372.42M) | Time:00:00.15 | Syncing QA:Temporoparietalis muscle.l
Fra:0 Mem:2373.39M (Peak 2373.44M) | Time:00:00.15 | Syncing QA:Temporoparietalis muscle.r
Fra:0 Mem:2374.37M (Peak 2374.41M) | Time:00:00.15 | Syncing QA:Tendinous arch of levator ani.
Fra:0 Mem:2374.57M (Peak 2374.57M) | Time:00:00.15 | Syncing QA:Tendinous arch of levator ani.
Fra:0 Mem:2374.77M (Peak 2374.77M) | Time:00:00.15 | Syncing QA:Tendon of extensor digitorum l
Fra:0 Mem:2375.28M (Peak 2375.28M) | Time:00:00.15 | Syncing QA:Tendon of extensor digitorum l
Fra:0 Mem:2375.78M (Peak 2375.78M) | Time:00:00.15 | Syncing QA:Tendon sheath - abd. pollicis 
Fra:0 Mem:2375.97M (Peak 2375.97M) | Time:00:00.15 | Syncing QA:Tendon sheath - abd. pollicis 
Fra:0 Mem:2376.15M (Peak 2376.15M) | Time:00:00.15 | Syncing QA:Tendon sheath of extensor carp
Fra:0 Mem:2376.35M (Peak 2376.35M) | Time:00:00.15 | Syncing QA:Tendon sheath of extensor carp
Fra:0 Mem:2376.55M (Peak 2376.55M) | Time:00:00.15 | Syncing QA:Tendon sheath of extensor digi
Fra:0 Mem:2376.73M (Peak 2376.73M) | Time:00:00.15 | Syncing QA:Tendon sheath of extensor digi
Fra:0 Mem:2376.91M (Peak 2376.91M) | Time:00:00.15 | Syncing QA:Tendon sheath of extensor digi
Fra:0 Mem:2377.18M (Peak 2377.18M) | Time:00:00.15 | Syncing QA:Tendon sheath of extensor digi
Fra:0 Mem:2377.45M (Peak 2377.45M) | Time:00:00.15 | Syncing QA:Tendon sheath of extensor digi
Fra:0 Mem:2377.70M (Peak 2377.70M) | Time:00:00.15 | Syncing QA:Tendon sheath of extensor digi
Fra:0 Mem:2377.95M (Peak 2377.95M) | Time:00:00.15 | Syncing QA:Tendon sheath of extensor hall
Fra:0 Mem:2378.13M (Peak 2378.13M) | Time:00:00.15 | Syncing QA:Tendon sheath of extensor hall
Fra:0 Mem:2378.31M (Peak 2378.31M) | Time:00:00.15 | Syncing QA:Tendon sheath of extensor poll
Fra:0 Mem:2378.48M (Peak 2378.48M) | Time:00:00.15 | Syncing QA:Tendon sheath of extensor poll
Fra:0 Mem:2378.66M (Peak 2378.66M) | Time:00:00.15 | Syncing QA:Tendon sheath of extensors car
Fra:0 Mem:2378.92M (Peak 2378.92M) | Time:00:00.15 | Syncing QA:Tendon sheath of extensors car
Fra:0 Mem:2379.19M (Peak 2379.19M) | Time:00:00.15 | Syncing QA:Tendon sheath of flexor carpi 
Fra:0 Mem:2379.39M (Peak 2379.39M) | Time:00:00.15 | Syncing QA:Tendon sheath of flexor carpi 
Fra:0 Mem:2379.59M (Peak 2379.59M) | Time:00:00.15 | Syncing QA:Tendon sheath of flexor digito
Fra:0 Mem:2379.76M (Peak 2379.76M) | Time:00:00.15 | Syncing QA:Tendon sheath of flexor digito
Fra:0 Mem:2379.92M (Peak 2379.92M) | Time:00:00.15 | Syncing QA:Tendon sheath of flexor halluc
Fra:0 Mem:2380.16M (Peak 2380.16M) | Time:00:00.15 | Syncing QA:Tendon sheath of flexor halluc
Fra:0 Mem:2380.39M (Peak 2380.39M) | Time:00:00.15 | Syncing QA:Tendon sheath of flexor pollic
Fra:0 Mem:2380.70M (Peak 2380.70M) | Time:00:00.15 | Syncing QA:Tendon sheath of flexor pollic
Fra:0 Mem:2381.01M (Peak 2381.01M) | Time:00:00.15 | Syncing QA:Tendon sheath of tibialis ante
Fra:0 Mem:2381.17M (Peak 2381.17M) | Time:00:00.15 | Syncing QA:Tendon sheath of tibialis ante
Fra:0 Mem:2381.33M (Peak 2381.33M) | Time:00:00.15 | Syncing QA:Tendon sheath of tibialis post
Fra:0 Mem:2381.50M (Peak 2381.50M) | Time:00:00.15 | Syncing QA:Tendon sheath of tibialis post
Fra:0 Mem:2381.66M (Peak 2381.66M) | Time:00:00.15 | Syncing QA:Tensor fasciae latae.l
Fra:0 Mem:2381.94M (Peak 2381.94M) | Time:00:00.15 | Syncing QA:Tensor fasciae latae.r
Fra:0 Mem:2382.22M (Peak 2382.22M) | Time:00:00.15 | Syncing QA:Tenth rib.l
Fra:0 Mem:2382.85M (Peak 2382.85M) | Time:00:00.15 | Syncing QA:Tenth rib.r
Fra:0 Mem:2383.48M (Peak 2383.48M) | Time:00:00.15 | Syncing QA:Teres major muscle.l
Fra:0 Mem:2383.71M (Peak 2383.71M) | Time:00:00.15 | Syncing QA:Teres major muscle.r
Fra:0 Mem:2383.94M (Peak 2383.94M) | Time:00:00.15 | Syncing QA:Teres minor muscle.l
Fra:0 Mem:2384.20M (Peak 2384.20M) | Time:00:00.15 | Syncing QA:Teres minor muscle.r
Fra:0 Mem:2384.45M (Peak 2384.45M) | Time:00:00.15 | Syncing QA:Third metacarpal bone.l
Fra:0 Mem:2384.65M (Peak 2384.65M) | Time:00:00.15 | Syncing QA:Third metacarpal bone.r
Fra:0 Mem:2384.85M (Peak 2384.85M) | Time:00:00.15 | Syncing QA:Third metatarsal bone.l
Fra:0 Mem:2385.06M (Peak 2385.06M) | Time:00:00.15 | Syncing QA:Third metatarsal bone.r
Fra:0 Mem:2385.26M (Peak 2385.26M) | Time:00:00.15 | Syncing QA:Third rib.l
Fra:0 Mem:2385.89M (Peak 2385.89M) | Time:00:00.15 | Syncing QA:Third rib.r
Fra:0 Mem:2386.52M (Peak 2386.52M) | Time:00:00.15 | Syncing QA:Thyro-epiglottic part of thyro
Fra:0 Mem:2386.99M (Peak 2386.99M) | Time:00:00.15 | Syncing QA:Thyro-epiglottic part of thyro
Fra:0 Mem:2387.46M (Peak 2387.46M) | Time:00:00.15 | Syncing QA:Thyrohyoid muscle.l
Fra:0 Mem:2387.66M (Peak 2387.66M) | Time:00:00.15 | Syncing QA:Thyrohyoid muscle.r
Fra:0 Mem:2387.86M (Peak 2387.86M) | Time:00:00.15 | Syncing QA:Thyroid cartilage
Fra:0 Mem:2388.32M (Peak 2388.32M) | Time:00:00.15 | Syncing QA:Tibia.l
Fra:0 Mem:2388.58M (Peak 2388.58M) | Time:00:00.15 | Syncing QA:Tibia.r
Fra:0 Mem:2388.84M (Peak 2388.84M) | Time:00:00.15 | Syncing QA:Tibialis anterior muscle.l
Fra:0 Mem:2389.24M (Peak 2389.24M) | Time:00:00.15 | Syncing QA:Tibialis anterior muscle.r
Fra:0 Mem:2389.63M (Peak 2389.63M) | Time:00:00.15 | Syncing QA:Tibialis posterior muscle.l
Fra:0 Mem:2390.16M (Peak 2390.16M) | Time:00:00.15 | Syncing QA:Tibialis posterior muscle.r
Fra:0 Mem:2390.69M (Peak 2390.69M) | Time:00:00.15 | Syncing QA:Transversalis fascia
Fra:0 Mem:2391.15M (Peak 2391.15M) | Time:00:00.15 | Syncing QA:Transverse arytenoid muscle
Fra:0 Mem:2391.49M (Peak 2391.49M) | Time:00:00.15 | Syncing QA:Transverse head of adductor ha
Fra:0 Mem:2391.66M (Peak 2391.66M) | Time:00:00.15 | Syncing QA:Transverse head of adductor ha
Fra:0 Mem:2391.84M (Peak 2391.84M) | Time:00:00.15 | Syncing QA:Transverse head of adductor po
Fra:0 Mem:2392.06M (Peak 2392.06M) | Time:00:00.15 | Syncing QA:Transverse head of adductor po
Fra:0 Mem:2392.28M (Peak 2392.28M) | Time:00:00.15 | Syncing QA:Transverse intermuscular septu
Fra:0 Mem:2392.48M (Peak 2392.48M) | Time:00:00.15 | Syncing QA:Transverse intermuscular septu
Fra:0 Mem:2392.68M (Peak 2392.68M) | Time:00:00.15 | Syncing QA:Transverse part of trapezius m
Fra:0 Mem:2393.04M (Peak 2393.04M) | Time:00:00.15 | Syncing QA:Transverse part of trapezius m
Fra:0 Mem:2393.39M (Peak 2393.39M) | Time:00:00.15 | Syncing QA:Transversus abdominis muscle.l
Fra:0 Mem:2395.90M (Peak 2395.90M) | Time:00:00.15 | Syncing QA:Transversus abdominis muscle.r
Fra:0 Mem:2398.41M (Peak 2398.41M) | Time:00:00.15 | Syncing QA:Transversus thoracis muscle.l
Fra:0 Mem:2398.67M (Peak 2398.67M) | Time:00:00.15 | Syncing QA:Transversus thoracis muscle.r
Fra:0 Mem:2398.94M (Peak 2398.94M) | Time:00:00.15 | Syncing QA:Trapezium bone.l
Fra:0 Mem:2399.12M (Peak 2399.12M) | Time:00:00.15 | Syncing QA:Trapezium bone.r
Fra:0 Mem:2399.31M (Peak 2399.31M) | Time:00:00.15 | Syncing QA:Trapezoid bone.l
Fra:0 Mem:2399.48M (Peak 2399.48M) | Time:00:00.15 | Syncing QA:Trapezoid bone.r
Fra:0 Mem:2399.66M (Peak 2399.66M) | Time:00:00.15 | Syncing QA:Triquetrum bone.l
Fra:0 Mem:2399.82M (Peak 2399.82M) | Time:00:00.15 | Syncing QA:Triquetrum bone.r
Fra:0 Mem:2399.99M (Peak 2399.99M) | Time:00:00.15 | Syncing QA:Trochanteric bursa of gluteus 
Fra:0 Mem:2400.21M (Peak 2400.21M) | Time:00:00.15 | Syncing QA:Trochanteric bursa of gluteus 
Fra:0 Mem:2400.43M (Peak 2400.43M) | Time:00:00.15 | Syncing QA:Trochanteric bursa of gluteus 
Fra:0 Mem:2400.66M (Peak 2400.66M) | Time:00:00.15 | Syncing QA:Trochanteric bursa of gluteus 
Fra:0 Mem:2400.88M (Peak 2400.88M) | Time:00:00.15 | Syncing QA:Trochanteric bursa of gluteus 
Fra:0 Mem:2401.10M (Peak 2401.10M) | Time:00:00.15 | Syncing QA:Trochanteric bursa of gluteus 
Fra:0 Mem:2401.33M (Peak 2401.33M) | Time:00:00.15 | Syncing QA:Trochlea of superior oblique m
Fra:0 Mem:2401.50M (Peak 2401.50M) | Time:00:00.15 | Syncing QA:Trochlea of superior oblique m
Fra:0 Mem:2401.67M (Peak 2401.67M) | Time:00:00.15 | Syncing QA:Twelfth rib.l
Fra:0 Mem:2402.02M (Peak 2402.02M) | Time:00:00.16 | Syncing QA:Twelfth rib.r
Fra:0 Mem:2402.38M (Peak 2402.38M) | Time:00:00.16 | Syncing QA:Ulna.l
Fra:0 Mem:2402.59M (Peak 2402.59M) | Time:00:00.16 | Syncing QA:Ulna.r
Fra:0 Mem:2402.80M (Peak 2402.80M) | Time:00:00.16 | Syncing QA:Ulnar head of extensor carpi u
Fra:0 Mem:2403.01M (Peak 2403.01M) | Time:00:00.16 | Syncing QA:Ulnar head of extensor carpi u
Fra:0 Mem:2403.22M (Peak 2403.22M) | Time:00:00.16 | Syncing QA:Ulnar head of flexor carpi uln
Fra:0 Mem:2403.48M (Peak 2403.48M) | Time:00:00.16 | Syncing QA:Ulnar head of flexor carpi uln
Fra:0 Mem:2403.73M (Peak 2403.73M) | Time:00:00.16 | Syncing QA:Upper canine.l
Fra:0 Mem:2403.98M (Peak 2403.98M) | Time:00:00.16 | Syncing QA:Upper canine.r
Fra:0 Mem:2404.23M (Peak 2404.23M) | Time:00:00.16 | Syncing QA:Upper first molar tooth.l
Fra:0 Mem:2404.53M (Peak 2404.53M) | Time:00:00.16 | Syncing QA:Upper first molar tooth.r
Fra:0 Mem:2404.83M (Peak 2404.83M) | Time:00:00.16 | Syncing QA:Upper first premolar.l
Fra:0 Mem:2405.09M (Peak 2405.09M) | Time:00:00.16 | Syncing QA:Upper first premolar.r
Fra:0 Mem:2405.36M (Peak 2405.36M) | Time:00:00.16 | Syncing QA:Upper lateral incisor.l
Fra:0 Mem:2405.60M (Peak 2405.60M) | Time:00:00.16 | Syncing QA:Upper lateral incisor.r
Fra:0 Mem:2405.85M (Peak 2405.85M) | Time:00:00.16 | Syncing QA:Upper medial incisor.l
Fra:0 Mem:2406.10M (Peak 2406.10M) | Time:00:00.16 | Syncing QA:Upper medial incisor.r
Fra:0 Mem:2406.34M (Peak 2406.34M) | Time:00:00.16 | Syncing QA:Upper second molar tooth.l
Fra:0 Mem:2406.62M (Peak 2406.62M) | Time:00:00.16 | Syncing QA:Upper second molar tooth.r
Fra:0 Mem:2406.90M (Peak 2406.90M) | Time:00:00.16 | Syncing QA:Upper second premolar.l
Fra:0 Mem:2407.15M (Peak 2407.15M) | Time:00:00.16 | Syncing QA:Upper second premolar.r
Fra:0 Mem:2407.41M (Peak 2407.41M) | Time:00:00.16 | Syncing QA:Vastus intermedius muscle.l
Fra:0 Mem:2407.98M (Peak 2407.98M) | Time:00:00.16 | Syncing QA:Vastus intermedius muscle.r
Fra:0 Mem:2408.56M (Peak 2408.56M) | Time:00:00.16 | Syncing QA:Vastus lateralis muscle.l
Fra:0 Mem:2409.35M (Peak 2409.35M) | Time:00:00.16 | Syncing QA:Vastus lateralis muscle.r
Fra:0 Mem:2410.14M (Peak 2410.14M) | Time:00:00.16 | Syncing QA:Vastus medialis muscle.l
Fra:0 Mem:2410.74M (Peak 2410.74M) | Time:00:00.16 | Syncing QA:Vastus medialis muscle.r
Fra:0 Mem:2411.33M (Peak 2411.33M) | Time:00:00.16 | Syncing QA:Ventral parts of lateral inter
Fra:0 Mem:2411.55M (Peak 2411.55M) | Time:00:00.16 | Syncing QA:Ventral parts of lateral inter
Fra:0 Mem:2411.77M (Peak 2411.77M) | Time:00:00.16 | Syncing QA:Vertebra C3
Fra:0 Mem:2412.08M (Peak 2412.08M) | Time:00:00.16 | Syncing QA:Vertebra C4
Fra:0 Mem:2412.37M (Peak 2412.37M) | Time:00:00.16 | Syncing QA:Vertebra C5
Fra:0 Mem:2412.68M (Peak 2412.68M) | Time:00:00.16 | Syncing QA:Vertebra C6
Fra:0 Mem:2412.98M (Peak 2412.98M) | Time:00:00.16 | Syncing QA:Vertebra C7
Fra:0 Mem:2413.28M (Peak 2413.28M) | Time:00:00.16 | Syncing QA:Vertebra L1
Fra:0 Mem:2413.64M (Peak 2413.64M) | Time:00:00.16 | Syncing QA:Vertebra L2
Fra:0 Mem:2413.97M (Peak 2413.97M) | Time:00:00.16 | Syncing QA:Vertebra L3
Fra:0 Mem:2414.34M (Peak 2414.34M) | Time:00:00.16 | Syncing QA:Vertebra L4
Fra:0 Mem:2414.74M (Peak 2414.74M) | Time:00:00.16 | Syncing QA:Vertebra L5
Fra:0 Mem:2415.17M (Peak 2415.17M) | Time:00:00.16 | Syncing QA:Vertebra T1
Fra:0 Mem:2415.45M (Peak 2415.45M) | Time:00:00.16 | Syncing QA:Vertebra T10
Fra:0 Mem:2415.81M (Peak 2415.81M) | Time:00:00.16 | Syncing QA:Vertebra T11
Fra:0 Mem:2416.08M (Peak 2416.08M) | Time:00:00.16 | Syncing QA:Vertebra T12
Fra:0 Mem:2416.40M (Peak 2416.40M) | Time:00:00.16 | Syncing QA:Vertebra T2
Fra:0 Mem:2416.70M (Peak 2416.70M) | Time:00:00.16 | Syncing QA:Vertebra T3
Fra:0 Mem:2417.01M (Peak 2417.01M) | Time:00:00.16 | Syncing QA:Vertebra T4
Fra:0 Mem:2417.31M (Peak 2417.31M) | Time:00:00.16 | Syncing QA:Vertebra T5
Fra:0 Mem:2417.61M (Peak 2417.61M) | Time:00:00.16 | Syncing QA:Vertebra T6
Fra:0 Mem:2417.89M (Peak 2417.89M) | Time:00:00.16 | Syncing QA:Vertebra T7
Fra:0 Mem:2418.22M (Peak 2418.22M) | Time:00:00.16 | Syncing QA:Vertebra T8
Fra:0 Mem:2418.49M (Peak 2418.49M) | Time:00:00.16 | Syncing QA:Vertebra T9
Fra:0 Mem:2418.85M (Peak 2418.85M) | Time:00:00.16 | Syncing QA:Vomer
Fra:0 Mem:2419.06M (Peak 2419.06M) | Time:00:00.16 | Syncing QA:Xiphoid process
Fra:0 Mem:2419.28M (Peak 2419.28M) | Time:00:00.16 | Syncing QA:Zygomatic bone.l
Fra:0 Mem:2419.52M (Peak 2419.52M) | Time:00:00.16 | Syncing QA:Zygomatic bone.r
Fra:0 Mem:2419.76M (Peak 2419.76M) | Time:00:00.16 | Syncing QA:Zygomaticus major muscle.l
Fra:0 Mem:2419.97M (Peak 2419.97M) | Time:00:00.16 | Syncing QA:Zygomaticus major muscle.r
Fra:0 Mem:2420.17M (Peak 2420.17M) | Time:00:00.16 | Syncing QA:Zygomaticus minor muscle.l
Fra:0 Mem:2420.35M (Peak 2420.35M) | Time:00:00.16 | Syncing QA:Zygomaticus minor muscle.r
Fra:0 Mem:2420.53M (Peak 2420.53M) | Time:00:00.16 | Syncing T98 camera
Fra:0 Mem:2420.53M (Peak 2420.53M) | Time:00:00.16 | Syncing T98 light
Fra:0 Mem:2420.53M (Peak 2420.53M) | Time:00:00.16 | Syncing T98 light.001
Fra:0 Mem:2411.05M (Peak 2420.53M) | Time:00:00.16 | Rendering 1 / 16 samples
Fra:0 Mem:2213.55M (Peak 2420.53M) | Time:00:00.45 | Rendering 16 / 16 samples
Saved: '/Users/daniel/Downloads/SIM /HUMAN ATLAS/work/evidence/T98/astra-resolution-2026-09-29/source-plus-y.png'
 Time: 00:00.50 (Saving: 00:00.03)

Dependency cycle detected:
  OBOesophagus-profile/TRANSFORM_INIT() depends on
  OBOesophagus/GEOMETRY_EVAL() via 'Curve Follow Parent'
  OBOesophagus/MODIFIER(Solidify) via 'modifier stack order'
  OBOesophagus/GEOMETRY_EVAL_INIT() via 'Modifier'
  CUOesophagus/GEOMETRY_EVAL_DONE() via 'Object Geometry Base Data'
  CUOesophagus/GEOMETRY_EVAL() via 'ObData Geom Eval Done'
  OBOesophagus-profile/TRANSFORM_FINAL() via 'Curve Bevel Transform'
  OBOesophagus-profile/TRANSFORM_SIMULATION_INIT() via 'Simulation -> Final Transform'
  OBOesophagus-profile/TRANSFORM_EVAL() via 'Transform Eval -> Simulation Init'
  OBOesophagus-profile/TRANSFORM_PARENT() via 'Eval'
  OBOesophagus-profile/TRANSFORM_LOCAL() via 'ObLocal -> ObParent'
  OBOesophagus-profile/TRANSFORM_INIT() via 'Transform Init'
Detected 1 dependency cycles
Fra:0 Mem:2069.21M (Peak 2069.21M) | Time:00:00.05 | Syncing QA:(Abdominal part of pectoralis 
Fra:0 Mem:2069.46M (Peak 2069.46M) | Time:00:00.05 | Syncing QA:(Abdominal part of pectoralis 
Fra:0 Mem:2069.72M (Peak 2069.72M) | Time:00:00.05 | Syncing QA:(Adductor minimus).l
Fra:0 Mem:2069.93M (Peak 2069.93M) | Time:00:00.05 | Syncing QA:(Adductor minimus).r
Fra:0 Mem:2070.15M (Peak 2070.15M) | Time:00:00.05 | Syncing QA:(Iliopectineal bursa).l
Fra:0 Mem:2070.37M (Peak 2070.37M) | Time:00:00.05 | Syncing QA:(Iliopectineal bursa).r
Fra:0 Mem:2070.59M (Peak 2070.59M) | Time:00:00.05 | Syncing QA:(Opponens digiti minimi muscle
Fra:0 Mem:2070.76M (Peak 2070.76M) | Time:00:00.05 | Syncing QA:(Opponens digiti minimi muscle
Fra:0 Mem:2070.93M (Peak 2070.93M) | Time:00:00.05 | Syncing QA:Abductor digiti minimi of foot
Fra:0 Mem:2071.17M (Peak 2071.17M) | Time:00:00.05 | Syncing QA:Abductor digiti minimi of foot
Fra:0 Mem:2071.41M (Peak 2071.41M) | Time:00:00.05 | Syncing QA:Abductor digiti minimi of hand
Fra:0 Mem:2071.60M (Peak 2071.60M) | Time:00:00.05 | Syncing QA:Abductor digiti minimi of hand
Fra:0 Mem:2071.80M (Peak 2071.80M) | Time:00:00.05 | Syncing QA:Abductor hallucis.l
Fra:0 Mem:2072.07M (Peak 2072.07M) | Time:00:00.05 | Syncing QA:Abductor hallucis.r
Fra:0 Mem:2072.33M (Peak 2072.33M) | Time:00:00.05 | Syncing QA:Abductor pollicis brevis.l
Fra:0 Mem:2072.53M (Peak 2072.53M) | Time:00:00.05 | Syncing QA:Abductor pollicis brevis.r
Fra:0 Mem:2072.72M (Peak 2072.72M) | Time:00:00.05 | Syncing QA:Abductor pollicis longus.l
Fra:0 Mem:2073.04M (Peak 2073.04M) | Time:00:00.05 | Syncing QA:Abductor pollicis longus.r
Fra:0 Mem:2073.36M (Peak 2073.36M) | Time:00:00.05 | Syncing QA:Acromial part of deltoid muscl
Fra:0 Mem:2073.71M (Peak 2073.71M) | Time:00:00.05 | Syncing QA:Acromial part of deltoid muscl
Fra:0 Mem:2074.07M (Peak 2074.07M) | Time:00:00.05 | Syncing QA:Adductor brevis.l
Fra:0 Mem:2074.36M (Peak 2074.36M) | Time:00:00.05 | Syncing QA:Adductor brevis.r
Fra:0 Mem:2074.66M (Peak 2074.66M) | Time:00:00.05 | Syncing QA:Adductor longus.l
Fra:0 Mem:2075.07M (Peak 2075.07M) | Time:00:00.05 | Syncing QA:Adductor longus.r
Fra:0 Mem:2075.47M (Peak 2075.47M) | Time:00:00.05 | Syncing QA:Adductor magnus.l
Fra:0 Mem:2076.18M (Peak 2076.18M) | Time:00:00.05 | Syncing QA:Adductor magnus.r
Fra:0 Mem:2076.90M (Peak 2076.90M) | Time:00:00.05 | Syncing QA:Anconeus muscle.l
Fra:0 Mem:2077.15M (Peak 2077.15M) | Time:00:00.05 | Syncing QA:Anconeus muscle.r
Fra:0 Mem:2077.40M (Peak 2077.40M) | Time:00:00.05 | Syncing QA:Anserine bursa.l
Fra:0 Mem:2077.61M (Peak 2077.61M) | Time:00:00.05 | Syncing QA:Anserine bursa.r
Fra:0 Mem:2077.82M (Peak 2077.82M) | Time:00:00.05 | Syncing QA:Antebrachial fascia.l
Fra:0 Mem:2078.29M (Peak 2078.29M) | Time:00:00.05 | Syncing QA:Antebrachial fascia.r
Fra:0 Mem:2078.77M (Peak 2078.77M) | Time:00:00.05 | Syncing QA:Anterior belly of digastric mu
Fra:0 Mem:2078.95M (Peak 2078.95M) | Time:00:00.05 | Syncing QA:Anterior belly of digastric mu
Fra:0 Mem:2079.12M (Peak 2079.12M) | Time:00:00.05 | Syncing QA:Anterior cells of ethmoid bone
Fra:0 Mem:2079.31M (Peak 2079.31M) | Time:00:00.05 | Syncing QA:Anterior cells of ethmoid bone
Fra:0 Mem:2079.50M (Peak 2079.50M) | Time:00:00.05 | Syncing QA:Anterior intermuscular septum 
Fra:0 Mem:2079.67M (Peak 2079.67M) | Time:00:00.05 | Syncing QA:Anterior intermuscular septum 
Fra:0 Mem:2079.84M (Peak 2079.84M) | Time:00:00.05 | Syncing QA:Anterior layer of thoracolumba
Fra:0 Mem:2080.01M (Peak 2080.01M) | Time:00:00.05 | Syncing QA:Anterior layer of thoracolumba
Fra:0 Mem:2080.17M (Peak 2080.17M) | Time:00:00.05 | Syncing QA:Ary-epiglottic part of oblique
Fra:0 Mem:2080.43M (Peak 2080.43M) | Time:00:00.05 | Syncing QA:Ary-epiglottic part of oblique
Fra:0 Mem:2080.68M (Peak 2080.68M) | Time:00:00.05 | Syncing QA:Arytenoid cartilage.l
Fra:0 Mem:2081.11M (Peak 2081.11M) | Time:00:00.05 | Syncing QA:Arytenoid cartilage.r
Fra:0 Mem:2081.53M (Peak 2081.53M) | Time:00:00.05 | Syncing QA:Ascending part of trapezius mu
Fra:0 Mem:2082.00M (Peak 2082.00M) | Time:00:00.05 | Syncing QA:Ascending part of trapezius mu
Fra:0 Mem:2082.46M (Peak 2082.46M) | Time:00:00.05 | Syncing QA:Atlas (C1)
Fra:0 Mem:2082.76M (Peak 2082.76M) | Time:00:00.05 | Syncing QA:Axis (C2)
Fra:0 Mem:2083.07M (Peak 2083.07M) | Time:00:00.05 | Syncing QA:Bicipitoradial bursa.l
Fra:0 Mem:2083.30M (Peak 2083.30M) | Time:00:00.05 | Syncing QA:Bicipitoradial bursa.r
Fra:0 Mem:2083.52M (Peak 2083.52M) | Time:00:00.05 | Syncing QA:Body of sternum
Fra:0 Mem:2083.98M (Peak 2083.98M) | Time:00:00.05 | Syncing QA:Brachial fascia.l
Fra:0 Mem:2084.35M (Peak 2084.35M) | Time:00:00.05 | Syncing QA:Brachial fascia.r
Fra:0 Mem:2084.72M (Peak 2084.72M) | Time:00:00.05 | Syncing QA:Brachialis muscle.l
Fra:0 Mem:2085.11M (Peak 2085.11M) | Time:00:00.05 | Syncing QA:Brachialis muscle.r
Fra:0 Mem:2085.50M (Peak 2085.50M) | Time:00:00.05 | Syncing QA:Brachioradialis muscle.l
Fra:0 Mem:2086.15M (Peak 2086.15M) | Time:00:00.05 | Syncing QA:Brachioradialis muscle.r
Fra:0 Mem:2086.80M (Peak 2086.80M) | Time:00:00.05 | Syncing QA:Bucinator.l
Fra:0 Mem:2087.01M (Peak 2087.01M) | Time:00:00.05 | Syncing QA:Bucinator.r
Fra:0 Mem:2087.22M (Peak 2087.22M) | Time:00:00.05 | Syncing QA:Bursa of piriformis muscle.l
Fra:0 Mem:2087.45M (Peak 2087.45M) | Time:00:00.05 | Syncing QA:Bursa of piriformis muscle.r
Fra:0 Mem:2087.67M (Peak 2087.67M) | Time:00:00.05 | Syncing QA:Calcaneal tendon.l
Fra:0 Mem:2088.12M (Peak 2088.12M) | Time:00:00.05 | Syncing QA:Calcaneal tendon.r
Fra:0 Mem:2088.57M (Peak 2088.57M) | Time:00:00.05 | Syncing QA:Calcaneus.l
Fra:0 Mem:2088.82M (Peak 2088.82M) | Time:00:00.05 | Syncing QA:Calcaneus.r
Fra:0 Mem:2089.07M (Peak 2089.07M) | Time:00:00.05 | Syncing QA:Capitate bone.l
Fra:0 Mem:2089.25M (Peak 2089.25M) | Time:00:00.05 | Syncing QA:Capitate bone.r
Fra:0 Mem:2089.44M (Peak 2089.44M) | Time:00:00.05 | Syncing QA:Clavicle.l
Fra:0 Mem:2089.69M (Peak 2089.69M) | Time:00:00.05 | Syncing QA:Clavicle.r
Fra:0 Mem:2089.95M (Peak 2089.95M) | Time:00:00.05 | Syncing QA:Clavicular head of pectoralis 
Fra:0 Mem:2090.16M (Peak 2090.16M) | Time:00:00.05 | Syncing QA:Clavicular head of pectoralis 
Fra:0 Mem:2090.37M (Peak 2090.37M) | Time:00:00.05 | Syncing QA:Clavicular part of deltoid mus
Fra:0 Mem:2090.72M (Peak 2090.72M) | Time:00:00.05 | Syncing QA:Clavicular part of deltoid mus
Fra:0 Mem:2091.07M (Peak 2091.07M) | Time:00:00.05 | Syncing QA:Clavipectoral fascia.l
Fra:0 Mem:2091.28M (Peak 2091.28M) | Time:00:00.05 | Syncing QA:Clavipectoral fascia.r
Fra:0 Mem:2091.50M (Peak 2091.50M) | Time:00:00.05 | Syncing QA:Coccygeus muscle.l
Fra:0 Mem:2091.72M (Peak 2091.72M) | Time:00:00.05 | Syncing QA:Coccygeus muscle.r
Fra:0 Mem:2091.94M (Peak 2091.94M) | Time:00:00.05 | Syncing QA:Coccyx
Fra:0 Mem:2092.17M (Peak 2092.17M) | Time:00:00.05 | Syncing QA:Common flexor tendon sheath.l
Fra:0 Mem:2092.36M (Peak 2092.36M) | Time:00:00.05 | Syncing QA:Common flexor tendon sheath.r
Fra:0 Mem:2093.20M (Peak 2093.20M) | Time:00:00.06 | Syncing QA:Common tendinous ring.l
Fra:0 Mem:2093.39M (Peak 2093.39M) | Time:00:00.06 | Syncing QA:Common tendinous ring.r
Fra:0 Mem:2093.58M (Peak 2093.58M) | Time:00:00.06 | Syncing QA:Common tendon sheath of fibula
Fra:0 Mem:2093.81M (Peak 2093.81M) | Time:00:00.06 | Syncing QA:Common tendon sheath of fibula
Fra:0 Mem:2094.03M (Peak 2094.03M) | Time:00:00.06 | Syncing QA:Coracobrachial bursa.l
Fra:0 Mem:2094.26M (Peak 2094.26M) | Time:00:00.06 | Syncing QA:Coracobrachial bursa.r
Fra:0 Mem:2094.48M (Peak 2094.48M) | Time:00:00.06 | Syncing QA:Coracobrachialis muscle.l
Fra:0 Mem:2094.71M (Peak 2094.71M) | Time:00:00.06 | Syncing QA:Coracobrachialis muscle.r
Fra:0 Mem:2094.94M (Peak 2094.94M) | Time:00:00.06 | Syncing QA:Corniculate cartilage.l
Fra:0 Mem:2095.11M (Peak 2095.11M) | Time:00:00.06 | Syncing QA:Corniculate cartilage.r
Fra:0 Mem:2095.27M (Peak 2095.27M) | Time:00:00.06 | Syncing QA:Corrugator supercilii.l
Fra:0 Mem:2095.44M (Peak 2095.44M) | Time:00:00.06 | Syncing QA:Corrugator supercilii.r
Fra:0 Mem:2095.61M (Peak 2095.61M) | Time:00:00.06 | Syncing QA:Costal cartilage of eighth rib
Fra:0 Mem:2095.89M (Peak 2095.89M) | Time:00:00.06 | Syncing QA:Costal cartilage of eighth rib
Fra:0 Mem:2096.17M (Peak 2096.17M) | Time:00:00.06 | Syncing QA:Costal cartilage of fifth rib.
Fra:0 Mem:2096.64M (Peak 2096.64M) | Time:00:00.06 | Syncing QA:Costal cartilage of fifth rib.
Fra:0 Mem:2097.12M (Peak 2097.12M) | Time:00:00.06 | Syncing QA:Costal cartilage of first rib.
Fra:0 Mem:2097.40M (Peak 2097.40M) | Time:00:00.06 | Syncing QA:Costal cartilage of first rib.
Fra:0 Mem:2097.69M (Peak 2097.69M) | Time:00:00.06 | Syncing QA:Costal cartilage of fourth rib
Fra:0 Mem:2098.06M (Peak 2098.06M) | Time:00:00.06 | Syncing QA:Costal cartilage of fourth rib
Fra:0 Mem:2098.44M (Peak 2098.44M) | Time:00:00.06 | Syncing QA:Costal cartilage of ninth rib.
Fra:0 Mem:2098.69M (Peak 2098.69M) | Time:00:00.06 | Syncing QA:Costal cartilage of ninth rib.
Fra:0 Mem:2098.93M (Peak 2098.93M) | Time:00:00.06 | Syncing QA:Costal cartilage of second rib
Fra:0 Mem:2099.25M (Peak 2099.25M) | Time:00:00.06 | Syncing QA:Costal cartilage of second rib
Fra:0 Mem:2099.57M (Peak 2099.57M) | Time:00:00.06 | Syncing QA:Costal cartilage of seventh ri
Fra:0 Mem:2100.41M (Peak 2100.41M) | Time:00:00.06 | Syncing QA:Costal cartilage of seventh ri
Fra:0 Mem:2101.24M (Peak 2101.24M) | Time:00:00.06 | Syncing QA:Costal cartilage of sixth rib.
Fra:0 Mem:2101.79M (Peak 2101.79M) | Time:00:00.06 | Syncing QA:Costal cartilage of sixth rib.
Fra:0 Mem:2102.35M (Peak 2102.35M) | Time:00:00.06 | Syncing QA:Costal cartilage of tenth rib.
Fra:0 Mem:2102.57M (Peak 2102.57M) | Time:00:00.06 | Syncing QA:Costal cartilage of tenth rib.
Fra:0 Mem:2102.80M (Peak 2102.80M) | Time:00:00.06 | Syncing QA:Costal cartilage of third rib.
Fra:0 Mem:2103.13M (Peak 2103.13M) | Time:00:00.06 | Syncing QA:Costal cartilage of third rib.
Fra:0 Mem:2103.46M (Peak 2103.46M) | Time:00:00.06 | Syncing QA:Cricoid cartilage
Fra:0 Mem:2103.80M (Peak 2103.80M) | Time:00:00.06 | Syncing QA:Cruciform part of fibrous shea
Fra:0 Mem:2104.18M (Peak 2104.18M) | Time:00:00.06 | Syncing QA:Cruciform part of fibrous shea
Fra:0 Mem:2104.57M (Peak 2104.57M) | Time:00:00.06 | Syncing QA:Crural fascia.l
Fra:0 Mem:2105.51M (Peak 2105.63M) | Time:00:00.06 | Syncing QA:Crural fascia.r
Fra:0 Mem:2106.45M (Peak 2106.58M) | Time:00:00.06 | Syncing QA:Cuboid bone.l
Fra:0 Mem:2106.67M (Peak 2106.67M) | Time:00:00.06 | Syncing QA:Cuboid bone.r
Fra:0 Mem:2106.89M (Peak 2106.89M) | Time:00:00.06 | Syncing QA:Deep head of flexor pollicis b
Fra:0 Mem:2107.09M (Peak 2107.09M) | Time:00:00.06 | Syncing QA:Deep head of flexor pollicis b
Fra:0 Mem:2107.29M (Peak 2107.29M) | Time:00:00.06 | Syncing QA:Deep head of pronator teres.l
Fra:0 Mem:2107.52M (Peak 2107.52M) | Time:00:00.06 | Syncing QA:Deep head of pronator teres.r
Fra:0 Mem:2107.75M (Peak 2107.75M) | Time:00:00.06 | Syncing QA:Deep infrapatellar bursa.l
Fra:0 Mem:2107.95M (Peak 2107.95M) | Time:00:00.06 | Syncing QA:Deep infrapatellar bursa.r
Fra:0 Mem:2108.15M (Peak 2108.15M) | Time:00:00.06 | Syncing QA:Deep part of masseter.l
Fra:0 Mem:2108.37M (Peak 2108.37M) | Time:00:00.06 | Syncing QA:Deep part of masseter.r
Fra:0 Mem:2108.59M (Peak 2108.59M) | Time:00:00.06 | Syncing QA:Deltoid fascia.l
Fra:0 Mem:2109.00M (Peak 2109.00M) | Time:00:00.06 | Syncing QA:Deltoid fascia.r
Fra:0 Mem:2109.41M (Peak 2109.41M) | Time:00:00.06 | Syncing QA:Depressor anguli oris.l
Fra:0 Mem:2109.60M (Peak 2109.60M) | Time:00:00.06 | Syncing QA:Depressor anguli oris.r
Fra:0 Mem:2109.79M (Peak 2109.79M) | Time:00:00.06 | Syncing QA:Depressor labii inferioris.l
Fra:0 Mem:2110.00M (Peak 2110.00M) | Time:00:00.06 | Syncing QA:Depressor labii inferioris.r
Fra:0 Mem:2110.21M (Peak 2110.21M) | Time:00:00.06 | Syncing QA:Depressor septi nasi.l
Fra:0 Mem:2110.38M (Peak 2110.38M) | Time:00:00.06 | Syncing QA:Depressor septi nasi.r
Fra:0 Mem:2110.55M (Peak 2110.55M) | Time:00:00.06 | Syncing QA:Descending part of trapezius m
Fra:0 Mem:2111.16M (Peak 2111.16M) | Time:00:00.06 | Syncing QA:Descending part of trapezius m
Fra:0 Mem:2111.78M (Peak 2111.78M) | Time:00:00.06 | Syncing QA:Diaphragm
Fra:0 Mem:2113.85M (Peak 2113.85M) | Time:00:00.06 | Syncing QA:Diaphragmatic fascia
Fra:0 Mem:2114.35M (Peak 2114.35M) | Time:00:00.06 | Syncing QA:Distal phalanx of fifth finger
Fra:0 Mem:2114.51M (Peak 2114.51M) | Time:00:00.06 | Syncing QA:Distal phalanx of fifth finger
Fra:0 Mem:2114.68M (Peak 2114.68M) | Time:00:00.06 | Syncing QA:Distal phalanx of fifth finger
Fra:0 Mem:2114.84M (Peak 2114.84M) | Time:00:00.06 | Syncing QA:Distal phalanx of fifth finger
Fra:0 Mem:2115.01M (Peak 2115.01M) | Time:00:00.06 | Syncing QA:Distal phalanx of first finger
Fra:0 Mem:2115.19M (Peak 2115.19M) | Time:00:00.06 | Syncing QA:Distal phalanx of first finger
Fra:0 Mem:2115.37M (Peak 2115.37M) | Time:00:00.06 | Syncing QA:Distal phalanx of first finger
Fra:0 Mem:2115.54M (Peak 2115.54M) | Time:00:00.06 | Syncing QA:Distal phalanx of first finger
Fra:0 Mem:2115.71M (Peak 2115.71M) | Time:00:00.06 | Syncing QA:Distal phalanx of fourth finge
Fra:0 Mem:2115.88M (Peak 2115.88M) | Time:00:00.06 | Syncing QA:Distal phalanx of fourth finge
Fra:0 Mem:2116.04M (Peak 2116.04M) | Time:00:00.06 | Syncing QA:Distal phalanx of fourth finge
Fra:0 Mem:2116.20M (Peak 2116.20M) | Time:00:00.06 | Syncing QA:Distal phalanx of fourth finge
Fra:0 Mem:2116.36M (Peak 2116.36M) | Time:00:00.06 | Syncing QA:Distal phalanx of second finge
Fra:0 Mem:2116.53M (Peak 2116.53M) | Time:00:00.06 | Syncing QA:Distal phalanx of second finge
Fra:0 Mem:2116.70M (Peak 2116.70M) | Time:00:00.06 | Syncing QA:Distal phalanx of second finge
Fra:0 Mem:2116.87M (Peak 2116.87M) | Time:00:00.06 | Syncing QA:Distal phalanx of second finge
Fra:0 Mem:2117.03M (Peak 2117.03M) | Time:00:00.06 | Syncing QA:Distal phalanx of third finger
Fra:0 Mem:2117.21M (Peak 2117.21M) | Time:00:00.06 | Syncing QA:Distal phalanx of third finger
Fra:0 Mem:2117.38M (Peak 2117.38M) | Time:00:00.06 | Syncing QA:Distal phalanx of third finger
Fra:0 Mem:2117.54M (Peak 2117.54M) | Time:00:00.06 | Syncing QA:Distal phalanx of third finger
Fra:0 Mem:2117.71M (Peak 2117.71M) | Time:00:00.06 | Syncing QA:Dorsal fascia of hand.l
Fra:0 Mem:2117.96M (Peak 2117.96M) | Time:00:00.06 | Syncing QA:Dorsal fascia of hand.r
Fra:0 Mem:2118.22M (Peak 2118.22M) | Time:00:00.06 | Syncing QA:Dorsal interossei muscles of f
Fra:0 Mem:2118.50M (Peak 2118.50M) | Time:00:00.06 | Syncing QA:Dorsal interossei muscles of f
Fra:0 Mem:2118.79M (Peak 2118.79M) | Time:00:00.06 | Syncing QA:Dorsal interossei muscles of h
Fra:0 Mem:2119.03M (Peak 2119.03M) | Time:00:00.06 | Syncing QA:Dorsal interossei muscles of h
Fra:0 Mem:2119.28M (Peak 2119.28M) | Time:00:00.06 | Syncing QA:Dorsal parts of lateral intert
Fra:0 Mem:2119.48M (Peak 2119.48M) | Time:00:00.06 | Syncing QA:Dorsal parts of lateral intert
Fra:0 Mem:2119.68M (Peak 2119.68M) | Time:00:00.06 | Syncing QA:Eighth rib.l
Fra:0 Mem:2120.39M (Peak 2120.39M) | Time:00:00.06 | Syncing QA:Eighth rib.r
Fra:0 Mem:2121.11M (Peak 2121.11M) | Time:00:00.06 | Syncing QA:Eleventh rib.l
Fra:0 Mem:2121.61M (Peak 2121.61M) | Time:00:00.06 | Syncing QA:Eleventh rib.r
Fra:0 Mem:2122.10M (Peak 2122.10M) | Time:00:00.06 | Syncing QA:Epicranial aponeurosis.l
Fra:0 Mem:2123.64M (Peak 2123.64M) | Time:00:00.06 | Syncing QA:Epicranial aponeurosis.r
Fra:0 Mem:2125.17M (Peak 2125.17M) | Time:00:00.06 | Syncing QA:Ethmoid bone
Fra:0 Mem:2125.88M (Peak 2125.88M) | Time:00:00.06 | Syncing QA:Extensor carpi radialis brevis
Fra:0 Mem:2126.25M (Peak 2126.25M) | Time:00:00.06 | Syncing QA:Extensor carpi radialis brevis
Fra:0 Mem:2126.62M (Peak 2126.62M) | Time:00:00.06 | Syncing QA:Extensor carpi radialis longus
Fra:0 Mem:2127.02M (Peak 2127.02M) | Time:00:00.06 | Syncing QA:Extensor carpi radialis longus
Fra:0 Mem:2127.43M (Peak 2127.43M) | Time:00:00.06 | Syncing QA:Extensor digiti minimi.l
Fra:0 Mem:2127.72M (Peak 2127.72M) | Time:00:00.06 | Syncing QA:Extensor digiti minimi.r
Fra:0 Mem:2128.02M (Peak 2128.02M) | Time:00:00.06 | Syncing QA:Extensor digitorum brevis.l
Fra:0 Mem:2128.39M (Peak 2128.39M) | Time:00:00.06 | Syncing QA:Extensor digitorum brevis.r
Fra:0 Mem:2128.76M (Peak 2128.76M) | Time:00:00.06 | Syncing QA:Extensor digitorum longus.l
Fra:0 Mem:2129.13M (Peak 2129.13M) | Time:00:00.06 | Syncing QA:Extensor digitorum longus.r
Fra:0 Mem:2129.50M (Peak 2129.50M) | Time:00:00.06 | Syncing QA:Extensor digitorum.l
Fra:0 Mem:2130.09M (Peak 2130.09M) | Time:00:00.06 | Syncing QA:Extensor digitorum.r
Fra:0 Mem:2130.68M (Peak 2130.68M) | Time:00:00.06 | Syncing QA:Extensor hallucis brevis.l
Fra:0 Mem:2130.91M (Peak 2130.91M) | Time:00:00.06 | Syncing QA:Extensor hallucis brevis.r
Fra:0 Mem:2131.13M (Peak 2131.13M) | Time:00:00.06 | Syncing QA:Extensor hallucis longus.l
Fra:0 Mem:2131.45M (Peak 2131.45M) | Time:00:00.06 | Syncing QA:Extensor hallucis longus.r
Fra:0 Mem:2131.76M (Peak 2131.76M) | Time:00:00.06 | Syncing QA:Extensor indicis.l
Fra:0 Mem:2131.99M (Peak 2131.99M) | Time:00:00.07 | Syncing QA:Extensor indicis.r
Fra:0 Mem:2132.22M (Peak 2132.22M) | Time:00:00.07 | Syncing QA:Extensor pollicis brevis.l
Fra:0 Mem:2132.45M (Peak 2132.45M) | Time:00:00.07 | Syncing QA:Extensor pollicis brevis.r
Fra:0 Mem:2132.68M (Peak 2132.68M) | Time:00:00.07 | Syncing QA:Extensor pollicis longus.l
Fra:0 Mem:2132.94M (Peak 2132.94M) | Time:00:00.07 | Syncing QA:Extensor pollicis longus.r
Fra:0 Mem:2133.20M (Peak 2133.20M) | Time:00:00.07 | Syncing QA:Extensor retinaculum of wrist.
Fra:0 Mem:2133.38M (Peak 2133.38M) | Time:00:00.07 | Syncing QA:Extensor retinaculum of wrist.
Fra:0 Mem:2133.56M (Peak 2133.56M) | Time:00:00.07 | Syncing QA:External abdominal oblique mus
Fra:0 Mem:2135.74M (Peak 2135.74M) | Time:00:00.07 | Syncing QA:External abdominal oblique mus
Fra:0 Mem:2137.93M (Peak 2137.93M) | Time:00:00.07 | Syncing QA:External anal sphincter.l
Fra:0 Mem:2138.09M (Peak 2138.09M) | Time:00:00.07 | Syncing QA:External anal sphincter.r
Fra:0 Mem:2138.26M (Peak 2138.26M) | Time:00:00.07 | Syncing QA:External intercostal muscles.l
Fra:0 Mem:2141.25M (Peak 2141.40M) | Time:00:00.07 | Syncing QA:External intercostal muscles.r
Fra:0 Mem:2144.24M (Peak 2144.39M) | Time:00:00.07 | Syncing QA:External part of thyro-aryteno
Fra:0 Mem:2144.62M (Peak 2144.62M) | Time:00:00.07 | Syncing QA:External part of thyro-aryteno
Fra:0 Mem:2145.00M (Peak 2145.00M) | Time:00:00.07 | Syncing QA:Fascia lata.l
Fra:0 Mem:2146.09M (Peak 2146.24M) | Time:00:00.07 | Syncing QA:Fascia lata.r
Fra:0 Mem:2147.18M (Peak 2147.33M) | Time:00:00.07 | Syncing QA:Femur.l
Fra:0 Mem:2147.59M (Peak 2147.59M) | Time:00:00.07 | Syncing QA:Femur.r
Fra:0 Mem:2148.00M (Peak 2148.00M) | Time:00:00.07 | Syncing QA:Fibula.l
Fra:0 Mem:2148.24M (Peak 2148.24M) | Time:00:00.07 | Syncing QA:Fibula.r
Fra:0 Mem:2148.48M (Peak 2148.48M) | Time:00:00.07 | Syncing QA:Fibularis brevis muscle.l
Fra:0 Mem:2148.87M (Peak 2148.87M) | Time:00:00.07 | Syncing QA:Fibularis brevis muscle.r
Fra:0 Mem:2149.25M (Peak 2149.25M) | Time:00:00.07 | Syncing QA:Fibularis longus muscle.l
Fra:0 Mem:2149.78M (Peak 2149.78M) | Time:00:00.07 | Syncing QA:Fibularis longus muscle.r
Fra:0 Mem:2150.31M (Peak 2150.31M) | Time:00:00.07 | Syncing QA:Fibularis tertius muscle.l
Fra:0 Mem:2150.50M (Peak 2150.50M) | Time:00:00.07 | Syncing QA:Fibularis tertius muscle.r
Fra:0 Mem:2150.69M (Peak 2150.69M) | Time:00:00.07 | Syncing QA:Fifth metacarpal bone.l
Fra:0 Mem:2150.88M (Peak 2150.88M) | Time:00:00.07 | Syncing QA:Fifth metacarpal bone.r
Fra:0 Mem:2151.07M (Peak 2151.07M) | Time:00:00.07 | Syncing QA:Fifth metatarsal bone.l
Fra:0 Mem:2151.28M (Peak 2151.28M) | Time:00:00.07 | Syncing QA:Fifth metatarsal bone.r
Fra:0 Mem:2151.49M (Peak 2151.49M) | Time:00:00.07 | Syncing QA:Fifth rib.l
Fra:0 Mem:2152.28M (Peak 2152.28M) | Time:00:00.07 | Syncing QA:Fifth rib.r
Fra:0 Mem:2153.08M (Peak 2153.08M) | Time:00:00.07 | Syncing QA:First metacarpal bone.l
Fra:0 Mem:2153.27M (Peak 2153.27M) | Time:00:00.07 | Syncing QA:First metacarpal bone.r
Fra:0 Mem:2153.47M (Peak 2153.47M) | Time:00:00.07 | Syncing QA:First metatarsal bone.l
Fra:0 Mem:2153.70M (Peak 2153.70M) | Time:00:00.07 | Syncing QA:First metatarsal bone.r
Fra:0 Mem:2153.92M (Peak 2153.92M) | Time:00:00.07 | Syncing QA:First rib.l
Fra:0 Mem:2154.29M (Peak 2154.29M) | Time:00:00.07 | Syncing QA:First rib.r
Fra:0 Mem:2154.66M (Peak 2154.66M) | Time:00:00.07 | Syncing QA:Flexor carpi radialis.l
Fra:0 Mem:2154.93M (Peak 2154.93M) | Time:00:00.07 | Syncing QA:Flexor carpi radialis.r
Fra:0 Mem:2155.19M (Peak 2155.19M) | Time:00:00.07 | Syncing QA:Flexor digiti minimi of foot.l
Fra:0 Mem:2155.38M (Peak 2155.38M) | Time:00:00.07 | Syncing QA:Flexor digiti minimi of foot.r
Fra:0 Mem:2155.56M (Peak 2155.56M) | Time:00:00.07 | Syncing QA:Flexor digiti minimi of hand.l
Fra:0 Mem:2155.73M (Peak 2155.73M) | Time:00:00.07 | Syncing QA:Flexor digiti minimi of hand.r
Fra:0 Mem:2155.90M (Peak 2155.90M) | Time:00:00.07 | Syncing QA:Flexor digitorum brevis.l
Fra:0 Mem:2156.27M (Peak 2156.27M) | Time:00:00.07 | Syncing QA:Flexor digitorum brevis.r
Fra:0 Mem:2156.65M (Peak 2156.65M) | Time:00:00.07 | Syncing QA:Flexor digitorum longus.l
Fra:0 Mem:2157.27M (Peak 2157.27M) | Time:00:00.07 | Syncing QA:Flexor digitorum longus.r
Fra:0 Mem:2157.89M (Peak 2157.89M) | Time:00:00.07 | Syncing QA:Flexor digitorum profundus.l
Fra:0 Mem:2158.53M (Peak 2158.53M) | Time:00:00.07 | Syncing QA:Flexor digitorum profundus.r
Fra:0 Mem:2159.16M (Peak 2159.16M) | Time:00:00.07 | Syncing QA:Flexor hallucis longus.l
Fra:0 Mem:2159.72M (Peak 2159.72M) | Time:00:00.07 | Syncing QA:Flexor hallucis longus.r
Fra:0 Mem:2160.27M (Peak 2160.27M) | Time:00:00.07 | Syncing QA:Flexor pollicis longus.l
Fra:0 Mem:2160.54M (Peak 2160.54M) | Time:00:00.07 | Syncing QA:Flexor pollicis longus.r
Fra:0 Mem:2160.80M (Peak 2160.80M) | Time:00:00.07 | Syncing QA:Flexor retinaculum of ankle.l
Fra:0 Mem:2161.00M (Peak 2161.00M) | Time:00:00.07 | Syncing QA:Flexor retinaculum of ankle.r
Fra:0 Mem:2161.21M (Peak 2161.21M) | Time:00:00.07 | Syncing QA:Flexor retinaculum of wrist.l
Fra:0 Mem:2161.39M (Peak 2161.39M) | Time:00:00.07 | Syncing QA:Flexor retinaculum of wrist.r
Fra:0 Mem:2161.58M (Peak 2161.58M) | Time:00:00.07 | Syncing QA:Fourth metacarpal bone.l
Fra:0 Mem:2161.78M (Peak 2161.78M) | Time:00:00.07 | Syncing QA:Fourth metacarpal bone.r
Fra:0 Mem:2161.97M (Peak 2161.97M) | Time:00:00.07 | Syncing QA:Fourth metatarsal bone.l
Fra:0 Mem:2162.18M (Peak 2162.18M) | Time:00:00.07 | Syncing QA:Fourth metatarsal bone.r
Fra:0 Mem:2162.38M (Peak 2162.38M) | Time:00:00.07 | Syncing QA:Fourth rib.l
Fra:0 Mem:2163.12M (Peak 2163.12M) | Time:00:00.07 | Syncing QA:Fourth rib.r
Fra:0 Mem:2163.87M (Peak 2163.87M) | Time:00:00.07 | Syncing QA:Frontal bone
Fra:0 Mem:2164.56M (Peak 2164.56M) | Time:00:00.07 | Syncing QA:Frontalis muscle.l
Fra:0 Mem:2165.11M (Peak 2165.11M) | Time:00:00.07 | Syncing QA:Frontalis muscle.r
Fra:0 Mem:2165.67M (Peak 2165.67M) | Time:00:00.07 | Syncing QA:Genioglossus muscle.l
Fra:0 Mem:2166.20M (Peak 2166.20M) | Time:00:00.07 | Syncing QA:Genioglossus muscle.r
Fra:0 Mem:2166.74M (Peak 2166.74M) | Time:00:00.07 | Syncing QA:Geniohyoid muscle.l
Fra:0 Mem:2166.93M (Peak 2166.93M) | Time:00:00.07 | Syncing QA:Geniohyoid muscle.r
Fra:0 Mem:2167.11M (Peak 2167.11M) | Time:00:00.07 | Syncing QA:Gluteus maximus muscle.l
Fra:0 Mem:2167.49M (Peak 2167.49M) | Time:00:00.07 | Syncing QA:Gluteus maximus muscle.r
Fra:0 Mem:2167.87M (Peak 2167.87M) | Time:00:00.07 | Syncing QA:Gluteus medius muscle.l
Fra:0 Mem:2168.38M (Peak 2168.38M) | Time:00:00.07 | Syncing QA:Gluteus medius muscle.r
Fra:0 Mem:2168.88M (Peak 2168.88M) | Time:00:00.07 | Syncing QA:Gluteus minimus muscle.l
Fra:0 Mem:2169.46M (Peak 2169.46M) | Time:00:00.07 | Syncing QA:Gluteus minimus muscle.r
Fra:0 Mem:2170.04M (Peak 2170.04M) | Time:00:00.07 | Syncing QA:Gracilis muscle.l
Fra:0 Mem:2170.52M (Peak 2170.52M) | Time:00:00.07 | Syncing QA:Gracilis muscle.r
Fra:0 Mem:2171.00M (Peak 2171.00M) | Time:00:00.07 | Syncing QA:Hamate bone.l
Fra:0 Mem:2171.19M (Peak 2171.19M) | Time:00:00.07 | Syncing QA:Hamate bone.r
Fra:0 Mem:2171.38M (Peak 2171.38M) | Time:00:00.07 | Syncing QA:Hip bone.l
Fra:0 Mem:2171.78M (Peak 2171.78M) | Time:00:00.07 | Syncing QA:Hip bone.r
Fra:0 Mem:2172.19M (Peak 2172.19M) | Time:00:00.07 | Syncing QA:Humeral head of extensor carpi
Fra:0 Mem:2172.42M (Peak 2172.42M) | Time:00:00.07 | Syncing QA:Humeral head of extensor carpi
Fra:0 Mem:2172.66M (Peak 2172.66M) | Time:00:00.07 | Syncing QA:Humeral head of flexor carpi u
Fra:0 Mem:2173.08M (Peak 2173.08M) | Time:00:00.07 | Syncing QA:Humeral head of flexor carpi u
Fra:0 Mem:2173.50M (Peak 2173.50M) | Time:00:00.07 | Syncing QA:Humero-ulnar head of flexor di
Fra:0 Mem:2174.53M (Peak 2174.57M) | Time:00:00.07 | Syncing QA:Humero-ulnar head of flexor di
Fra:0 Mem:2175.56M (Peak 2175.60M) | Time:00:00.08 | Syncing QA:Humerus.l
Fra:0 Mem:2176.00M (Peak 2176.00M) | Time:00:00.08 | Syncing QA:Humerus.r
Fra:0 Mem:2176.45M (Peak 2176.45M) | Time:00:00.08 | Syncing QA:Hyoglossus muscle.l
Fra:0 Mem:2176.74M (Peak 2176.74M) | Time:00:00.08 | Syncing QA:Hyoglossus muscle.r
Fra:0 Mem:2177.04M (Peak 2177.04M) | Time:00:00.08 | Syncing QA:Hyoid bone
Fra:0 Mem:2177.28M (Peak 2177.28M) | Time:00:00.08 | Syncing QA:Iliacus muscle.l
Fra:0 Mem:2177.73M (Peak 2177.73M) | Time:00:00.08 | Syncing QA:Iliacus muscle.r
Fra:0 Mem:2178.18M (Peak 2178.18M) | Time:00:00.08 | Syncing QA:Iliococcygeus muscle.l
Fra:0 Mem:2178.46M (Peak 2178.46M) | Time:00:00.08 | Syncing QA:Iliococcygeus muscle.r
Fra:0 Mem:2178.75M (Peak 2178.75M) | Time:00:00.08 | Syncing QA:Iliocostalis colli muscle
Fra:0 Mem:2179.04M (Peak 2179.04M) | Time:00:00.08 | Syncing QA:Iliocostalis colli muscle.r
Fra:0 Mem:2179.33M (Peak 2179.33M) | Time:00:00.08 | Syncing QA:Iliocostalis lumborum muscle.l
Fra:0 Mem:2180.17M (Peak 2180.17M) | Time:00:00.08 | Syncing QA:Iliocostalis lumborum muscle.r
Fra:0 Mem:2181.01M (Peak 2181.01M) | Time:00:00.08 | Syncing QA:Iliocostalis thoracis muscle.l
Fra:0 Mem:2181.56M (Peak 2181.56M) | Time:00:00.08 | Syncing QA:Iliocostalis thoracis muscle.r
Fra:0 Mem:2182.11M (Peak 2182.11M) | Time:00:00.08 | Syncing QA:Iliopectineal arch.l
Fra:0 Mem:2182.26M (Peak 2182.26M) | Time:00:00.08 | Syncing QA:Iliopectineal arch.r
Fra:0 Mem:2182.43M (Peak 2182.43M) | Time:00:00.08 | Syncing QA:Iliopsoas fascia.l
Fra:0 Mem:2182.70M (Peak 2182.70M) | Time:00:00.08 | Syncing QA:Iliopsoas fascia.r
Fra:0 Mem:2182.97M (Peak 2182.97M) | Time:00:00.08 | Syncing QA:Iliotibial tract.l
Fra:0 Mem:2186.46M (Peak 2186.64M) | Time:00:00.08 | Syncing QA:Iliotibial tract.r
Fra:0 Mem:2189.94M (Peak 2190.12M) | Time:00:00.08 | Syncing QA:Incus.l
Fra:0 Mem:2190.28M (Peak 2190.28M) | Time:00:00.08 | Syncing QA:Incus.r
Fra:0 Mem:2190.61M (Peak 2190.61M) | Time:00:00.08 | Syncing QA:Inferior extensor retinaculum 
Fra:0 Mem:2190.79M (Peak 2190.79M) | Time:00:00.08 | Syncing QA:Inferior extensor retinaculum 
Fra:0 Mem:2190.96M (Peak 2190.96M) | Time:00:00.08 | Syncing QA:Inferior fibular retinaculum.l
Fra:0 Mem:2191.12M (Peak 2191.12M) | Time:00:00.08 | Syncing QA:Inferior fibular retinaculum.r
Fra:0 Mem:2191.27M (Peak 2191.27M) | Time:00:00.08 | Syncing QA:Inferior gemellus muscle.l
Fra:0 Mem:2191.49M (Peak 2191.49M) | Time:00:00.08 | Syncing QA:Inferior gemellus muscle.r
Fra:0 Mem:2191.70M (Peak 2191.70M) | Time:00:00.08 | Syncing QA:Inferior head of lateral ptery
Fra:0 Mem:2191.88M (Peak 2191.88M) | Time:00:00.08 | Syncing QA:Inferior head of lateral ptery
Fra:0 Mem:2192.05M (Peak 2192.05M) | Time:00:00.08 | Syncing QA:Inferior nasal concha bone.l
Fra:0 Mem:2192.23M (Peak 2192.23M) | Time:00:00.08 | Syncing QA:Inferior nasal concha bone.r
Fra:0 Mem:2192.42M (Peak 2192.42M) | Time:00:00.08 | Syncing QA:Inferior oblique muscle.l
Fra:0 Mem:2192.69M (Peak 2192.69M) | Time:00:00.08 | Syncing QA:Inferior oblique muscle.r
Fra:0 Mem:2192.95M (Peak 2192.95M) | Time:00:00.08 | Syncing QA:Inferior pharyngeal constricto
Fra:0 Mem:2193.49M (Peak 2193.49M) | Time:00:00.08 | Syncing QA:Inferior pharyngeal constricto
Fra:0 Mem:2194.02M (Peak 2194.02M) | Time:00:00.08 | Syncing QA:Inferior rectus muscle.l
Fra:0 Mem:2194.35M (Peak 2194.35M) | Time:00:00.08 | Syncing QA:Inferior rectus muscle.r
Fra:0 Mem:2194.68M (Peak 2194.68M) | Time:00:00.08 | Syncing QA:Inferior subtendinous bursa of
Fra:0 Mem:2194.88M (Peak 2194.88M) | Time:00:00.08 | Syncing QA:Inferior subtendinous bursa of
Fra:0 Mem:2195.08M (Peak 2195.08M) | Time:00:00.08 | Syncing QA:Inferior tarsus.l
Fra:0 Mem:2195.24M (Peak 2195.24M) | Time:00:00.08 | Syncing QA:Inferior tarsus.r
Fra:0 Mem:2195.40M (Peak 2195.40M) | Time:00:00.08 | Syncing QA:Infraspinatus muscle.l
Fra:0 Mem:2195.77M (Peak 2195.77M) | Time:00:00.08 | Syncing QA:Infraspinatus muscle.r
Fra:0 Mem:2196.13M (Peak 2196.13M) | Time:00:00.08 | Syncing QA:Inguinal ligament.l
Fra:0 Mem:2196.36M (Peak 2196.36M) | Time:00:00.08 | Syncing QA:Inguinal ligament.r
Fra:0 Mem:2196.58M (Peak 2196.58M) | Time:00:00.08 | Syncing QA:Innermost intercostal muscles.
Fra:0 Mem:2199.36M (Peak 2199.50M) | Time:00:00.08 | Syncing QA:Innermost intercostal muscles.
Fra:0 Mem:2202.14M (Peak 2202.28M) | Time:00:00.08 | Syncing QA:Intermediate cuneiform bone.l
Fra:0 Mem:2202.32M (Peak 2202.32M) | Time:00:00.08 | Syncing QA:Intermediate cuneiform bone.r
Fra:0 Mem:2202.50M (Peak 2202.50M) | Time:00:00.08 | Syncing QA:Intermediate tendon of digastr
Fra:0 Mem:2202.66M (Peak 2202.66M) | Time:00:00.08 | Syncing QA:Intermediate tendon of digastr
Fra:0 Mem:2202.83M (Peak 2202.83M) | Time:00:00.08 | Syncing QA:Intermuscular gluteal bursae.l
Fra:0 Mem:2203.04M (Peak 2203.04M) | Time:00:00.08 | Syncing QA:Intermuscular gluteal bursae.r
Fra:0 Mem:2203.44M (Peak 2203.44M) | Time:00:00.08 | Syncing QA:Internal abdominal oblique mus
Fra:0 Mem:2205.57M (Peak 2205.57M) | Time:00:00.08 | Syncing QA:Internal abdominal oblique mus
Fra:0 Mem:2207.70M (Peak 2207.70M) | Time:00:00.08 | Syncing QA:Internal intercostal muscles.l
Fra:0 Mem:2210.61M (Peak 2210.76M) | Time:00:00.08 | Syncing QA:Internal intercostal muscles.r
Fra:0 Mem:2213.52M (Peak 2213.67M) | Time:00:00.08 | Syncing QA:Interspinales colli muscles.l
Fra:0 Mem:2213.71M (Peak 2213.71M) | Time:00:00.08 | Syncing QA:Interspinales colli muscles.r
Fra:0 Mem:2213.89M (Peak 2213.89M) | Time:00:00.08 | Syncing QA:Interspinales lumborum muscles
Fra:0 Mem:2214.08M (Peak 2214.08M) | Time:00:00.08 | Syncing QA:Interspinales lumborum muscles
Fra:0 Mem:2214.26M (Peak 2214.26M) | Time:00:00.08 | Syncing QA:Interspinales thoracis muscles
Fra:0 Mem:2214.43M (Peak 2214.43M) | Time:00:00.08 | Syncing QA:Interspinales thoracis muscles
Fra:0 Mem:2214.59M (Peak 2214.59M) | Time:00:00.08 | Syncing QA:Intertubercular tendon sheath.
Fra:0 Mem:2214.78M (Peak 2214.78M) | Time:00:00.08 | Syncing QA:Intertubercular tendon sheath.
Fra:0 Mem:2214.98M (Peak 2214.98M) | Time:00:00.08 | Syncing QA:Investing abdominal fascia.l
Fra:0 Mem:2215.94M (Peak 2216.06M) | Time:00:00.08 | Syncing QA:Investing abdominal fascia.r
Fra:0 Mem:2216.90M (Peak 2217.02M) | Time:00:00.09 | Syncing QA:Lacrimal bone.l
Fra:0 Mem:2217.09M (Peak 2217.09M) | Time:00:00.09 | Syncing QA:Lacrimal bone.r
Fra:0 Mem:2217.28M (Peak 2217.28M) | Time:00:00.09 | Syncing QA:Lateral crico-arytenoid muscle
Fra:0 Mem:2217.60M (Peak 2217.60M) | Time:00:00.09 | Syncing QA:Lateral crico-arytenoid muscle
Fra:0 Mem:2217.91M (Peak 2217.91M) | Time:00:00.09 | Syncing QA:Lateral cuneiform bone.l
Fra:0 Mem:2218.14M (Peak 2218.14M) | Time:00:00.09 | Syncing QA:Lateral cuneiform bone.r
Fra:0 Mem:2218.33M (Peak 2218.33M) | Time:00:00.09 | Syncing QA:Lateral femoral intermuscular 
Fra:0 Mem:2218.53M (Peak 2218.53M) | Time:00:00.09 | Syncing QA:Lateral femoral intermuscular 
Fra:0 Mem:2218.72M (Peak 2218.72M) | Time:00:00.09 | Syncing QA:Lateral head of flexor halluci
Fra:0 Mem:2218.94M (Peak 2218.94M) | Time:00:00.09 | Syncing QA:Lateral head of flexor halluci
Fra:0 Mem:2219.15M (Peak 2219.15M) | Time:00:00.09 | Syncing QA:Lateral head of gastrocnemius.
Fra:0 Mem:2219.64M (Peak 2219.64M) | Time:00:00.09 | Syncing QA:Lateral head of gastrocnemius.
Fra:0 Mem:2220.13M (Peak 2220.13M) | Time:00:00.09 | Syncing QA:Lateral head of triceps brachi
Fra:0 Mem:2220.53M (Peak 2220.53M) | Time:00:00.09 | Syncing QA:Lateral head of triceps brachi
Fra:0 Mem:2220.93M (Peak 2220.93M) | Time:00:00.09 | Syncing QA:Lateral intermuscular septum o
Fra:0 Mem:2221.09M (Peak 2221.09M) | Time:00:00.09 | Syncing QA:Lateral intermuscular septum o
Fra:0 Mem:2221.25M (Peak 2221.25M) | Time:00:00.09 | Syncing QA:Lateral patellar retinaculum.l
Fra:0 Mem:2221.41M (Peak 2221.41M) | Time:00:00.09 | Syncing QA:Lateral patellar retinaculum.r
Fra:0 Mem:2221.57M (Peak 2221.57M) | Time:00:00.09 | Syncing QA:Lateral process of nasal septa
Fra:0 Mem:2221.74M (Peak 2221.74M) | Time:00:00.09 | Syncing QA:Lateral process of nasal septa
Fra:0 Mem:2221.92M (Peak 2221.92M) | Time:00:00.09 | Syncing QA:Lateral rectus muscle.l
Fra:0 Mem:2222.23M (Peak 2222.23M) | Time:00:00.09 | Syncing QA:Lateral rectus muscle.r
Fra:0 Mem:2222.55M (Peak 2222.55M) | Time:00:00.09 | Syncing QA:Lateral subtendinous bursa of 
Fra:0 Mem:2222.75M (Peak 2222.75M) | Time:00:00.09 | Syncing QA:Lateral subtendinous bursa of 
Fra:0 Mem:2222.95M (Peak 2222.95M) | Time:00:00.09 | Syncing QA:Latissimus dorsi muscle.l
Fra:0 Mem:2224.58M (Peak 2224.58M) | Time:00:00.09 | Syncing QA:Latissimus dorsi muscle.r
Fra:0 Mem:2226.21M (Peak 2226.21M) | Time:00:00.09 | Syncing QA:Levator anguli oris.l
Fra:0 Mem:2226.38M (Peak 2226.38M) | Time:00:00.09 | Syncing QA:Levator anguli oris.r
Fra:0 Mem:2226.56M (Peak 2226.56M) | Time:00:00.09 | Syncing QA:Levator labii superioris.l
Fra:0 Mem:2226.75M (Peak 2226.75M) | Time:00:00.09 | Syncing QA:Levator labii superioris.r
Fra:0 Mem:2226.93M (Peak 2226.93M) | Time:00:00.09 | Syncing QA:Levator nasolabialis.l
Fra:0 Mem:2227.10M (Peak 2227.10M) | Time:00:00.09 | Syncing QA:Levator nasolabialis.r
Fra:0 Mem:2227.26M (Peak 2227.26M) | Time:00:00.09 | Syncing QA:Levator palpebrae superioris.l
Fra:0 Mem:2227.63M (Peak 2227.63M) | Time:00:00.09 | Syncing QA:Levator palpebrae superioris.r
Fra:0 Mem:2228.00M (Peak 2228.00M) | Time:00:00.09 | Syncing QA:Levator scapulae.l
Fra:0 Mem:2228.36M (Peak 2228.36M) | Time:00:00.09 | Syncing QA:Levator scapulae.r
Fra:0 Mem:2228.73M (Peak 2228.73M) | Time:00:00.09 | Syncing QA:Levatores breves costarum.l
Fra:0 Mem:2229.06M (Peak 2229.06M) | Time:00:00.09 | Syncing QA:Levatores breves costarum.r
Fra:0 Mem:2229.40M (Peak 2229.40M) | Time:00:00.09 | Syncing QA:Levatores longi costarum.l
Fra:0 Mem:2229.96M (Peak 2229.96M) | Time:00:00.09 | Syncing QA:Levatores longi costarum.r
Fra:0 Mem:2230.51M (Peak 2230.51M) | Time:00:00.09 | Syncing QA:Linea alba
Fra:0 Mem:2230.69M (Peak 2230.69M) | Time:00:00.09 | Syncing QA:Long head of biceps brachii.l
Fra:0 Mem:2231.06M (Peak 2231.06M) | Time:00:00.09 | Syncing QA:Long head of biceps brachii.r
Fra:0 Mem:2231.43M (Peak 2231.43M) | Time:00:00.09 | Syncing QA:Long head of biceps femoris.l
Fra:0 Mem:2232.08M (Peak 2232.08M) | Time:00:00.09 | Syncing QA:Long head of biceps femoris.r
Fra:0 Mem:2232.73M (Peak 2232.73M) | Time:00:00.09 | Syncing QA:Long head of triceps brachii.l
Fra:0 Mem:2233.15M (Peak 2233.15M) | Time:00:00.09 | Syncing QA:Long head of triceps brachii.r
Fra:0 Mem:2233.57M (Peak 2233.57M) | Time:00:00.09 | Syncing QA:Longissimus capitis muscle.l
Fra:0 Mem:2233.83M (Peak 2233.83M) | Time:00:00.09 | Syncing QA:Longissimus capitis muscle.r
Fra:0 Mem:2234.09M (Peak 2234.09M) | Time:00:00.09 | Syncing QA:Longissimus colli muscle.l
Fra:0 Mem:2234.36M (Peak 2234.36M) | Time:00:00.09 | Syncing QA:Longissimus colli muscle.r
Fra:0 Mem:2234.64M (Peak 2234.64M) | Time:00:00.09 | Syncing QA:Longissimus thoracis muscle.l
Fra:0 Mem:2235.45M (Peak 2235.45M) | Time:00:00.09 | Syncing QA:Longissimus thoracis muscle.r
Fra:0 Mem:2236.27M (Peak 2236.27M) | Time:00:00.09 | Syncing QA:Longus capitis muscle.l
Fra:0 Mem:2236.55M (Peak 2236.55M) | Time:00:00.09 | Syncing QA:Longus capitis muscle.r
Fra:0 Mem:2236.84M (Peak 2236.84M) | Time:00:00.09 | Syncing QA:Longus colli muscle.l
Fra:0 Mem:2237.42M (Peak 2237.42M) | Time:00:00.09 | Syncing QA:Longus colli muscle.r
Fra:0 Mem:2238.01M (Peak 2238.01M) | Time:00:00.09 | Syncing QA:Lower canine.l
Fra:0 Mem:2238.24M (Peak 2238.24M) | Time:00:00.09 | Syncing QA:Lower canine.r
Fra:0 Mem:2238.48M (Peak 2238.48M) | Time:00:00.09 | Syncing QA:Lower first molar tooth.l
Fra:0 Mem:2238.94M (Peak 2238.94M) | Time:00:00.09 | Syncing QA:Lower first molar tooth.r
Fra:0 Mem:2239.40M (Peak 2239.40M) | Time:00:00.09 | Syncing QA:Lower first premolar.l
Fra:0 Mem:2239.63M (Peak 2239.63M) | Time:00:00.09 | Syncing QA:Lower first premolar.r
Fra:0 Mem:2239.87M (Peak 2239.87M) | Time:00:00.09 | Syncing QA:Lower lateral incisor.l
Fra:0 Mem:2240.09M (Peak 2240.09M) | Time:00:00.09 | Syncing QA:Lower lateral incisor.r
Fra:0 Mem:2240.31M (Peak 2240.31M) | Time:00:00.09 | Syncing QA:Lower medial incisor.l
Fra:0 Mem:2240.53M (Peak 2240.53M) | Time:00:00.09 | Syncing QA:Lower medial incisor.r
Fra:0 Mem:2240.75M (Peak 2240.75M) | Time:00:00.09 | Syncing QA:Lower second molar tooth.l
Fra:0 Mem:2241.01M (Peak 2241.01M) | Time:00:00.09 | Syncing QA:Lower second molar tooth.r
Fra:0 Mem:2241.28M (Peak 2241.28M) | Time:00:00.09 | Syncing QA:Lower second premolar.l
Fra:0 Mem:2241.51M (Peak 2241.51M) | Time:00:00.09 | Syncing QA:Lower second premolar.r
Fra:0 Mem:2241.74M (Peak 2241.74M) | Time:00:00.09 | Syncing QA:Lumbrical muscles of foot.l
Fra:0 Mem:2241.92M (Peak 2241.92M) | Time:00:00.09 | Syncing QA:Lumbrical muscles of foot.r
Fra:0 Mem:2242.10M (Peak 2242.10M) | Time:00:00.09 | Syncing QA:Lumbrical muscles of hand.l
Fra:0 Mem:2242.34M (Peak 2242.34M) | Time:00:00.09 | Syncing QA:Lumbrical muscles of hand.r
Fra:0 Mem:2242.59M (Peak 2242.59M) | Time:00:00.09 | Syncing QA:Lunate bone.l
Fra:0 Mem:2242.84M (Peak 2242.84M) | Time:00:00.09 | Syncing QA:Lunate bone.r
Fra:0 Mem:2243.10M (Peak 2243.10M) | Time:00:00.09 | Syncing QA:Major alar cartilage.l
Fra:0 Mem:2243.27M (Peak 2243.27M) | Time:00:00.09 | Syncing QA:Major alar cartilage.r
Fra:0 Mem:2243.44M (Peak 2243.44M) | Time:00:00.09 | Syncing QA:Malleus.l
Fra:0 Mem:2243.88M (Peak 2243.88M) | Time:00:00.09 | Syncing QA:Malleus.r
Fra:0 Mem:2244.32M (Peak 2244.32M) | Time:00:00.09 | Syncing QA:Mandible
Fra:0 Mem:2245.77M (Peak 2245.77M) | Time:00:00.09 | Syncing QA:Manubrium of sternum
Fra:0 Mem:2246.10M (Peak 2246.10M) | Time:00:00.09 | Syncing QA:Masseteric fascia.l
Fra:0 Mem:2246.28M (Peak 2246.28M) | Time:00:00.09 | Syncing QA:Masseteric fascia.r
Fra:0 Mem:2246.46M (Peak 2246.46M) | Time:00:00.09 | Syncing QA:Maxilla.l
Fra:0 Mem:2246.94M (Peak 2246.94M) | Time:00:00.09 | Syncing QA:Maxilla.r
Fra:0 Mem:2247.42M (Peak 2247.42M) | Time:00:00.09 | Syncing QA:Medial cuneiform bone.l
Fra:0 Mem:2247.64M (Peak 2247.64M) | Time:00:00.09 | Syncing QA:Medial cuneiform bone.r
Fra:0 Mem:2247.86M (Peak 2247.86M) | Time:00:00.09 | Syncing QA:Medial femoral intermuscular s
Fra:0 Mem:2248.57M (Peak 2248.92M) | Time:00:00.09 | Syncing QA:Medial femoral intermuscular s
Fra:0 Mem:2249.28M (Peak 2249.63M) | Time:00:00.09 | Syncing QA:Medial head of flexor hallucis
Fra:0 Mem:2249.46M (Peak 2249.63M) | Time:00:00.09 | Syncing QA:Medial head of flexor hallucis
Fra:0 Mem:2249.65M (Peak 2249.65M) | Time:00:00.09 | Syncing QA:Medial head of gastrocnemius.l
Fra:0 Mem:2250.24M (Peak 2250.24M) | Time:00:00.09 | Syncing QA:Medial head of gastrocnemius.r
Fra:0 Mem:2250.84M (Peak 2250.84M) | Time:00:00.09 | Syncing QA:Medial head of triceps brachii
Fra:0 Mem:2251.17M (Peak 2251.17M) | Time:00:00.09 | Syncing QA:Medial head of triceps brachii
Fra:0 Mem:2251.51M (Peak 2251.51M) | Time:00:00.09 | Syncing QA:Medial intermuscular septum of
Fra:0 Mem:2251.68M (Peak 2251.68M) | Time:00:00.09 | Syncing QA:Medial intermuscular septum of
Fra:0 Mem:2251.85M (Peak 2251.85M) | Time:00:00.09 | Syncing QA:Medial patellar retinaculum.l
Fra:0 Mem:2252.01M (Peak 2252.01M) | Time:00:00.09 | Syncing QA:Medial patellar retinaculum.r
Fra:0 Mem:2252.17M (Peak 2252.17M) | Time:00:00.09 | Syncing QA:Medial pterygoid muscle.l
Fra:0 Mem:2252.36M (Peak 2252.36M) | Time:00:00.09 | Syncing QA:Medial pterygoid muscle.r
Fra:0 Mem:2252.54M (Peak 2252.54M) | Time:00:00.09 | Syncing QA:Medial rectus muscle.l
Fra:0 Mem:2252.82M (Peak 2252.82M) | Time:00:00.10 | Syncing QA:Medial rectus muscle.r
Fra:0 Mem:2253.10M (Peak 2253.10M) | Time:00:00.10 | Syncing QA:Medial subtendinous bursa of g
Fra:0 Mem:2253.29M (Peak 2253.29M) | Time:00:00.10 | Syncing QA:Medial subtendinous bursa of g
Fra:0 Mem:2253.49M (Peak 2253.49M) | Time:00:00.10 | Syncing QA:Mentalis muscle.l
Fra:0 Mem:2253.65M (Peak 2253.65M) | Time:00:00.10 | Syncing QA:Mentalis muscle.r
Fra:0 Mem:2253.81M (Peak 2253.81M) | Time:00:00.10 | Syncing QA:Middle cells of ethmoid bone.l
Fra:0 Mem:2254.01M (Peak 2254.01M) | Time:00:00.10 | Syncing QA:Middle cells of ethmoid bone.r
Fra:0 Mem:2254.21M (Peak 2254.21M) | Time:00:00.10 | Syncing QA:Middle layer of thoracolumbar 
Fra:0 Mem:2254.37M (Peak 2254.37M) | Time:00:00.10 | Syncing QA:Middle layer of thoracolumbar 
Fra:0 Mem:2254.53M (Peak 2254.53M) | Time:00:00.10 | Syncing QA:Middle phalanx of fifth finger
Fra:0 Mem:2254.70M (Peak 2254.70M) | Time:00:00.10 | Syncing QA:Middle phalanx of fifth finger
Fra:0 Mem:2254.86M (Peak 2254.86M) | Time:00:00.10 | Syncing QA:Middle phalanx of fifth finger
Fra:0 Mem:2255.03M (Peak 2255.03M) | Time:00:00.10 | Syncing QA:Middle phalanx of fifth finger
Fra:0 Mem:2255.20M (Peak 2255.20M) | Time:00:00.10 | Syncing QA:Middle phalanx of fourth finge
Fra:0 Mem:2255.38M (Peak 2255.38M) | Time:00:00.10 | Syncing QA:Middle phalanx of fourth finge
Fra:0 Mem:2255.56M (Peak 2255.56M) | Time:00:00.10 | Syncing QA:Middle phalanx of fourth finge
Fra:0 Mem:2255.74M (Peak 2255.74M) | Time:00:00.10 | Syncing QA:Middle phalanx of fourth finge
Fra:0 Mem:2255.93M (Peak 2255.93M) | Time:00:00.10 | Syncing QA:Middle phalanx of second finge
Fra:0 Mem:2256.10M (Peak 2256.10M) | Time:00:00.10 | Syncing QA:Middle phalanx of second finge
Fra:0 Mem:2256.28M (Peak 2256.28M) | Time:00:00.10 | Syncing QA:Middle phalanx of second finge
Fra:0 Mem:2256.45M (Peak 2256.45M) | Time:00:00.10 | Syncing QA:Middle phalanx of second finge
Fra:0 Mem:2256.62M (Peak 2256.62M) | Time:00:00.10 | Syncing QA:Middle phalanx of third finger
Fra:0 Mem:2256.80M (Peak 2256.80M) | Time:00:00.10 | Syncing QA:Middle phalanx of third finger
Fra:0 Mem:2256.97M (Peak 2256.97M) | Time:00:00.10 | Syncing QA:Middle phalanx of third finger
Fra:0 Mem:2257.15M (Peak 2257.15M) | Time:00:00.10 | Syncing QA:Middle phalanx of third finger
Fra:0 Mem:2257.32M (Peak 2257.32M) | Time:00:00.10 | Syncing QA:Middle pharyngeal constrictor.
Fra:0 Mem:2257.78M (Peak 2257.78M) | Time:00:00.10 | Syncing QA:Middle pharyngeal constrictor.
Fra:0 Mem:2258.23M (Peak 2258.23M) | Time:00:00.10 | Syncing QA:Multifidus colli muscle.l
Fra:0 Mem:2258.48M (Peak 2258.48M) | Time:00:00.10 | Syncing QA:Multifidus colli muscle.r
Fra:0 Mem:2258.72M (Peak 2258.72M) | Time:00:00.10 | Syncing QA:Multifidus lumborum muscle.l
Fra:0 Mem:2259.07M (Peak 2259.07M) | Time:00:00.10 | Syncing QA:Multifidus lumborum muscle.r
Fra:0 Mem:2259.41M (Peak 2259.41M) | Time:00:00.10 | Syncing QA:Multifidus thoracis muscle.l
Fra:0 Mem:2259.83M (Peak 2259.83M) | Time:00:00.10 | Syncing QA:Multifidus thoracis muscle.r
Fra:0 Mem:2260.25M (Peak 2260.25M) | Time:00:00.10 | Syncing QA:Mylohyoid muscle.l
Fra:0 Mem:2260.48M (Peak 2260.48M) | Time:00:00.10 | Syncing QA:Mylohyoid muscle.r
Fra:0 Mem:2260.70M (Peak 2260.70M) | Time:00:00.10 | Syncing QA:Nasal bone.l
Fra:0 Mem:2260.87M (Peak 2260.87M) | Time:00:00.10 | Syncing QA:Nasal bone.r
Fra:0 Mem:2261.05M (Peak 2261.05M) | Time:00:00.10 | Syncing QA:Nasal septal cartilage
Fra:0 Mem:2261.22M (Peak 2261.22M) | Time:00:00.10 | Syncing QA:Nasalis muscle.l
Fra:0 Mem:2261.42M (Peak 2261.42M) | Time:00:00.10 | Syncing QA:Nasalis muscle.r
Fra:0 Mem:2261.62M (Peak 2261.62M) | Time:00:00.10 | Syncing QA:Navicular bone.l
Fra:0 Mem:2261.82M (Peak 2261.82M) | Time:00:00.10 | Syncing QA:Navicular bone.r
Fra:0 Mem:2262.02M (Peak 2262.02M) | Time:00:00.10 | Syncing QA:Ninth rib.l
Fra:0 Mem:2262.70M (Peak 2262.70M) | Time:00:00.10 | Syncing QA:Ninth rib.r
Fra:0 Mem:2263.39M (Peak 2263.39M) | Time:00:00.10 | Syncing QA:Oblique head of adductor hallu
Fra:0 Mem:2263.60M (Peak 2263.60M) | Time:00:00.10 | Syncing QA:Oblique head of adductor hallu
Fra:0 Mem:2263.81M (Peak 2263.81M) | Time:00:00.10 | Syncing QA:Oblique head of adductor polli
Fra:0 Mem:2263.99M (Peak 2263.99M) | Time:00:00.10 | Syncing QA:Oblique head of adductor polli
Fra:0 Mem:2264.18M (Peak 2264.18M) | Time:00:00.10 | Syncing QA:Oblique part of cricothyroid m
Fra:0 Mem:2264.54M (Peak 2264.54M) | Time:00:00.10 | Syncing QA:Oblique part of cricothyroid m
Fra:0 Mem:2264.90M (Peak 2264.90M) | Time:00:00.10 | Syncing QA:Obliquus inferior capitis musc
Fra:0 Mem:2265.09M (Peak 2265.09M) | Time:00:00.10 | Syncing QA:Obliquus inferior capitis musc
Fra:0 Mem:2265.28M (Peak 2265.28M) | Time:00:00.10 | Syncing QA:Obliquus superior capitis musc
Fra:0 Mem:2265.47M (Peak 2265.47M) | Time:00:00.10 | Syncing QA:Obliquus superior capitis musc
Fra:0 Mem:2265.67M (Peak 2265.67M) | Time:00:00.10 | Syncing QA:Obturator externus.l
Fra:0 Mem:2265.90M (Peak 2265.90M) | Time:00:00.10 | Syncing QA:Obturator externus.r
Fra:0 Mem:2266.13M (Peak 2266.13M) | Time:00:00.10 | Syncing QA:Obturator internus.l
Fra:0 Mem:2266.64M (Peak 2266.64M) | Time:00:00.10 | Syncing QA:Obturator internus.r
Fra:0 Mem:2267.05M (Peak 2267.05M) | Time:00:00.10 | Syncing QA:Occipital bone
Fra:0 Mem:2267.73M (Peak 2267.73M) | Time:00:00.10 | Syncing QA:Occipitalis muscle.l
Fra:0 Mem:2268.06M (Peak 2268.06M) | Time:00:00.10 | Syncing QA:Occipitalis muscle.r
Fra:0 Mem:2268.39M (Peak 2268.39M) | Time:00:00.10 | Syncing QA:Omohyoid muscle.l
Fra:0 Mem:2268.73M (Peak 2268.73M) | Time:00:00.10 | Syncing QA:Omohyoid muscle.r
Fra:0 Mem:2269.06M (Peak 2269.06M) | Time:00:00.10 | Syncing QA:Opponens digiti minimi muscle 
Fra:0 Mem:2269.24M (Peak 2269.24M) | Time:00:00.10 | Syncing QA:Opponens digiti minimi muscle 
Fra:0 Mem:2269.42M (Peak 2269.42M) | Time:00:00.10 | Syncing QA:Opponens pollicis muscle.l
Fra:0 Mem:2269.60M (Peak 2269.60M) | Time:00:00.10 | Syncing QA:Opponens pollicis muscle.r
Fra:0 Mem:2269.78M (Peak 2269.78M) | Time:00:00.10 | Syncing QA:Orbicularis oris muscle.l
Fra:0 Mem:2270.06M (Peak 2270.06M) | Time:00:00.10 | Syncing QA:Orbicularis oris muscle.r
Fra:0 Mem:2270.33M (Peak 2270.33M) | Time:00:00.10 | Syncing QA:Orbital part of orbicularis oc
Fra:0 Mem:2270.65M (Peak 2270.65M) | Time:00:00.10 | Syncing QA:Orbital part of orbicularis oc
Fra:0 Mem:2270.96M (Peak 2270.96M) | Time:00:00.10 | Syncing QA:Palatine bone.l
Fra:0 Mem:2271.22M (Peak 2271.22M) | Time:00:00.10 | Syncing QA:Palatine bone.r
Fra:0 Mem:2271.47M (Peak 2271.47M) | Time:00:00.10 | Syncing QA:Palatopharyngeus muscle.l
Fra:0 Mem:2273.19M (Peak 2273.54M) | Time:00:00.10 | Syncing QA:Palatopharyngeus muscle.r
Fra:0 Mem:2274.92M (Peak 2275.26M) | Time:00:00.10 | Syncing QA:Palmar aponeurosis.l
Fra:0 Mem:2275.16M (Peak 2275.26M) | Time:00:00.10 | Syncing QA:Palmar aponeurosis.r
Fra:0 Mem:2275.41M (Peak 2275.41M) | Time:00:00.10 | Syncing QA:Palmar interossei muscles.l
Fra:0 Mem:2275.57M (Peak 2275.57M) | Time:00:00.10 | Syncing QA:Palmar interossei muscles.r
Fra:0 Mem:2275.73M (Peak 2275.73M) | Time:00:00.10 | Syncing QA:Palmaris longus muscle.l
Fra:0 Mem:2276.18M (Peak 2276.18M) | Time:00:00.10 | Syncing QA:Palmaris longus muscle.r
Fra:0 Mem:2276.63M (Peak 2276.63M) | Time:00:00.10 | Syncing QA:Palpebral part of orbicularis 
Fra:0 Mem:2276.84M (Peak 2276.84M) | Time:00:00.10 | Syncing QA:Palpebral part of orbicularis 
Fra:0 Mem:2277.05M (Peak 2277.05M) | Time:00:00.10 | Syncing QA:Parietal bone.l
Fra:0 Mem:2277.67M (Peak 2277.67M) | Time:00:00.10 | Syncing QA:Parietal bone.r
Fra:0 Mem:2278.28M (Peak 2278.28M) | Time:00:00.10 | Syncing QA:Patella.l
Fra:0 Mem:2278.45M (Peak 2278.45M) | Time:00:00.10 | Syncing QA:Patella.r
Fra:0 Mem:2278.62M (Peak 2278.62M) | Time:00:00.10 | Syncing QA:Pectineus muscle.l
Fra:0 Mem:2278.91M (Peak 2278.91M) | Time:00:00.10 | Syncing QA:Pectineus muscle.r
Fra:0 Mem:2279.19M (Peak 2279.19M) | Time:00:00.10 | Syncing QA:Pectoral fascia.l
Fra:0 Mem:2279.54M (Peak 2279.54M) | Time:00:00.10 | Syncing QA:Pectoral fascia.r
Fra:0 Mem:2279.89M (Peak 2279.89M) | Time:00:00.10 | Syncing QA:Pectoralis minor muscle.l
Fra:0 Mem:2280.32M (Peak 2280.32M) | Time:00:00.10 | Syncing QA:Pectoralis minor muscle.r
Fra:0 Mem:2280.76M (Peak 2280.76M) | Time:00:00.10 | Syncing QA:Piriformis fascia.l
Fra:0 Mem:2280.98M (Peak 2280.98M) | Time:00:00.10 | Syncing QA:Piriformis fascia.r
Fra:0 Mem:2281.19M (Peak 2281.19M) | Time:00:00.10 | Syncing QA:Piriformis muscle.l
Fra:0 Mem:2281.45M (Peak 2281.45M) | Time:00:00.10 | Syncing QA:Piriformis muscle.r
Fra:0 Mem:2281.70M (Peak 2281.70M) | Time:00:00.10 | Syncing QA:Pisiform bone.l
Fra:0 Mem:2281.93M (Peak 2281.93M) | Time:00:00.10 | Syncing QA:Pisiform bone.r
Fra:0 Mem:2282.17M (Peak 2282.17M) | Time:00:00.10 | Syncing QA:Plantar aponeurosis.l
Fra:0 Mem:2282.35M (Peak 2282.35M) | Time:00:00.10 | Syncing QA:Plantar aponeurosis.r
Fra:0 Mem:2282.53M (Peak 2282.53M) | Time:00:00.10 | Syncing QA:Plantar interossei muscles.l
Fra:0 Mem:2282.76M (Peak 2282.76M) | Time:00:00.10 | Syncing QA:Plantar interossei muscles.r
Fra:0 Mem:2283.00M (Peak 2283.00M) | Time:00:00.10 | Syncing QA:Plantar tendon sheath of fibul
Fra:0 Mem:2283.18M (Peak 2283.18M) | Time:00:00.10 | Syncing QA:Plantar tendon sheath of fibul
Fra:0 Mem:2283.37M (Peak 2283.37M) | Time:00:00.10 | Syncing QA:Plantaris muscle.l
Fra:0 Mem:2283.84M (Peak 2283.84M) | Time:00:00.10 | Syncing QA:Plantaris muscle.r
Fra:0 Mem:2284.31M (Peak 2284.31M) | Time:00:00.11 | Syncing QA:Platysma.l
Fra:0 Mem:2284.91M (Peak 2284.91M) | Time:00:00.11 | Syncing QA:Platysma.r
Fra:0 Mem:2285.51M (Peak 2285.51M) | Time:00:00.11 | Syncing QA:Popliteal fascia.l
Fra:0 Mem:2285.70M (Peak 2285.70M) | Time:00:00.11 | Syncing QA:Popliteal fascia.r
Fra:0 Mem:2285.88M (Peak 2285.88M) | Time:00:00.11 | Syncing QA:Popliteus muscle.l
Fra:0 Mem:2286.11M (Peak 2286.11M) | Time:00:00.11 | Syncing QA:Popliteus muscle.r
Fra:0 Mem:2286.34M (Peak 2286.34M) | Time:00:00.11 | Syncing QA:Posterior belly of digastric m
Fra:0 Mem:2286.58M (Peak 2286.58M) | Time:00:00.11 | Syncing QA:Posterior belly of digastric m
Fra:0 Mem:2286.82M (Peak 2286.82M) | Time:00:00.11 | Syncing QA:Posterior cells of ethmoid bon
Fra:0 Mem:2287.03M (Peak 2287.03M) | Time:00:00.11 | Syncing QA:Posterior cells of ethmoid bon
Fra:0 Mem:2287.24M (Peak 2287.24M) | Time:00:00.11 | Syncing QA:Posterior crico-arytenoid musc
Fra:0 Mem:2287.58M (Peak 2287.58M) | Time:00:00.11 | Syncing QA:Posterior crico-arytenoid musc
Fra:0 Mem:2287.91M (Peak 2287.91M) | Time:00:00.11 | Syncing QA:Posterior intermuscular septum
Fra:0 Mem:2288.09M (Peak 2288.09M) | Time:00:00.11 | Syncing QA:Posterior intermuscular septum
Fra:0 Mem:2288.27M (Peak 2288.27M) | Time:00:00.11 | Syncing QA:Posterior layer of thoracolumb
Fra:0 Mem:2288.44M (Peak 2288.44M) | Time:00:00.11 | Syncing QA:Posterior layer of thoracolumb
Fra:0 Mem:2288.62M (Peak 2288.62M) | Time:00:00.11 | Syncing QA:Procerus muscle.l
Fra:0 Mem:2288.80M (Peak 2288.80M) | Time:00:00.11 | Syncing QA:Procerus muscle.r
Fra:0 Mem:2288.99M (Peak 2288.99M) | Time:00:00.11 | Syncing QA:Pronator quadratus.l
Fra:0 Mem:2289.21M (Peak 2289.21M) | Time:00:00.11 | Syncing QA:Pronator quadratus.r
Fra:0 Mem:2289.43M (Peak 2289.43M) | Time:00:00.11 | Syncing QA:Proximal phalanx of fifth fing
Fra:0 Mem:2289.62M (Peak 2289.62M) | Time:00:00.11 | Syncing QA:Proximal phalanx of fifth fing
Fra:0 Mem:2289.81M (Peak 2289.81M) | Time:00:00.11 | Syncing QA:Proximal phalanx of fifth fing
Fra:0 Mem:2289.99M (Peak 2289.99M) | Time:00:00.11 | Syncing QA:Proximal phalanx of fifth fing
Fra:0 Mem:2290.18M (Peak 2290.18M) | Time:00:00.11 | Syncing QA:Proximal phalanx of first fing
Fra:0 Mem:2290.37M (Peak 2290.37M) | Time:00:00.11 | Syncing QA:Proximal phalanx of first fing
Fra:0 Mem:2290.56M (Peak 2290.56M) | Time:00:00.11 | Syncing QA:Proximal phalanx of first fing
Fra:0 Mem:2290.73M (Peak 2290.73M) | Time:00:00.11 | Syncing QA:Proximal phalanx of first fing
Fra:0 Mem:2290.90M (Peak 2290.90M) | Time:00:00.11 | Syncing QA:Proximal phalanx of fourth fin
Fra:0 Mem:2291.08M (Peak 2291.08M) | Time:00:00.11 | Syncing QA:Proximal phalanx of fourth fin
Fra:0 Mem:2291.27M (Peak 2291.27M) | Time:00:00.11 | Syncing QA:Proximal phalanx of fourth fin
Fra:0 Mem:2291.44M (Peak 2291.44M) | Time:00:00.11 | Syncing QA:Proximal phalanx of fourth fin
Fra:0 Mem:2291.62M (Peak 2291.62M) | Time:00:00.11 | Syncing QA:Proximal phalanx of second fin
Fra:0 Mem:2291.80M (Peak 2291.80M) | Time:00:00.11 | Syncing QA:Proximal phalanx of second fin
Fra:0 Mem:2291.98M (Peak 2291.98M) | Time:00:00.11 | Syncing QA:Proximal phalanx of second fin
Fra:0 Mem:2292.16M (Peak 2292.16M) | Time:00:00.11 | Syncing QA:Proximal phalanx of second fin
Fra:0 Mem:2292.34M (Peak 2292.34M) | Time:00:00.11 | Syncing QA:Proximal phalanx of third fing
Fra:0 Mem:2292.52M (Peak 2292.52M) | Time:00:00.11 | Syncing QA:Proximal phalanx of third fing
Fra:0 Mem:2292.70M (Peak 2292.70M) | Time:00:00.11 | Syncing QA:Proximal phalanx of third fing
Fra:0 Mem:2292.88M (Peak 2292.88M) | Time:00:00.11 | Syncing QA:Proximal phalanx of third fing
Fra:0 Mem:2293.06M (Peak 2293.06M) | Time:00:00.11 | Syncing QA:Psoas major.l
Fra:0 Mem:2293.59M (Peak 2293.59M) | Time:00:00.11 | Syncing QA:Psoas major.r
Fra:0 Mem:2294.11M (Peak 2294.11M) | Time:00:00.11 | Syncing QA:Pubo-analis muscle.l
Fra:0 Mem:2294.36M (Peak 2294.36M) | Time:00:00.11 | Syncing QA:Pubo-analis muscle.r
Fra:0 Mem:2294.61M (Peak 2294.61M) | Time:00:00.11 | Syncing QA:Pubococcygeus muscle.l
Fra:0 Mem:2294.94M (Peak 2294.94M) | Time:00:00.11 | Syncing QA:Pubococcygeus muscle.r
Fra:0 Mem:2295.26M (Peak 2295.26M) | Time:00:00.11 | Syncing QA:Pyramidalis muscle.l
Fra:0 Mem:2295.49M (Peak 2295.49M) | Time:00:00.11 | Syncing QA:Pyramidalis muscle.r
Fra:0 Mem:2295.71M (Peak 2295.71M) | Time:00:00.11 | Syncing QA:Quadratus femoris muscle.l
Fra:0 Mem:2295.98M (Peak 2295.98M) | Time:00:00.11 | Syncing QA:Quadratus femoris muscle.r
Fra:0 Mem:2296.24M (Peak 2296.24M) | Time:00:00.11 | Syncing QA:Quadratus lumborum muscle.l
Fra:0 Mem:2296.59M (Peak 2296.59M) | Time:00:00.11 | Syncing QA:Quadratus lumborum muscle.r
Fra:0 Mem:2296.93M (Peak 2296.93M) | Time:00:00.11 | Syncing QA:Quadratus plantae muscle.l
Fra:0 Mem:2297.16M (Peak 2297.16M) | Time:00:00.11 | Syncing QA:Quadratus plantae muscle.r
Fra:0 Mem:2297.39M (Peak 2297.39M) | Time:00:00.11 | Syncing QA:Radial head of flexor digitoru
Fra:0 Mem:2297.63M (Peak 2297.63M) | Time:00:00.11 | Syncing QA:Radial head of flexor digitoru
Fra:0 Mem:2297.87M (Peak 2297.87M) | Time:00:00.11 | Syncing QA:Radius.l
Fra:0 Mem:2298.07M (Peak 2298.07M) | Time:00:00.11 | Syncing QA:Radius.r
Fra:0 Mem:2298.27M (Peak 2298.27M) | Time:00:00.11 | Syncing QA:Rectus abdominis muscle.l
Fra:0 Mem:2299.84M (Peak 2299.84M) | Time:00:00.11 | Syncing QA:Rectus abdominis muscle.r
Fra:0 Mem:2301.40M (Peak 2301.40M) | Time:00:00.11 | Syncing QA:Rectus anterior capitis muscle
Fra:0 Mem:2301.58M (Peak 2301.58M) | Time:00:00.11 | Syncing QA:Rectus anterior capitis muscle
Fra:0 Mem:2301.76M (Peak 2301.76M) | Time:00:00.11 | Syncing QA:Rectus femoris muscle.l
Fra:0 Mem:2302.48M (Peak 2302.48M) | Time:00:00.11 | Syncing QA:Rectus femoris muscle.r
Fra:0 Mem:2303.20M (Peak 2303.20M) | Time:00:00.11 | Syncing QA:Rectus lateralis capitis muscl
Fra:0 Mem:2303.37M (Peak 2303.37M) | Time:00:00.11 | Syncing QA:Rectus lateralis capitis muscl
Fra:0 Mem:2303.55M (Peak 2303.55M) | Time:00:00.11 | Syncing QA:Rectus posterior major capitis
Fra:0 Mem:2303.75M (Peak 2303.75M) | Time:00:00.11 | Syncing QA:Rectus posterior major capitis
Fra:0 Mem:2303.96M (Peak 2303.96M) | Time:00:00.11 | Syncing QA:Rectus posterior minor capitis
Fra:0 Mem:2304.14M (Peak 2304.14M) | Time:00:00.11 | Syncing QA:Rectus posterior minor capitis
Fra:0 Mem:2304.32M (Peak 2304.32M) | Time:00:00.11 | Syncing QA:Rhomboid major muscle.l
Fra:0 Mem:2304.80M (Peak 2304.80M) | Time:00:00.11 | Syncing QA:Rhomboid major muscle.r
Fra:0 Mem:2305.28M (Peak 2305.28M) | Time:00:00.11 | Syncing QA:Rhomboid minor muscle.l
Fra:0 Mem:2305.53M (Peak 2305.53M) | Time:00:00.11 | Syncing QA:Rhomboid minor muscle.r
Fra:0 Mem:2305.78M (Peak 2305.78M) | Time:00:00.11 | Syncing QA:Risorius muscle.l
Fra:0 Mem:2305.98M (Peak 2305.98M) | Time:00:00.11 | Syncing QA:Risorius muscle.r
Fra:0 Mem:2306.17M (Peak 2306.17M) | Time:00:00.11 | Syncing QA:Rotatores.l
Fra:0 Mem:2306.77M (Peak 2306.77M) | Time:00:00.11 | Syncing QA:Rotatores.r
Fra:0 Mem:2307.36M (Peak 2307.36M) | Time:00:00.11 | Syncing QA:Sacrum
Fra:0 Mem:2308.20M (Peak 2308.20M) | Time:00:00.11 | Syncing QA:Sartorius muscle.l
Fra:0 Mem:2308.69M (Peak 2308.69M) | Time:00:00.11 | Syncing QA:Sartorius muscle.r
Fra:0 Mem:2309.18M (Peak 2309.18M) | Time:00:00.11 | Syncing QA:Scalenus anterior muscle.l
Fra:0 Mem:2309.42M (Peak 2309.42M) | Time:00:00.11 | Syncing QA:Scalenus anterior muscle.r
Fra:0 Mem:2309.67M (Peak 2309.67M) | Time:00:00.11 | Syncing QA:Scalenus medius muscle.l
Fra:0 Mem:2309.96M (Peak 2309.96M) | Time:00:00.11 | Syncing QA:Scalenus medius muscle.r
Fra:0 Mem:2310.26M (Peak 2310.26M) | Time:00:00.11 | Syncing QA:Scalenus posterior muscle.l
Fra:0 Mem:2310.50M (Peak 2310.50M) | Time:00:00.11 | Syncing QA:Scalenus posterior muscle.r
Fra:0 Mem:2310.74M (Peak 2310.74M) | Time:00:00.11 | Syncing QA:Scaphoid bone.l
Fra:0 Mem:2310.92M (Peak 2310.92M) | Time:00:00.11 | Syncing QA:Scaphoid bone.r
Fra:0 Mem:2311.09M (Peak 2311.09M) | Time:00:00.11 | Syncing QA:Scapula.l
Fra:0 Mem:2312.98M (Peak 2312.98M) | Time:00:00.11 | Syncing QA:Scapula.r
Fra:0 Mem:2314.87M (Peak 2314.87M) | Time:00:00.11 | Syncing QA:Scapular spinal part of deltoi
Fra:0 Mem:2315.32M (Peak 2315.32M) | Time:00:00.11 | Syncing QA:Scapular spinal part of deltoi
Fra:0 Mem:2315.77M (Peak 2315.77M) | Time:00:00.11 | Syncing QA:Sciatic bursa of gluteus maxim
Fra:0 Mem:2316.00M (Peak 2316.00M) | Time:00:00.11 | Syncing QA:Sciatic bursa of gluteus maxim
Fra:0 Mem:2316.22M (Peak 2316.22M) | Time:00:00.11 | Syncing QA:Sciatic bursa of obturator int
Fra:0 Mem:2316.44M (Peak 2316.44M) | Time:00:00.11 | Syncing QA:Sciatic bursa of obturator int
Fra:0 Mem:2316.67M (Peak 2316.67M) | Time:00:00.11 | Syncing QA:Second metacarpal bone.l
Fra:0 Mem:2316.87M (Peak 2316.87M) | Time:00:00.11 | Syncing QA:Second metacarpal bone.r
Fra:0 Mem:2317.07M (Peak 2317.07M) | Time:00:00.11 | Syncing QA:Second metatarsal bone.l
Fra:0 Mem:2317.27M (Peak 2317.27M) | Time:00:00.11 | Syncing QA:Second metatarsal bone.r
Fra:0 Mem:2317.47M (Peak 2317.47M) | Time:00:00.11 | Syncing QA:Second rib.l
Fra:0 Mem:2317.99M (Peak 2317.99M) | Time:00:00.11 | Syncing QA:Second rib.r
Fra:0 Mem:2318.51M (Peak 2318.51M) | Time:00:00.11 | Syncing QA:Semimembranosus bursa.l
Fra:0 Mem:2318.70M (Peak 2318.70M) | Time:00:00.11 | Syncing QA:Semimembranosus bursa.r
Fra:0 Mem:2318.90M (Peak 2318.90M) | Time:00:00.11 | Syncing QA:Semimembranosus muscle.l
Fra:0 Mem:2319.57M (Peak 2319.57M) | Time:00:00.11 | Syncing QA:Semimembranosus muscle.r
Fra:0 Mem:2320.23M (Peak 2320.23M) | Time:00:00.11 | Syncing QA:Semispinalis colli muscle.l
Fra:0 Mem:2320.56M (Peak 2320.56M) | Time:00:00.11 | Syncing QA:Semispinalis colli muscle.r
Fra:0 Mem:2320.88M (Peak 2320.88M) | Time:00:00.11 | Syncing QA:Semispinalis thoracis muscle.l
Fra:0 Mem:2321.38M (Peak 2321.38M) | Time:00:00.11 | Syncing QA:Semispinalis thoracis muscle.r
Fra:0 Mem:2321.87M (Peak 2321.87M) | Time:00:00.11 | Syncing QA:Semitendinosus muscle.l
Fra:0 Mem:2322.31M (Peak 2322.31M) | Time:00:00.11 | Syncing QA:Semitendinosus muscle.r
Fra:0 Mem:2322.76M (Peak 2322.76M) | Time:00:00.11 | Syncing QA:Serratus anterior muscle.l
Fra:0 Mem:2324.65M (Peak 2324.65M) | Time:00:00.11 | Syncing QA:Serratus anterior muscle.r
Fra:0 Mem:2326.53M (Peak 2326.53M) | Time:00:00.12 | Syncing QA:Serratus posterior inferior mu
Fra:0 Mem:2327.29M (Peak 2327.29M) | Time:00:00.12 | Syncing QA:Serratus posterior inferior mu
Fra:0 Mem:2328.06M (Peak 2328.06M) | Time:00:00.12 | Syncing QA:Serratus posterior superior mu
Fra:0 Mem:2328.59M (Peak 2328.59M) | Time:00:00.12 | Syncing QA:Serratus posterior superior mu
Fra:0 Mem:2329.12M (Peak 2329.12M) | Time:00:00.12 | Syncing QA:Sesamoid bones of foot.l
Fra:0 Mem:2329.29M (Peak 2329.29M) | Time:00:00.12 | Syncing QA:Sesamoid bones of foot.r
Fra:0 Mem:2329.46M (Peak 2329.46M) | Time:00:00.12 | Syncing QA:Seventh rib.l
Fra:0 Mem:2330.28M (Peak 2330.28M) | Time:00:00.12 | Syncing QA:Seventh rib.r
Fra:0 Mem:2331.10M (Peak 2331.10M) | Time:00:00.12 | Syncing QA:Short head of biceps brachii.l
Fra:0 Mem:2331.44M (Peak 2331.44M) | Time:00:00.12 | Syncing QA:Short head of biceps brachii.r
Fra:0 Mem:2331.77M (Peak 2331.77M) | Time:00:00.12 | Syncing QA:Short head of biceps femoris.l
Fra:0 Mem:2332.09M (Peak 2332.09M) | Time:00:00.12 | Syncing QA:Short head of biceps femoris.r
Fra:0 Mem:2332.41M (Peak 2332.41M) | Time:00:00.12 | Syncing QA:Sinus of frontal bone
Fra:0 Mem:2332.64M (Peak 2332.64M) | Time:00:00.12 | Syncing QA:Sinus of sphenoid bone
Fra:0 Mem:2332.82M (Peak 2332.82M) | Time:00:00.12 | Syncing QA:Sixth rib.l
Fra:0 Mem:2333.66M (Peak 2333.66M) | Time:00:00.12 | Syncing QA:Sixth rib.r
Fra:0 Mem:2334.51M (Peak 2334.51M) | Time:00:00.12 | Syncing QA:Soleus muscle.l
Fra:0 Mem:2335.12M (Peak 2335.12M) | Time:00:00.12 | Syncing QA:Soleus muscle.r
Fra:0 Mem:2335.74M (Peak 2335.74M) | Time:00:00.12 | Syncing QA:Sphenoid bone
Fra:0 Mem:2336.39M (Peak 2336.39M) | Time:00:00.12 | Syncing QA:Spinalis capitis muscle.l
Fra:0 Mem:2336.72M (Peak 2336.72M) | Time:00:00.12 | Syncing QA:Spinalis capitis muscle.r
Fra:0 Mem:2337.07M (Peak 2337.07M) | Time:00:00.12 | Syncing QA:Spinalis colli muscle.l
Fra:0 Mem:2337.26M (Peak 2337.26M) | Time:00:00.12 | Syncing QA:Spinalis colli muscle.r
Fra:0 Mem:2337.46M (Peak 2337.46M) | Time:00:00.12 | Syncing QA:Spinalis thoracis muscle.l
Fra:0 Mem:2337.99M (Peak 2337.99M) | Time:00:00.12 | Syncing QA:Spinalis thoracis muscle.r
Fra:0 Mem:2338.52M (Peak 2338.52M) | Time:00:00.12 | Syncing QA:Splenius capitis muscle.l
Fra:0 Mem:2339.03M (Peak 2339.03M) | Time:00:00.12 | Syncing QA:Splenius capitis muscle.r
Fra:0 Mem:2339.54M (Peak 2339.54M) | Time:00:00.12 | Syncing QA:Splenius colli muscle.l
Fra:0 Mem:2339.99M (Peak 2339.99M) | Time:00:00.12 | Syncing QA:Splenius colli muscle.r
Fra:0 Mem:2340.43M (Peak 2340.43M) | Time:00:00.12 | Syncing QA:Stapes.l
Fra:0 Mem:2340.90M (Peak 2340.90M) | Time:00:00.12 | Syncing QA:Stapes.r
Fra:0 Mem:2341.37M (Peak 2341.37M) | Time:00:00.12 | Syncing QA:Sternocleidomastoid muscle.l
Fra:0 Mem:2341.86M (Peak 2341.86M) | Time:00:00.12 | Syncing QA:Sternocleidomastoid muscle.r
Fra:0 Mem:2342.35M (Peak 2342.35M) | Time:00:00.12 | Syncing QA:Sternocostal head of pectorali
Fra:0 Mem:2342.72M (Peak 2342.72M) | Time:00:00.12 | Syncing QA:Sternocostal head of pectorali
Fra:0 Mem:2343.09M (Peak 2343.09M) | Time:00:00.12 | Syncing QA:Sternohyoid muscle.l
Fra:0 Mem:2343.34M (Peak 2343.34M) | Time:00:00.12 | Syncing QA:Sternohyoid muscle.r
Fra:0 Mem:2343.58M (Peak 2343.58M) | Time:00:00.12 | Syncing QA:Sternothyroid muscle.l
Fra:0 Mem:2343.81M (Peak 2343.81M) | Time:00:00.12 | Syncing QA:Sternothyroid muscle.r
Fra:0 Mem:2344.03M (Peak 2344.03M) | Time:00:00.12 | Syncing QA:Straight part of cricothyroid 
Fra:0 Mem:2344.31M (Peak 2344.31M) | Time:00:00.12 | Syncing QA:Straight part of cricothyroid 
Fra:0 Mem:2344.58M (Peak 2344.58M) | Time:00:00.12 | Syncing QA:Stylohyoid muscle.l
Fra:0 Mem:2344.78M (Peak 2344.78M) | Time:00:00.12 | Syncing QA:Stylohyoid muscle.r
Fra:0 Mem:2344.97M (Peak 2344.97M) | Time:00:00.12 | Syncing QA:Stylopharyngeus muscle.l
Fra:0 Mem:2346.10M (Peak 2346.31M) | Time:00:00.12 | Syncing QA:Stylopharyngeus muscle.r
Fra:0 Mem:2347.23M (Peak 2347.44M) | Time:00:00.12 | Syncing QA:Subacromial bursa.l
Fra:0 Mem:2347.45M (Peak 2347.45M) | Time:00:00.12 | Syncing QA:Subacromial bursa.r
Fra:0 Mem:2347.68M (Peak 2347.68M) | Time:00:00.12 | Syncing QA:Subclavius muscle.l
Fra:0 Mem:2347.88M (Peak 2347.88M) | Time:00:00.12 | Syncing QA:Subclavius muscle.r
Fra:0 Mem:2348.09M (Peak 2348.09M) | Time:00:00.12 | Syncing QA:Subcutaneous acromial bursa.l
Fra:0 Mem:2348.31M (Peak 2348.31M) | Time:00:00.12 | Syncing QA:Subcutaneous acromial bursa.r
Fra:0 Mem:2348.53M (Peak 2348.53M) | Time:00:00.12 | Syncing QA:Subcutaneous bursa of lateral 
Fra:0 Mem:2348.72M (Peak 2348.72M) | Time:00:00.12 | Syncing QA:Subcutaneous bursa of lateral 
Fra:0 Mem:2348.90M (Peak 2348.90M) | Time:00:00.12 | Syncing QA:Subcutaneous bursa of medial m
Fra:0 Mem:2349.08M (Peak 2349.08M) | Time:00:00.12 | Syncing QA:Subcutaneous bursa of medial m
Fra:0 Mem:2349.27M (Peak 2349.27M) | Time:00:00.12 | Syncing QA:Subcutaneous bursa of tuberosi
Fra:0 Mem:2349.49M (Peak 2349.49M) | Time:00:00.12 | Syncing QA:Subcutaneous bursa of tuberosi
Fra:0 Mem:2349.71M (Peak 2349.71M) | Time:00:00.12 | Syncing QA:Subcutaneous calcaneal bursa.l
Fra:0 Mem:2349.89M (Peak 2349.89M) | Time:00:00.12 | Syncing QA:Subcutaneous calcaneal bursa.r
Fra:0 Mem:2350.07M (Peak 2350.07M) | Time:00:00.12 | Syncing QA:Subcutaneous infrapatellar bur
Fra:0 Mem:2350.29M (Peak 2350.29M) | Time:00:00.12 | Syncing QA:Subcutaneous infrapatellar bur
Fra:0 Mem:2350.51M (Peak 2350.51M) | Time:00:00.12 | Syncing QA:Subcutaneous prepatellar bursa
Fra:0 Mem:2350.71M (Peak 2350.71M) | Time:00:00.12 | Syncing QA:Subcutaneous prepatellar bursa
Fra:0 Mem:2350.91M (Peak 2350.91M) | Time:00:00.12 | Syncing QA:Subcutaneous trochanteric burs
Fra:0 Mem:2351.14M (Peak 2351.14M) | Time:00:00.12 | Syncing QA:Subcutaneous trochanteric burs
Fra:0 Mem:2351.36M (Peak 2351.36M) | Time:00:00.12 | Syncing QA:Subdeltoid bursa.l
Fra:0 Mem:2351.58M (Peak 2351.58M) | Time:00:00.12 | Syncing QA:Subdeltoid bursa.r
Fra:0 Mem:2351.81M (Peak 2351.81M) | Time:00:00.12 | Syncing QA:Subfacial prepatellar bursa.l
Fra:0 Mem:2352.01M (Peak 2352.01M) | Time:00:00.12 | Syncing QA:Subfacial prepatellar bursa.r
Fra:0 Mem:2352.21M (Peak 2352.21M) | Time:00:00.12 | Syncing QA:Subscapularis muscle.l
Fra:0 Mem:2352.56M (Peak 2352.56M) | Time:00:00.12 | Syncing QA:Subscapularis muscle.r
Fra:0 Mem:2352.91M (Peak 2352.91M) | Time:00:00.12 | Syncing QA:Subtendinous bursa of iliacus 
Fra:0 Mem:2353.08M (Peak 2353.08M) | Time:00:00.12 | Syncing QA:Subtendinous bursa of iliacus 
Fra:0 Mem:2353.25M (Peak 2353.25M) | Time:00:00.12 | Syncing QA:Subtendinous bursa of infraspi
Fra:0 Mem:2353.48M (Peak 2353.48M) | Time:00:00.12 | Syncing QA:Subtendinous bursa of infraspi
Fra:0 Mem:2353.70M (Peak 2353.70M) | Time:00:00.12 | Syncing QA:Subtendinous bursa of obturato
Fra:0 Mem:2353.92M (Peak 2353.92M) | Time:00:00.12 | Syncing QA:Subtendinous bursa of obturato
Fra:0 Mem:2354.15M (Peak 2354.15M) | Time:00:00.12 | Syncing QA:Subtendinous bursa of sartoriu
Fra:0 Mem:2354.36M (Peak 2354.36M) | Time:00:00.12 | Syncing QA:Subtendinous bursa of sartoriu
Fra:0 Mem:2354.58M (Peak 2354.58M) | Time:00:00.12 | Syncing QA:Subtendinous bursa of teres ma
Fra:0 Mem:2354.80M (Peak 2354.80M) | Time:00:00.12 | Syncing QA:Subtendinous bursa of teres ma
Fra:0 Mem:2355.02M (Peak 2355.02M) | Time:00:00.12 | Syncing QA:Subtendinous bursa of tibialis
Fra:0 Mem:2355.21M (Peak 2355.21M) | Time:00:00.12 | Syncing QA:Subtendinous bursa of tibialis
Fra:0 Mem:2355.39M (Peak 2355.39M) | Time:00:00.12 | Syncing QA:Subtendinous bursa of trapeziu
Fra:0 Mem:2355.84M (Peak 2355.84M) | Time:00:00.12 | Syncing QA:Subtendinous bursa of trapeziu
Fra:0 Mem:2356.06M (Peak 2356.06M) | Time:00:00.12 | Syncing QA:Subtendinous bursa of triceps 
Fra:0 Mem:2356.28M (Peak 2356.28M) | Time:00:00.12 | Syncing QA:Subtendinous bursa of triceps 
Fra:0 Mem:2356.51M (Peak 2356.51M) | Time:00:00.12 | Syncing QA:Subtendinous calcaneal bursa.l
Fra:0 Mem:2356.68M (Peak 2356.68M) | Time:00:00.12 | Syncing QA:Subtendinous calcaneal bursa.r
Fra:0 Mem:2356.86M (Peak 2356.86M) | Time:00:00.12 | Syncing QA:Subtendinous prepatellar bursa
Fra:0 Mem:2357.06M (Peak 2357.06M) | Time:00:00.12 | Syncing QA:Subtendinous prepatellar bursa
Fra:0 Mem:2357.26M (Peak 2357.26M) | Time:00:00.12 | Syncing QA:Superficial head of flexor pol
Fra:0 Mem:2357.43M (Peak 2357.43M) | Time:00:00.12 | Syncing QA:Superficial head of flexor pol
Fra:0 Mem:2357.60M (Peak 2357.60M) | Time:00:00.12 | Syncing QA:Superficial head of pronator t
Fra:0 Mem:2357.93M (Peak 2357.93M) | Time:00:00.12 | Syncing QA:Superficial head of pronator t
Fra:0 Mem:2358.25M (Peak 2358.25M) | Time:00:00.12 | Syncing QA:Superficial investing cervical
Fra:0 Mem:2358.65M (Peak 2358.65M) | Time:00:00.12 | Syncing QA:Superficial investing cervical
Fra:0 Mem:2359.04M (Peak 2359.04M) | Time:00:00.12 | Syncing QA:Superficial layer of temporal 
Fra:0 Mem:2359.24M (Peak 2359.24M) | Time:00:00.12 | Syncing QA:Superficial layer of temporal 
Fra:0 Mem:2359.44M (Peak 2359.44M) | Time:00:00.12 | Syncing QA:Superficial part of masseter.l
Fra:0 Mem:2359.69M (Peak 2359.69M) | Time:00:00.13 | Syncing QA:Superficial part of masseter.r
Fra:0 Mem:2359.94M (Peak 2359.94M) | Time:00:00.13 | Syncing QA:Superficial transverse metacar
Fra:0 Mem:2360.10M (Peak 2360.10M) | Time:00:00.13 | Syncing QA:Superficial transverse metacar
Fra:0 Mem:2360.27M (Peak 2360.27M) | Time:00:00.13 | Syncing QA:Superficial transverse metatar
Fra:0 Mem:2360.43M (Peak 2360.43M) | Time:00:00.13 | Syncing QA:Superficial transverse metatar
Fra:0 Mem:2360.58M (Peak 2360.58M) | Time:00:00.13 | Syncing QA:Superior bursa of biceps femor
Fra:0 Mem:2360.81M (Peak 2360.81M) | Time:00:00.13 | Syncing QA:Superior bursa of biceps femor
Fra:0 Mem:2361.03M (Peak 2361.03M) | Time:00:00.13 | Syncing QA:Superior extensor retinaculum 
Fra:0 Mem:2361.20M (Peak 2361.20M) | Time:00:00.13 | Syncing QA:Superior extensor retinaculum 
Fra:0 Mem:2361.37M (Peak 2361.37M) | Time:00:00.13 | Syncing QA:Superior fibular retinaculum.l
Fra:0 Mem:2361.57M (Peak 2361.57M) | Time:00:00.13 | Syncing QA:Superior fibular retinaculum.r
Fra:0 Mem:2361.77M (Peak 2361.77M) | Time:00:00.13 | Syncing QA:Superior gemellus muscle.l
Fra:0 Mem:2361.95M (Peak 2361.95M) | Time:00:00.13 | Syncing QA:Superior gemellus muscle.r
Fra:0 Mem:2362.13M (Peak 2362.13M) | Time:00:00.13 | Syncing QA:Superior head of lateral ptery
Fra:0 Mem:2362.29M (Peak 2362.29M) | Time:00:00.13 | Syncing QA:Superior head of lateral ptery
Fra:0 Mem:2362.46M (Peak 2362.46M) | Time:00:00.13 | Syncing QA:Superior oblique muscle.l
Fra:0 Mem:2362.79M (Peak 2362.79M) | Time:00:00.13 | Syncing QA:Superior oblique muscle.r
Fra:0 Mem:2363.12M (Peak 2363.12M) | Time:00:00.13 | Syncing QA:Superior pharyngeal constricto
Fra:0 Mem:2363.82M (Peak 2364.19M) | Time:00:00.13 | Syncing QA:Superior pharyngeal constricto
Fra:0 Mem:2364.52M (Peak 2364.83M) | Time:00:00.13 | Syncing QA:Superior rectus muscle.l
Fra:0 Mem:2364.80M (Peak 2364.83M) | Time:00:00.13 | Syncing QA:Superior rectus muscle.r
Fra:0 Mem:2365.08M (Peak 2365.08M) | Time:00:00.13 | Syncing QA:Superior tarsus.l
Fra:0 Mem:2365.25M (Peak 2365.25M) | Time:00:00.13 | Syncing QA:Superior tarsus.r
Fra:0 Mem:2365.42M (Peak 2365.42M) | Time:00:00.13 | Syncing QA:Supinator.l
Fra:0 Mem:2365.76M (Peak 2365.76M) | Time:00:00.13 | Syncing QA:Supinator.r
Fra:0 Mem:2366.10M (Peak 2366.10M) | Time:00:00.13 | Syncing QA:Suprapatellar bursa.l
Fra:0 Mem:2366.32M (Peak 2366.32M) | Time:00:00.13 | Syncing QA:Suprapatellar bursa.r
Fra:0 Mem:2366.53M (Peak 2366.53M) | Time:00:00.13 | Syncing QA:Supraspinatus muscle.l
Fra:0 Mem:2366.78M (Peak 2366.78M) | Time:00:00.13 | Syncing QA:Supraspinatus muscle.r
Fra:0 Mem:2367.03M (Peak 2367.03M) | Time:00:00.13 | Syncing QA:Synovial sheaths of digits of 
Fra:0 Mem:2367.53M (Peak 2367.53M) | Time:00:00.13 | Syncing QA:Synovial sheaths of digits of 
Fra:0 Mem:2368.02M (Peak 2368.02M) | Time:00:00.13 | Syncing QA:Talus.l
Fra:0 Mem:2368.26M (Peak 2368.26M) | Time:00:00.13 | Syncing QA:Talus.r
Fra:0 Mem:2368.51M (Peak 2368.51M) | Time:00:00.13 | Syncing QA:Temporal bone.l
Fra:0 Mem:2369.62M (Peak 2369.62M) | Time:00:00.13 | Syncing QA:Temporal bone.r
Fra:0 Mem:2370.74M (Peak 2370.74M) | Time:00:00.13 | Syncing QA:Temporalis muscle.l
Fra:0 Mem:2371.60M (Peak 2371.60M) | Time:00:00.13 | Syncing QA:Temporalis muscle.r
Fra:0 Mem:2372.45M (Peak 2372.45M) | Time:00:00.13 | Syncing QA:Temporoparietalis muscle.l
Fra:0 Mem:2373.43M (Peak 2373.47M) | Time:00:00.13 | Syncing QA:Temporoparietalis muscle.r
Fra:0 Mem:2374.40M (Peak 2374.44M) | Time:00:00.13 | Syncing QA:Tendinous arch of levator ani.
Fra:0 Mem:2374.60M (Peak 2374.60M) | Time:00:00.13 | Syncing QA:Tendinous arch of levator ani.
Fra:0 Mem:2374.80M (Peak 2374.80M) | Time:00:00.13 | Syncing QA:Tendon of extensor digitorum l
Fra:0 Mem:2375.31M (Peak 2375.31M) | Time:00:00.13 | Syncing QA:Tendon of extensor digitorum l
Fra:0 Mem:2375.82M (Peak 2375.82M) | Time:00:00.13 | Syncing QA:Tendon sheath - abd. pollicis 
Fra:0 Mem:2376.00M (Peak 2376.00M) | Time:00:00.13 | Syncing QA:Tendon sheath - abd. pollicis 
Fra:0 Mem:2376.18M (Peak 2376.18M) | Time:00:00.13 | Syncing QA:Tendon sheath of extensor carp
Fra:0 Mem:2376.38M (Peak 2376.38M) | Time:00:00.13 | Syncing QA:Tendon sheath of extensor carp
Fra:0 Mem:2376.58M (Peak 2376.58M) | Time:00:00.13 | Syncing QA:Tendon sheath of extensor digi
Fra:0 Mem:2376.76M (Peak 2376.76M) | Time:00:00.13 | Syncing QA:Tendon sheath of extensor digi
Fra:0 Mem:2376.94M (Peak 2376.94M) | Time:00:00.13 | Syncing QA:Tendon sheath of extensor digi
Fra:0 Mem:2377.21M (Peak 2377.21M) | Time:00:00.13 | Syncing QA:Tendon sheath of extensor digi
Fra:0 Mem:2377.48M (Peak 2377.48M) | Time:00:00.13 | Syncing QA:Tendon sheath of extensor digi
Fra:0 Mem:2377.73M (Peak 2377.73M) | Time:00:00.13 | Syncing QA:Tendon sheath of extensor digi
Fra:0 Mem:2377.98M (Peak 2377.98M) | Time:00:00.13 | Syncing QA:Tendon sheath of extensor hall
Fra:0 Mem:2378.16M (Peak 2378.16M) | Time:00:00.13 | Syncing QA:Tendon sheath of extensor hall
Fra:0 Mem:2378.34M (Peak 2378.34M) | Time:00:00.13 | Syncing QA:Tendon sheath of extensor poll
Fra:0 Mem:2378.51M (Peak 2378.51M) | Time:00:00.13 | Syncing QA:Tendon sheath of extensor poll
Fra:0 Mem:2378.69M (Peak 2378.69M) | Time:00:00.13 | Syncing QA:Tendon sheath of extensors car
Fra:0 Mem:2378.95M (Peak 2378.95M) | Time:00:00.13 | Syncing QA:Tendon sheath of extensors car
Fra:0 Mem:2379.22M (Peak 2379.22M) | Time:00:00.13 | Syncing QA:Tendon sheath of flexor carpi 
Fra:0 Mem:2379.42M (Peak 2379.42M) | Time:00:00.13 | Syncing QA:Tendon sheath of flexor carpi 
Fra:0 Mem:2379.63M (Peak 2379.63M) | Time:00:00.13 | Syncing QA:Tendon sheath of flexor digito
Fra:0 Mem:2379.79M (Peak 2379.79M) | Time:00:00.13 | Syncing QA:Tendon sheath of flexor digito
Fra:0 Mem:2379.95M (Peak 2379.95M) | Time:00:00.13 | Syncing QA:Tendon sheath of flexor halluc
Fra:0 Mem:2380.19M (Peak 2380.19M) | Time:00:00.13 | Syncing QA:Tendon sheath of flexor halluc
Fra:0 Mem:2380.42M (Peak 2380.42M) | Time:00:00.13 | Syncing QA:Tendon sheath of flexor pollic
Fra:0 Mem:2380.73M (Peak 2380.73M) | Time:00:00.13 | Syncing QA:Tendon sheath of flexor pollic
Fra:0 Mem:2381.04M (Peak 2381.04M) | Time:00:00.13 | Syncing QA:Tendon sheath of tibialis ante
Fra:0 Mem:2381.20M (Peak 2381.20M) | Time:00:00.13 | Syncing QA:Tendon sheath of tibialis ante
Fra:0 Mem:2381.36M (Peak 2381.36M) | Time:00:00.13 | Syncing QA:Tendon sheath of tibialis post
Fra:0 Mem:2381.53M (Peak 2381.53M) | Time:00:00.13 | Syncing QA:Tendon sheath of tibialis post
Fra:0 Mem:2381.69M (Peak 2381.69M) | Time:00:00.13 | Syncing QA:Tensor fasciae latae.l
Fra:0 Mem:2381.97M (Peak 2381.97M) | Time:00:00.13 | Syncing QA:Tensor fasciae latae.r
Fra:0 Mem:2382.25M (Peak 2382.25M) | Time:00:00.13 | Syncing QA:Tenth rib.l
Fra:0 Mem:2382.88M (Peak 2382.88M) | Time:00:00.13 | Syncing QA:Tenth rib.r
Fra:0 Mem:2383.51M (Peak 2383.51M) | Time:00:00.13 | Syncing QA:Teres major muscle.l
Fra:0 Mem:2383.74M (Peak 2383.74M) | Time:00:00.13 | Syncing QA:Teres major muscle.r
Fra:0 Mem:2383.97M (Peak 2383.97M) | Time:00:00.13 | Syncing QA:Teres minor muscle.l
Fra:0 Mem:2384.23M (Peak 2384.23M) | Time:00:00.13 | Syncing QA:Teres minor muscle.r
Fra:0 Mem:2384.48M (Peak 2384.48M) | Time:00:00.13 | Syncing QA:Third metacarpal bone.l
Fra:0 Mem:2384.68M (Peak 2384.68M) | Time:00:00.13 | Syncing QA:Third metacarpal bone.r
Fra:0 Mem:2384.88M (Peak 2384.88M) | Time:00:00.13 | Syncing QA:Third metatarsal bone.l
Fra:0 Mem:2385.09M (Peak 2385.09M) | Time:00:00.13 | Syncing QA:Third metatarsal bone.r
Fra:0 Mem:2385.29M (Peak 2385.29M) | Time:00:00.13 | Syncing QA:Third rib.l
Fra:0 Mem:2385.92M (Peak 2385.92M) | Time:00:00.13 | Syncing QA:Third rib.r
Fra:0 Mem:2386.55M (Peak 2386.55M) | Time:00:00.13 | Syncing QA:Thyro-epiglottic part of thyro
Fra:0 Mem:2387.02M (Peak 2387.02M) | Time:00:00.13 | Syncing QA:Thyro-epiglottic part of thyro
Fra:0 Mem:2387.49M (Peak 2387.49M) | Time:00:00.13 | Syncing QA:Thyrohyoid muscle.l
Fra:0 Mem:2387.69M (Peak 2387.69M) | Time:00:00.13 | Syncing QA:Thyrohyoid muscle.r
Fra:0 Mem:2387.89M (Peak 2387.89M) | Time:00:00.13 | Syncing QA:Thyroid cartilage
Fra:0 Mem:2388.35M (Peak 2388.35M) | Time:00:00.13 | Syncing QA:Tibia.l
Fra:0 Mem:2388.61M (Peak 2388.61M) | Time:00:00.13 | Syncing QA:Tibia.r
Fra:0 Mem:2388.87M (Peak 2388.87M) | Time:00:00.13 | Syncing QA:Tibialis anterior muscle.l
Fra:0 Mem:2389.27M (Peak 2389.27M) | Time:00:00.13 | Syncing QA:Tibialis anterior muscle.r
Fra:0 Mem:2389.66M (Peak 2389.66M) | Time:00:00.13 | Syncing QA:Tibialis posterior muscle.l
Fra:0 Mem:2390.19M (Peak 2390.19M) | Time:00:00.13 | Syncing QA:Tibialis posterior muscle.r
Fra:0 Mem:2390.72M (Peak 2390.72M) | Time:00:00.13 | Syncing QA:Transversalis fascia
Fra:0 Mem:2391.18M (Peak 2391.18M) | Time:00:00.13 | Syncing QA:Transverse arytenoid muscle
Fra:0 Mem:2391.52M (Peak 2391.52M) | Time:00:00.13 | Syncing QA:Transverse head of adductor ha
Fra:0 Mem:2391.69M (Peak 2391.69M) | Time:00:00.13 | Syncing QA:Transverse head of adductor ha
Fra:0 Mem:2391.87M (Peak 2391.87M) | Time:00:00.13 | Syncing QA:Transverse head of adductor po
Fra:0 Mem:2392.09M (Peak 2392.09M) | Time:00:00.13 | Syncing QA:Transverse head of adductor po
Fra:0 Mem:2392.31M (Peak 2392.31M) | Time:00:00.13 | Syncing QA:Transverse intermuscular septu
Fra:0 Mem:2392.51M (Peak 2392.51M) | Time:00:00.13 | Syncing QA:Transverse intermuscular septu
Fra:0 Mem:2392.71M (Peak 2392.71M) | Time:00:00.13 | Syncing QA:Transverse part of trapezius m
Fra:0 Mem:2393.07M (Peak 2393.07M) | Time:00:00.14 | Syncing QA:Transverse part of trapezius m
Fra:0 Mem:2393.42M (Peak 2393.42M) | Time:00:00.14 | Syncing QA:Transversus abdominis muscle.l
Fra:0 Mem:2395.93M (Peak 2395.93M) | Time:00:00.14 | Syncing QA:Transversus abdominis muscle.r
Fra:0 Mem:2398.44M (Peak 2398.44M) | Time:00:00.14 | Syncing QA:Transversus thoracis muscle.l
Fra:0 Mem:2398.70M (Peak 2398.70M) | Time:00:00.14 | Syncing QA:Transversus thoracis muscle.r
Fra:0 Mem:2398.97M (Peak 2398.97M) | Time:00:00.14 | Syncing QA:Trapezium bone.l
Fra:0 Mem:2399.16M (Peak 2399.16M) | Time:00:00.14 | Syncing QA:Trapezium bone.r
Fra:0 Mem:2399.34M (Peak 2399.34M) | Time:00:00.14 | Syncing QA:Trapezoid bone.l
Fra:0 Mem:2399.52M (Peak 2399.52M) | Time:00:00.14 | Syncing QA:Trapezoid bone.r
Fra:0 Mem:2399.69M (Peak 2399.69M) | Time:00:00.14 | Syncing QA:Triquetrum bone.l
Fra:0 Mem:2399.85M (Peak 2399.85M) | Time:00:00.14 | Syncing QA:Triquetrum bone.r
Fra:0 Mem:2400.02M (Peak 2400.02M) | Time:00:00.14 | Syncing QA:Trochanteric bursa of gluteus 
Fra:0 Mem:2400.24M (Peak 2400.24M) | Time:00:00.14 | Syncing QA:Trochanteric bursa of gluteus 
Fra:0 Mem:2400.46M (Peak 2400.46M) | Time:00:00.14 | Syncing QA:Trochanteric bursa of gluteus 
Fra:0 Mem:2400.69M (Peak 2400.69M) | Time:00:00.14 | Syncing QA:Trochanteric bursa of gluteus 
Fra:0 Mem:2400.91M (Peak 2400.91M) | Time:00:00.14 | Syncing QA:Trochanteric bursa of gluteus 
Fra:0 Mem:2401.13M (Peak 2401.13M) | Time:00:00.14 | Syncing QA:Trochanteric bursa of gluteus 
Fra:0 Mem:2401.36M (Peak 2401.36M) | Time:00:00.14 | Syncing QA:Trochlea of superior oblique m
Fra:0 Mem:2401.53M (Peak 2401.53M) | Time:00:00.14 | Syncing QA:Trochlea of superior oblique m
Fra:0 Mem:2401.70M (Peak 2401.70M) | Time:00:00.14 | Syncing QA:Twelfth rib.l
Fra:0 Mem:2402.05M (Peak 2402.05M) | Time:00:00.14 | Syncing QA:Twelfth rib.r
Fra:0 Mem:2402.41M (Peak 2402.41M) | Time:00:00.14 | Syncing QA:Ulna.l
Fra:0 Mem:2402.62M (Peak 2402.62M) | Time:00:00.14 | Syncing QA:Ulna.r
Fra:0 Mem:2402.83M (Peak 2402.83M) | Time:00:00.14 | Syncing QA:Ulnar head of extensor carpi u
Fra:0 Mem:2403.04M (Peak 2403.04M) | Time:00:00.14 | Syncing QA:Ulnar head of extensor carpi u
Fra:0 Mem:2403.26M (Peak 2403.26M) | Time:00:00.14 | Syncing QA:Ulnar head of flexor carpi uln
Fra:0 Mem:2403.51M (Peak 2403.51M) | Time:00:00.14 | Syncing QA:Ulnar head of flexor carpi uln
Fra:0 Mem:2403.76M (Peak 2403.76M) | Time:00:00.14 | Syncing QA:Upper canine.l
Fra:0 Mem:2404.01M (Peak 2404.01M) | Time:00:00.14 | Syncing QA:Upper canine.r
Fra:0 Mem:2404.26M (Peak 2404.26M) | Time:00:00.14 | Syncing QA:Upper first molar tooth.l
Fra:0 Mem:2404.56M (Peak 2404.56M) | Time:00:00.14 | Syncing QA:Upper first molar tooth.r
Fra:0 Mem:2404.86M (Peak 2404.86M) | Time:00:00.14 | Syncing QA:Upper first premolar.l
Fra:0 Mem:2405.12M (Peak 2405.12M) | Time:00:00.14 | Syncing QA:Upper first premolar.r
Fra:0 Mem:2405.39M (Peak 2405.39M) | Time:00:00.14 | Syncing QA:Upper lateral incisor.l
Fra:0 Mem:2405.64M (Peak 2405.64M) | Time:00:00.14 | Syncing QA:Upper lateral incisor.r
Fra:0 Mem:2405.89M (Peak 2405.89M) | Time:00:00.14 | Syncing QA:Upper medial incisor.l
Fra:0 Mem:2406.13M (Peak 2406.13M) | Time:00:00.14 | Syncing QA:Upper medial incisor.r
Fra:0 Mem:2406.37M (Peak 2406.37M) | Time:00:00.14 | Syncing QA:Upper second molar tooth.l
Fra:0 Mem:2406.65M (Peak 2406.65M) | Time:00:00.14 | Syncing QA:Upper second molar tooth.r
Fra:0 Mem:2406.93M (Peak 2406.93M) | Time:00:00.14 | Syncing QA:Upper second premolar.l
Fra:0 Mem:2407.18M (Peak 2407.18M) | Time:00:00.14 | Syncing QA:Upper second premolar.r
Fra:0 Mem:2407.44M (Peak 2407.44M) | Time:00:00.14 | Syncing QA:Vastus intermedius muscle.l
Fra:0 Mem:2408.01M (Peak 2408.01M) | Time:00:00.14 | Syncing QA:Vastus intermedius muscle.r
Fra:0 Mem:2408.59M (Peak 2408.59M) | Time:00:00.14 | Syncing QA:Vastus lateralis muscle.l
Fra:0 Mem:2409.38M (Peak 2409.38M) | Time:00:00.14 | Syncing QA:Vastus lateralis muscle.r
Fra:0 Mem:2410.17M (Peak 2410.17M) | Time:00:00.14 | Syncing QA:Vastus medialis muscle.l
Fra:0 Mem:2410.77M (Peak 2410.77M) | Time:00:00.14 | Syncing QA:Vastus medialis muscle.r
Fra:0 Mem:2411.36M (Peak 2411.36M) | Time:00:00.14 | Syncing QA:Ventral parts of lateral inter
Fra:0 Mem:2411.58M (Peak 2411.58M) | Time:00:00.14 | Syncing QA:Ventral parts of lateral inter
Fra:0 Mem:2411.80M (Peak 2411.80M) | Time:00:00.14 | Syncing QA:Vertebra C3
Fra:0 Mem:2412.11M (Peak 2412.11M) | Time:00:00.14 | Syncing QA:Vertebra C4
Fra:0 Mem:2412.40M (Peak 2412.40M) | Time:00:00.14 | Syncing QA:Vertebra C5
Fra:0 Mem:2412.71M (Peak 2412.71M) | Time:00:00.14 | Syncing QA:Vertebra C6
Fra:0 Mem:2413.01M (Peak 2413.01M) | Time:00:00.14 | Syncing QA:Vertebra C7
Fra:0 Mem:2413.31M (Peak 2413.31M) | Time:00:00.14 | Syncing QA:Vertebra L1
Fra:0 Mem:2413.67M (Peak 2413.67M) | Time:00:00.14 | Syncing QA:Vertebra L2
Fra:0 Mem:2414.00M (Peak 2414.00M) | Time:00:00.14 | Syncing QA:Vertebra L3
Fra:0 Mem:2414.37M (Peak 2414.37M) | Time:00:00.14 | Syncing QA:Vertebra L4
Fra:0 Mem:2414.77M (Peak 2414.77M) | Time:00:00.14 | Syncing QA:Vertebra L5
Fra:0 Mem:2415.20M (Peak 2415.20M) | Time:00:00.14 | Syncing QA:Vertebra T1
Fra:0 Mem:2415.48M (Peak 2415.48M) | Time:00:00.14 | Syncing QA:Vertebra T10
Fra:0 Mem:2415.84M (Peak 2415.84M) | Time:00:00.14 | Syncing QA:Vertebra T11
Fra:0 Mem:2416.11M (Peak 2416.11M) | Time:00:00.14 | Syncing QA:Vertebra T12
Fra:0 Mem:2416.44M (Peak 2416.44M) | Time:00:00.14 | Syncing QA:Vertebra T2
Fra:0 Mem:2416.73M (Peak 2416.73M) | Time:00:00.14 | Syncing QA:Vertebra T3
Fra:0 Mem:2417.04M (Peak 2417.04M) | Time:00:00.14 | Syncing QA:Vertebra T4
Fra:0 Mem:2417.35M (Peak 2417.35M) | Time:00:00.14 | Syncing QA:Vertebra T5
Fra:0 Mem:2417.64M (Peak 2417.64M) | Time:00:00.14 | Syncing QA:Vertebra T6
Fra:0 Mem:2417.92M (Peak 2417.92M) | Time:00:00.14 | Syncing QA:Vertebra T7
Fra:0 Mem:2418.25M (Peak 2418.25M) | Time:00:00.14 | Syncing QA:Vertebra T8
Fra:0 Mem:2418.52M (Peak 2418.52M) | Time:00:00.14 | Syncing QA:Vertebra T9
Fra:0 Mem:2418.88M (Peak 2418.88M) | Time:00:00.14 | Syncing QA:Vomer
Fra:0 Mem:2419.09M (Peak 2419.09M) | Time:00:00.14 | Syncing QA:Xiphoid process
Fra:0 Mem:2419.31M (Peak 2419.31M) | Time:00:00.14 | Syncing QA:Zygomatic bone.l
Fra:0 Mem:2419.55M (Peak 2419.55M) | Time:00:00.14 | Syncing QA:Zygomatic bone.r
Fra:0 Mem:2419.79M (Peak 2419.79M) | Time:00:00.14 | Syncing QA:Zygomaticus major muscle.l
Fra:0 Mem:2420.00M (Peak 2420.00M) | Time:00:00.14 | Syncing QA:Zygomaticus major muscle.r
Fra:0 Mem:2420.20M (Peak 2420.20M) | Time:00:00.14 | Syncing QA:Zygomaticus minor muscle.l
Fra:0 Mem:2420.38M (Peak 2420.38M) | Time:00:00.14 | Syncing QA:Zygomaticus minor muscle.r
Fra:0 Mem:2420.56M (Peak 2420.56M) | Time:00:00.14 | Syncing T98 camera
Fra:0 Mem:2420.56M (Peak 2420.56M) | Time:00:00.14 | Syncing T98 light
Fra:0 Mem:2420.56M (Peak 2420.56M) | Time:00:00.14 | Syncing T98 light.001
Fra:0 Mem:2411.08M (Peak 2420.56M) | Time:00:00.14 | Rendering 1 / 16 samples
Fra:0 Mem:2213.55M (Peak 2420.56M) | Time:00:00.35 | Rendering 16 / 16 samples
Saved: '/Users/daniel/Downloads/SIM /HUMAN ATLAS/work/evidence/T98/astra-resolution-2026-09-29/source-plus-x.png'
 Time: 00:00.40 (Saving: 00:00.03)

Dependency cycle detected:
  OBOesophagus-profile/TRANSFORM_INIT() depends on
  OBOesophagus/GEOMETRY_EVAL() via 'Curve Follow Parent'
  OBOesophagus/MODIFIER(Solidify) via 'modifier stack order'
  OBOesophagus/GEOMETRY_EVAL_INIT() via 'Modifier'
  CUOesophagus/GEOMETRY_EVAL_DONE() via 'Object Geometry Base Data'
  CUOesophagus/GEOMETRY_EVAL() via 'ObData Geom Eval Done'
  OBOesophagus-profile/TRANSFORM_FINAL() via 'Curve Bevel Transform'
  OBOesophagus-profile/TRANSFORM_SIMULATION_INIT() via 'Simulation -> Final Transform'
  OBOesophagus-profile/TRANSFORM_EVAL() via 'Transform Eval -> Simulation Init'
  OBOesophagus-profile/TRANSFORM_PARENT() via 'Eval'
  OBOesophagus-profile/TRANSFORM_LOCAL() via 'ObLocal -> ObParent'
  OBOesophagus-profile/TRANSFORM_INIT() via 'Transform Init'
Detected 1 dependency cycles
Fra:0 Mem:2038.95M (Peak 2038.95M) | Time:00:00.04 | Syncing QA:(Abdominal part of pectoralis 
Fra:0 Mem:2039.20M (Peak 2039.20M) | Time:00:00.04 | Syncing QA:(Abdominal part of pectoralis 
Fra:0 Mem:2039.46M (Peak 2039.46M) | Time:00:00.04 | Syncing QA:(Adductor minimus).l
Fra:0 Mem:2039.67M (Peak 2039.67M) | Time:00:00.04 | Syncing QA:(Adductor minimus).r
Fra:0 Mem:2039.89M (Peak 2039.89M) | Time:00:00.04 | Syncing QA:(Opponens digiti minimi muscle
Fra:0 Mem:2040.06M (Peak 2040.06M) | Time:00:00.04 | Syncing QA:(Opponens digiti minimi muscle
Fra:0 Mem:2040.22M (Peak 2040.22M) | Time:00:00.04 | Syncing QA:Abductor digiti minimi of foot
Fra:0 Mem:2040.46M (Peak 2040.46M) | Time:00:00.04 | Syncing QA:Abductor digiti minimi of foot
Fra:0 Mem:2040.70M (Peak 2040.70M) | Time:00:00.04 | Syncing QA:Abductor digiti minimi of hand
Fra:0 Mem:2040.90M (Peak 2040.90M) | Time:00:00.04 | Syncing QA:Abductor digiti minimi of hand
Fra:0 Mem:2041.09M (Peak 2041.09M) | Time:00:00.04 | Syncing QA:Abductor hallucis.l
Fra:0 Mem:2041.36M (Peak 2041.36M) | Time:00:00.04 | Syncing QA:Abductor hallucis.r
Fra:0 Mem:2041.63M (Peak 2041.63M) | Time:00:00.04 | Syncing QA:Abductor pollicis brevis.l
Fra:0 Mem:2041.82M (Peak 2041.82M) | Time:00:00.04 | Syncing QA:Abductor pollicis brevis.r
Fra:0 Mem:2042.01M (Peak 2042.01M) | Time:00:00.04 | Syncing QA:Abductor pollicis longus.l
Fra:0 Mem:2042.33M (Peak 2042.33M) | Time:00:00.04 | Syncing QA:Abductor pollicis longus.r
Fra:0 Mem:2042.65M (Peak 2042.65M) | Time:00:00.04 | Syncing QA:Acromial part of deltoid muscl
Fra:0 Mem:2043.01M (Peak 2043.01M) | Time:00:00.04 | Syncing QA:Acromial part of deltoid muscl
Fra:0 Mem:2043.36M (Peak 2043.36M) | Time:00:00.04 | Syncing QA:Adductor brevis.l
Fra:0 Mem:2043.66M (Peak 2043.66M) | Time:00:00.04 | Syncing QA:Adductor brevis.r
Fra:0 Mem:2043.95M (Peak 2043.95M) | Time:00:00.04 | Syncing QA:Adductor longus.l
Fra:0 Mem:2044.36M (Peak 2044.36M) | Time:00:00.04 | Syncing QA:Adductor longus.r
Fra:0 Mem:2044.77M (Peak 2044.77M) | Time:00:00.04 | Syncing QA:Adductor magnus.l
Fra:0 Mem:2045.48M (Peak 2045.48M) | Time:00:00.04 | Syncing QA:Adductor magnus.r
Fra:0 Mem:2046.19M (Peak 2046.19M) | Time:00:00.04 | Syncing QA:Anconeus muscle.l
Fra:0 Mem:2046.44M (Peak 2046.44M) | Time:00:00.04 | Syncing QA:Anconeus muscle.r
Fra:0 Mem:2046.69M (Peak 2046.69M) | Time:00:00.04 | Syncing QA:Anterior belly of digastric mu
Fra:0 Mem:2046.87M (Peak 2046.87M) | Time:00:00.04 | Syncing QA:Anterior belly of digastric mu
Fra:0 Mem:2047.05M (Peak 2047.05M) | Time:00:00.04 | Syncing QA:Anterior cells of ethmoid bone
Fra:0 Mem:2047.24M (Peak 2047.24M) | Time:00:00.04 | Syncing QA:Anterior cells of ethmoid bone
Fra:0 Mem:2047.42M (Peak 2047.42M) | Time:00:00.04 | Syncing QA:Ary-epiglottic part of oblique
Fra:0 Mem:2047.68M (Peak 2047.68M) | Time:00:00.04 | Syncing QA:Ary-epiglottic part of oblique
Fra:0 Mem:2047.93M (Peak 2047.93M) | Time:00:00.04 | Syncing QA:Arytenoid cartilage.l
Fra:0 Mem:2048.36M (Peak 2048.36M) | Time:00:00.04 | Syncing QA:Arytenoid cartilage.r
Fra:0 Mem:2048.78M (Peak 2048.78M) | Time:00:00.04 | Syncing QA:Ascending part of trapezius mu
Fra:0 Mem:2049.25M (Peak 2049.25M) | Time:00:00.04 | Syncing QA:Ascending part of trapezius mu
Fra:0 Mem:2049.72M (Peak 2049.72M) | Time:00:00.04 | Syncing QA:Atlas (C1)
Fra:0 Mem:2050.02M (Peak 2050.02M) | Time:00:00.04 | Syncing QA:Axis (C2)
Fra:0 Mem:2050.32M (Peak 2050.32M) | Time:00:00.04 | Syncing QA:Body of sternum
Fra:0 Mem:2050.78M (Peak 2050.78M) | Time:00:00.04 | Syncing QA:Brachialis muscle.l
Fra:0 Mem:2051.17M (Peak 2051.17M) | Time:00:00.04 | Syncing QA:Brachialis muscle.r
Fra:0 Mem:2051.56M (Peak 2051.56M) | Time:00:00.04 | Syncing QA:Brachioradialis muscle.l
Fra:0 Mem:2052.21M (Peak 2052.21M) | Time:00:00.04 | Syncing QA:Brachioradialis muscle.r
Fra:0 Mem:2052.86M (Peak 2052.86M) | Time:00:00.04 | Syncing QA:Bucinator.l
Fra:0 Mem:2053.08M (Peak 2053.08M) | Time:00:00.04 | Syncing QA:Bucinator.r
Fra:0 Mem:2053.29M (Peak 2053.29M) | Time:00:00.04 | Syncing QA:Calcaneal tendon.l
Fra:0 Mem:2053.74M (Peak 2053.74M) | Time:00:00.04 | Syncing QA:Calcaneal tendon.r
Fra:0 Mem:2054.19M (Peak 2054.19M) | Time:00:00.04 | Syncing QA:Calcaneus.l
Fra:0 Mem:2054.44M (Peak 2054.44M) | Time:00:00.04 | Syncing QA:Calcaneus.r
Fra:0 Mem:2054.69M (Peak 2054.69M) | Time:00:00.04 | Syncing QA:Capitate bone.l
Fra:0 Mem:2054.87M (Peak 2054.87M) | Time:00:00.04 | Syncing QA:Capitate bone.r
Fra:0 Mem:2055.05M (Peak 2055.05M) | Time:00:00.04 | Syncing QA:Clavicle.l
Fra:0 Mem:2055.31M (Peak 2055.31M) | Time:00:00.04 | Syncing QA:Clavicle.r
Fra:0 Mem:2055.57M (Peak 2055.57M) | Time:00:00.04 | Syncing QA:Clavicular head of pectoralis 
Fra:0 Mem:2055.77M (Peak 2055.77M) | Time:00:00.04 | Syncing QA:Clavicular head of pectoralis 
Fra:0 Mem:2055.98M (Peak 2055.98M) | Time:00:00.04 | Syncing QA:Clavicular part of deltoid mus
Fra:0 Mem:2056.33M (Peak 2056.33M) | Time:00:00.04 | Syncing QA:Clavicular part of deltoid mus
Fra:0 Mem:2056.68M (Peak 2056.68M) | Time:00:00.04 | Syncing QA:Coccygeus muscle.l
Fra:0 Mem:2056.90M (Peak 2056.90M) | Time:00:00.04 | Syncing QA:Coccygeus muscle.r
Fra:0 Mem:2057.13M (Peak 2057.13M) | Time:00:00.04 | Syncing QA:Coccyx
Fra:0 Mem:2057.35M (Peak 2057.35M) | Time:00:00.04 | Syncing QA:Common tendinous ring.l
Fra:0 Mem:2057.54M (Peak 2057.54M) | Time:00:00.04 | Syncing QA:Common tendinous ring.r
Fra:0 Mem:2057.73M (Peak 2057.73M) | Time:00:00.04 | Syncing QA:Coracobrachialis muscle.l
Fra:0 Mem:2057.96M (Peak 2057.96M) | Time:00:00.04 | Syncing QA:Coracobrachialis muscle.r
Fra:0 Mem:2058.19M (Peak 2058.19M) | Time:00:00.04 | Syncing QA:Corniculate cartilage.l
Fra:0 Mem:2058.35M (Peak 2058.35M) | Time:00:00.04 | Syncing QA:Corniculate cartilage.r
Fra:0 Mem:2058.52M (Peak 2058.52M) | Time:00:00.04 | Syncing QA:Corrugator supercilii.l
Fra:0 Mem:2058.69M (Peak 2058.69M) | Time:00:00.04 | Syncing QA:Corrugator supercilii.r
Fra:0 Mem:2058.86M (Peak 2058.86M) | Time:00:00.04 | Syncing QA:Costal cartilage of eighth rib
Fra:0 Mem:2059.14M (Peak 2059.14M) | Time:00:00.04 | Syncing QA:Costal cartilage of eighth rib
Fra:0 Mem:2059.42M (Peak 2059.42M) | Time:00:00.04 | Syncing QA:Costal cartilage of fifth rib.
Fra:0 Mem:2059.89M (Peak 2059.89M) | Time:00:00.04 | Syncing QA:Costal cartilage of fifth rib.
Fra:0 Mem:2060.37M (Peak 2060.37M) | Time:00:00.04 | Syncing QA:Costal cartilage of first rib.
Fra:0 Mem:2060.65M (Peak 2060.65M) | Time:00:00.04 | Syncing QA:Costal cartilage of first rib.
Fra:0 Mem:2060.94M (Peak 2060.94M) | Time:00:00.04 | Syncing QA:Costal cartilage of fourth rib
Fra:0 Mem:2061.31M (Peak 2061.31M) | Time:00:00.04 | Syncing QA:Costal cartilage of fourth rib
Fra:0 Mem:2061.69M (Peak 2061.69M) | Time:00:00.04 | Syncing QA:Costal cartilage of ninth rib.
Fra:0 Mem:2061.93M (Peak 2061.93M) | Time:00:00.04 | Syncing QA:Costal cartilage of ninth rib.
Fra:0 Mem:2062.18M (Peak 2062.18M) | Time:00:00.04 | Syncing QA:Costal cartilage of second rib
Fra:0 Mem:2062.50M (Peak 2062.50M) | Time:00:00.04 | Syncing QA:Costal cartilage of second rib
Fra:0 Mem:2062.82M (Peak 2062.82M) | Time:00:00.04 | Syncing QA:Costal cartilage of seventh ri
Fra:0 Mem:2063.65M (Peak 2063.65M) | Time:00:00.04 | Syncing QA:Costal cartilage of seventh ri
Fra:0 Mem:2064.49M (Peak 2064.49M) | Time:00:00.04 | Syncing QA:Costal cartilage of sixth rib.
Fra:0 Mem:2065.04M (Peak 2065.04M) | Time:00:00.04 | Syncing QA:Costal cartilage of sixth rib.
Fra:0 Mem:2065.59M (Peak 2065.59M) | Time:00:00.04 | Syncing QA:Costal cartilage of tenth rib.
Fra:0 Mem:2065.82M (Peak 2065.82M) | Time:00:00.04 | Syncing QA:Costal cartilage of tenth rib.
Fra:0 Mem:2066.05M (Peak 2066.05M) | Time:00:00.04 | Syncing QA:Costal cartilage of third rib.
Fra:0 Mem:2066.38M (Peak 2066.38M) | Time:00:00.04 | Syncing QA:Costal cartilage of third rib.
Fra:0 Mem:2066.70M (Peak 2066.70M) | Time:00:00.04 | Syncing QA:Cricoid cartilage
Fra:0 Mem:2067.04M (Peak 2067.04M) | Time:00:00.04 | Syncing QA:Cuboid bone.l
Fra:0 Mem:2067.26M (Peak 2067.26M) | Time:00:00.04 | Syncing QA:Cuboid bone.r
Fra:0 Mem:2067.48M (Peak 2067.48M) | Time:00:00.04 | Syncing QA:Deep head of flexor pollicis b
Fra:0 Mem:2067.68M (Peak 2067.68M) | Time:00:00.04 | Syncing QA:Deep head of flexor pollicis b
Fra:0 Mem:2067.89M (Peak 2067.89M) | Time:00:00.04 | Syncing QA:Deep head of pronator teres.l
Fra:0 Mem:2068.11M (Peak 2068.11M) | Time:00:00.04 | Syncing QA:Deep head of pronator teres.r
Fra:0 Mem:2068.34M (Peak 2068.34M) | Time:00:00.04 | Syncing QA:Deep part of masseter.l
Fra:0 Mem:2068.56M (Peak 2068.56M) | Time:00:00.04 | Syncing QA:Deep part of masseter.r
Fra:0 Mem:2068.78M (Peak 2068.78M) | Time:00:00.04 | Syncing QA:Depressor anguli oris.l
Fra:0 Mem:2068.97M (Peak 2068.97M) | Time:00:00.04 | Syncing QA:Depressor anguli oris.r
Fra:0 Mem:2069.16M (Peak 2069.16M) | Time:00:00.04 | Syncing QA:Depressor labii inferioris.l
Fra:0 Mem:2069.37M (Peak 2069.37M) | Time:00:00.04 | Syncing QA:Depressor labii inferioris.r
Fra:0 Mem:2069.58M (Peak 2069.58M) | Time:00:00.05 | Syncing QA:Depressor septi nasi.l
Fra:0 Mem:2069.75M (Peak 2069.75M) | Time:00:00.05 | Syncing QA:Depressor septi nasi.r
Fra:0 Mem:2069.91M (Peak 2069.91M) | Time:00:00.05 | Syncing QA:Descending part of trapezius m
Fra:0 Mem:2070.53M (Peak 2070.53M) | Time:00:00.05 | Syncing QA:Descending part of trapezius m
Fra:0 Mem:2071.14M (Peak 2071.14M) | Time:00:00.05 | Syncing QA:Diaphragm
Fra:0 Mem:2073.22M (Peak 2073.22M) | Time:00:00.05 | Syncing QA:Distal phalanx of fifth finger
Fra:0 Mem:2073.39M (Peak 2073.39M) | Time:00:00.05 | Syncing QA:Distal phalanx of fifth finger
Fra:0 Mem:2073.55M (Peak 2073.55M) | Time:00:00.05 | Syncing QA:Distal phalanx of fifth finger
Fra:0 Mem:2073.72M (Peak 2073.72M) | Time:00:00.05 | Syncing QA:Distal phalanx of fifth finger
Fra:0 Mem:2073.88M (Peak 2073.88M) | Time:00:00.05 | Syncing QA:Distal phalanx of first finger
Fra:0 Mem:2074.06M (Peak 2074.06M) | Time:00:00.05 | Syncing QA:Distal phalanx of first finger
Fra:0 Mem:2074.25M (Peak 2074.25M) | Time:00:00.05 | Syncing QA:Distal phalanx of first finger
Fra:0 Mem:2074.41M (Peak 2074.41M) | Time:00:00.05 | Syncing QA:Distal phalanx of first finger
Fra:0 Mem:2074.58M (Peak 2074.58M) | Time:00:00.05 | Syncing QA:Distal phalanx of fourth finge
Fra:0 Mem:2074.75M (Peak 2074.75M) | Time:00:00.05 | Syncing QA:Distal phalanx of fourth finge
Fra:0 Mem:2074.92M (Peak 2074.92M) | Time:00:00.05 | Syncing QA:Distal phalanx of fourth finge
Fra:0 Mem:2075.08M (Peak 2075.08M) | Time:00:00.05 | Syncing QA:Distal phalanx of fourth finge
Fra:0 Mem:2075.24M (Peak 2075.24M) | Time:00:00.05 | Syncing QA:Distal phalanx of second finge
Fra:0 Mem:2075.40M (Peak 2075.40M) | Time:00:00.05 | Syncing QA:Distal phalanx of second finge
Fra:0 Mem:2075.57M (Peak 2075.57M) | Time:00:00.05 | Syncing QA:Distal phalanx of second finge
Fra:0 Mem:2075.74M (Peak 2075.74M) | Time:00:00.05 | Syncing QA:Distal phalanx of second finge
Fra:0 Mem:2075.91M (Peak 2075.91M) | Time:00:00.05 | Syncing QA:Distal phalanx of third finger
Fra:0 Mem:2076.08M (Peak 2076.08M) | Time:00:00.05 | Syncing QA:Distal phalanx of third finger
Fra:0 Mem:2076.25M (Peak 2076.25M) | Time:00:00.05 | Syncing QA:Distal phalanx of third finger
Fra:0 Mem:2076.42M (Peak 2076.42M) | Time:00:00.05 | Syncing QA:Distal phalanx of third finger
Fra:0 Mem:2076.58M (Peak 2076.58M) | Time:00:00.05 | Syncing QA:Dorsal interossei muscles of f
Fra:0 Mem:2076.86M (Peak 2076.86M) | Time:00:00.05 | Syncing QA:Dorsal interossei muscles of f
Fra:0 Mem:2077.15M (Peak 2077.15M) | Time:00:00.05 | Syncing QA:Dorsal interossei muscles of h
Fra:0 Mem:2077.39M (Peak 2077.39M) | Time:00:00.05 | Syncing QA:Dorsal interossei muscles of h
Fra:0 Mem:2077.64M (Peak 2077.64M) | Time:00:00.05 | Syncing QA:Dorsal parts of lateral intert
Fra:0 Mem:2077.84M (Peak 2077.84M) | Time:00:00.05 | Syncing QA:Dorsal parts of lateral intert
Fra:0 Mem:2078.04M (Peak 2078.04M) | Time:00:00.05 | Syncing QA:Eighth rib.l
Fra:0 Mem:2078.76M (Peak 2078.76M) | Time:00:00.05 | Syncing QA:Eighth rib.r
Fra:0 Mem:2079.48M (Peak 2079.48M) | Time:00:00.05 | Syncing QA:Eleventh rib.l
Fra:0 Mem:2079.97M (Peak 2079.97M) | Time:00:00.05 | Syncing QA:Eleventh rib.r
Fra:0 Mem:2080.47M (Peak 2080.47M) | Time:00:00.05 | Syncing QA:Epicranial aponeurosis.l
Fra:0 Mem:2082.00M (Peak 2082.00M) | Time:00:00.05 | Syncing QA:Epicranial aponeurosis.r
Fra:0 Mem:2083.53M (Peak 2083.53M) | Time:00:00.05 | Syncing QA:Ethmoid bone
Fra:0 Mem:2084.25M (Peak 2084.25M) | Time:00:00.05 | Syncing QA:Extensor carpi radialis brevis
Fra:0 Mem:2084.61M (Peak 2084.61M) | Time:00:00.05 | Syncing QA:Extensor carpi radialis brevis
Fra:0 Mem:2084.98M (Peak 2084.98M) | Time:00:00.05 | Syncing QA:Extensor carpi radialis longus
Fra:0 Mem:2085.38M (Peak 2085.38M) | Time:00:00.05 | Syncing QA:Extensor carpi radialis longus
Fra:0 Mem:2085.79M (Peak 2085.79M) | Time:00:00.05 | Syncing QA:Extensor digiti minimi.l
Fra:0 Mem:2086.09M (Peak 2086.09M) | Time:00:00.05 | Syncing QA:Extensor digiti minimi.r
Fra:0 Mem:2086.39M (Peak 2086.39M) | Time:00:00.05 | Syncing QA:Extensor digitorum brevis.l
Fra:0 Mem:2086.75M (Peak 2086.75M) | Time:00:00.05 | Syncing QA:Extensor digitorum brevis.r
Fra:0 Mem:2087.12M (Peak 2087.12M) | Time:00:00.05 | Syncing QA:Extensor digitorum longus.l
Fra:0 Mem:2087.49M (Peak 2087.49M) | Time:00:00.05 | Syncing QA:Extensor digitorum longus.r
Fra:0 Mem:2087.86M (Peak 2087.86M) | Time:00:00.05 | Syncing QA:Extensor digitorum.l
Fra:0 Mem:2088.45M (Peak 2088.45M) | Time:00:00.05 | Syncing QA:Extensor digitorum.r
Fra:0 Mem:2089.04M (Peak 2089.04M) | Time:00:00.05 | Syncing QA:Extensor hallucis brevis.l
Fra:0 Mem:2089.27M (Peak 2089.27M) | Time:00:00.05 | Syncing QA:Extensor hallucis brevis.r
Fra:0 Mem:2089.50M (Peak 2089.50M) | Time:00:00.05 | Syncing QA:Extensor hallucis longus.l
Fra:0 Mem:2089.81M (Peak 2089.81M) | Time:00:00.05 | Syncing QA:Extensor hallucis longus.r
Fra:0 Mem:2090.12M (Peak 2090.12M) | Time:00:00.05 | Syncing QA:Extensor indicis.l
Fra:0 Mem:2090.35M (Peak 2090.35M) | Time:00:00.05 | Syncing QA:Extensor indicis.r
Fra:0 Mem:2090.58M (Peak 2090.58M) | Time:00:00.05 | Syncing QA:Extensor pollicis brevis.l
Fra:0 Mem:2090.81M (Peak 2090.81M) | Time:00:00.05 | Syncing QA:Extensor pollicis brevis.r
Fra:0 Mem:2091.04M (Peak 2091.04M) | Time:00:00.05 | Syncing QA:Extensor pollicis longus.l
Fra:0 Mem:2091.30M (Peak 2091.30M) | Time:00:00.05 | Syncing QA:Extensor pollicis longus.r
Fra:0 Mem:2091.56M (Peak 2091.56M) | Time:00:00.05 | Syncing QA:Extensor retinaculum of wrist.
Fra:0 Mem:2091.74M (Peak 2091.74M) | Time:00:00.05 | Syncing QA:Extensor retinaculum of wrist.
Fra:0 Mem:2091.92M (Peak 2091.92M) | Time:00:00.05 | Syncing QA:External abdominal oblique mus
Fra:0 Mem:2094.10M (Peak 2094.10M) | Time:00:00.05 | Syncing QA:External abdominal oblique mus
Fra:0 Mem:2096.29M (Peak 2096.29M) | Time:00:00.05 | Syncing QA:External anal sphincter.l
Fra:0 Mem:2096.45M (Peak 2096.45M) | Time:00:00.05 | Syncing QA:External anal sphincter.r
Fra:0 Mem:2096.62M (Peak 2096.62M) | Time:00:00.05 | Syncing QA:External intercostal muscles.l
Fra:0 Mem:2099.61M (Peak 2099.76M) | Time:00:00.05 | Syncing QA:External intercostal muscles.r
Fra:0 Mem:2102.60M (Peak 2102.76M) | Time:00:00.05 | Syncing QA:External part of thyro-aryteno
Fra:0 Mem:2102.98M (Peak 2102.98M) | Time:00:00.05 | Syncing QA:External part of thyro-aryteno
Fra:0 Mem:2103.36M (Peak 2103.36M) | Time:00:00.05 | Syncing QA:Femur.l
Fra:0 Mem:2103.77M (Peak 2103.77M) | Time:00:00.05 | Syncing QA:Femur.r
Fra:0 Mem:2104.19M (Peak 2104.19M) | Time:00:00.05 | Syncing QA:Fibula.l
Fra:0 Mem:2104.42M (Peak 2104.42M) | Time:00:00.05 | Syncing QA:Fibula.r
Fra:0 Mem:2104.66M (Peak 2104.66M) | Time:00:00.05 | Syncing QA:Fibularis brevis muscle.l
Fra:0 Mem:2105.05M (Peak 2105.05M) | Time:00:00.05 | Syncing QA:Fibularis brevis muscle.r
Fra:0 Mem:2105.44M (Peak 2105.44M) | Time:00:00.05 | Syncing QA:Fibularis longus muscle.l
Fra:0 Mem:2105.97M (Peak 2105.97M) | Time:00:00.05 | Syncing QA:Fibularis longus muscle.r
Fra:0 Mem:2106.49M (Peak 2106.49M) | Time:00:00.05 | Syncing QA:Fibularis tertius muscle.l
Fra:0 Mem:2106.69M (Peak 2106.69M) | Time:00:00.05 | Syncing QA:Fibularis tertius muscle.r
Fra:0 Mem:2106.88M (Peak 2106.88M) | Time:00:00.05 | Syncing QA:Fifth metacarpal bone.l
Fra:0 Mem:2107.06M (Peak 2107.06M) | Time:00:00.05 | Syncing QA:Fifth metacarpal bone.r
Fra:0 Mem:2107.25M (Peak 2107.25M) | Time:00:00.05 | Syncing QA:Fifth metatarsal bone.l
Fra:0 Mem:2107.46M (Peak 2107.46M) | Time:00:00.05 | Syncing QA:Fifth metatarsal bone.r
Fra:0 Mem:2107.67M (Peak 2107.67M) | Time:00:00.05 | Syncing QA:Fifth rib.l
Fra:0 Mem:2108.47M (Peak 2108.47M) | Time:00:00.05 | Syncing QA:Fifth rib.r
Fra:0 Mem:2109.26M (Peak 2109.26M) | Time:00:00.05 | Syncing QA:First metacarpal bone.l
Fra:0 Mem:2109.46M (Peak 2109.46M) | Time:00:00.05 | Syncing QA:First metacarpal bone.r
Fra:0 Mem:2109.65M (Peak 2109.65M) | Time:00:00.05 | Syncing QA:First metatarsal bone.l
Fra:0 Mem:2109.88M (Peak 2109.88M) | Time:00:00.05 | Syncing QA:First metatarsal bone.r
Fra:0 Mem:2110.10M (Peak 2110.10M) | Time:00:00.05 | Syncing QA:First rib.l
Fra:0 Mem:2110.47M (Peak 2110.47M) | Time:00:00.05 | Syncing QA:First rib.r
Fra:0 Mem:2110.85M (Peak 2110.85M) | Time:00:00.05 | Syncing QA:Flexor carpi radialis.l
Fra:0 Mem:2111.11M (Peak 2111.11M) | Time:00:00.05 | Syncing QA:Flexor carpi radialis.r
Fra:0 Mem:2111.38M (Peak 2111.38M) | Time:00:00.05 | Syncing QA:Flexor digiti minimi of foot.l
Fra:0 Mem:2111.56M (Peak 2111.56M) | Time:00:00.05 | Syncing QA:Flexor digiti minimi of foot.r
Fra:0 Mem:2111.74M (Peak 2111.74M) | Time:00:00.05 | Syncing QA:Flexor digiti minimi of hand.l
Fra:0 Mem:2111.91M (Peak 2111.91M) | Time:00:00.05 | Syncing QA:Flexor digiti minimi of hand.r
Fra:0 Mem:2112.08M (Peak 2112.08M) | Time:00:00.05 | Syncing QA:Flexor digitorum brevis.l
Fra:0 Mem:2112.46M (Peak 2112.46M) | Time:00:00.05 | Syncing QA:Flexor digitorum brevis.r
Fra:0 Mem:2112.83M (Peak 2112.83M) | Time:00:00.05 | Syncing QA:Flexor digitorum longus.l
Fra:0 Mem:2113.45M (Peak 2113.45M) | Time:00:00.05 | Syncing QA:Flexor digitorum longus.r
Fra:0 Mem:2114.07M (Peak 2114.07M) | Time:00:00.05 | Syncing QA:Flexor digitorum profundus.l
Fra:0 Mem:2114.71M (Peak 2114.71M) | Time:00:00.05 | Syncing QA:Flexor digitorum profundus.r
Fra:0 Mem:2115.35M (Peak 2115.35M) | Time:00:00.05 | Syncing QA:Flexor hallucis longus.l
Fra:0 Mem:2115.90M (Peak 2115.90M) | Time:00:00.05 | Syncing QA:Flexor hallucis longus.r
Fra:0 Mem:2116.45M (Peak 2116.45M) | Time:00:00.05 | Syncing QA:Flexor pollicis longus.l
Fra:0 Mem:2116.72M (Peak 2116.72M) | Time:00:00.05 | Syncing QA:Flexor pollicis longus.r
Fra:0 Mem:2116.98M (Peak 2116.98M) | Time:00:00.05 | Syncing QA:Flexor retinaculum of ankle.l
Fra:0 Mem:2117.19M (Peak 2117.19M) | Time:00:00.05 | Syncing QA:Flexor retinaculum of ankle.r
Fra:0 Mem:2117.39M (Peak 2117.39M) | Time:00:00.05 | Syncing QA:Flexor retinaculum of wrist.l
Fra:0 Mem:2117.58M (Peak 2117.58M) | Time:00:00.05 | Syncing QA:Flexor retinaculum of wrist.r
Fra:0 Mem:2117.77M (Peak 2117.77M) | Time:00:00.05 | Syncing QA:Fourth metacarpal bone.l
Fra:0 Mem:2117.96M (Peak 2117.96M) | Time:00:00.05 | Syncing QA:Fourth metacarpal bone.r
Fra:0 Mem:2118.15M (Peak 2118.15M) | Time:00:00.05 | Syncing QA:Fourth metatarsal bone.l
Fra:0 Mem:2118.36M (Peak 2118.36M) | Time:00:00.05 | Syncing QA:Fourth metatarsal bone.r
Fra:0 Mem:2118.56M (Peak 2118.56M) | Time:00:00.05 | Syncing QA:Fourth rib.l
Fra:0 Mem:2119.31M (Peak 2119.31M) | Time:00:00.05 | Syncing QA:Fourth rib.r
Fra:0 Mem:2120.05M (Peak 2120.05M) | Time:00:00.05 | Syncing QA:Frontal bone
Fra:0 Mem:2120.73M (Peak 2120.73M) | Time:00:00.05 | Syncing QA:Frontalis muscle.l
Fra:0 Mem:2121.29M (Peak 2121.29M) | Time:00:00.06 | Syncing QA:Frontalis muscle.r
Fra:0 Mem:2121.84M (Peak 2121.84M) | Time:00:00.06 | Syncing QA:Genioglossus muscle.l
Fra:0 Mem:2122.38M (Peak 2122.38M) | Time:00:00.06 | Syncing QA:Genioglossus muscle.r
Fra:0 Mem:2122.92M (Peak 2122.92M) | Time:00:00.06 | Syncing QA:Geniohyoid muscle.l
Fra:0 Mem:2123.10M (Peak 2123.10M) | Time:00:00.06 | Syncing QA:Geniohyoid muscle.r
Fra:0 Mem:2123.29M (Peak 2123.29M) | Time:00:00.06 | Syncing QA:Gluteus maximus muscle.l
Fra:0 Mem:2123.67M (Peak 2123.67M) | Time:00:00.06 | Syncing QA:Gluteus maximus muscle.r
Fra:0 Mem:2124.05M (Peak 2124.05M) | Time:00:00.06 | Syncing QA:Gluteus medius muscle.l
Fra:0 Mem:2124.55M (Peak 2124.55M) | Time:00:00.06 | Syncing QA:Gluteus medius muscle.r
Fra:0 Mem:2125.06M (Peak 2125.06M) | Time:00:00.06 | Syncing QA:Gluteus minimus muscle.l
Fra:0 Mem:2125.64M (Peak 2125.64M) | Time:00:00.06 | Syncing QA:Gluteus minimus muscle.r
Fra:0 Mem:2126.22M (Peak 2126.22M) | Time:00:00.06 | Syncing QA:Gracilis muscle.l
Fra:0 Mem:2126.70M (Peak 2126.70M) | Time:00:00.06 | Syncing QA:Gracilis muscle.r
Fra:0 Mem:2127.18M (Peak 2127.18M) | Time:00:00.06 | Syncing QA:Hamate bone.l
Fra:0 Mem:2127.37M (Peak 2127.37M) | Time:00:00.06 | Syncing QA:Hamate bone.r
Fra:0 Mem:2127.55M (Peak 2127.55M) | Time:00:00.06 | Syncing QA:Hip bone.l
Fra:0 Mem:2127.96M (Peak 2127.96M) | Time:00:00.06 | Syncing QA:Hip bone.r
Fra:0 Mem:2128.36M (Peak 2128.36M) | Time:00:00.06 | Syncing QA:Humeral head of extensor carpi
Fra:0 Mem:2128.60M (Peak 2128.60M) | Time:00:00.06 | Syncing QA:Humeral head of extensor carpi
Fra:0 Mem:2128.83M (Peak 2128.83M) | Time:00:00.06 | Syncing QA:Humeral head of flexor carpi u
Fra:0 Mem:2129.25M (Peak 2129.25M) | Time:00:00.06 | Syncing QA:Humeral head of flexor carpi u
Fra:0 Mem:2129.67M (Peak 2129.67M) | Time:00:00.06 | Syncing QA:Humero-ulnar head of flexor di
Fra:0 Mem:2130.70M (Peak 2130.75M) | Time:00:00.06 | Syncing QA:Humero-ulnar head of flexor di
Fra:0 Mem:2131.73M (Peak 2131.78M) | Time:00:00.06 | Syncing QA:Humerus.l
Fra:0 Mem:2132.18M (Peak 2132.18M) | Time:00:00.06 | Syncing QA:Humerus.r
Fra:0 Mem:2132.62M (Peak 2132.62M) | Time:00:00.06 | Syncing QA:Hyoglossus muscle.l
Fra:0 Mem:2132.92M (Peak 2132.92M) | Time:00:00.06 | Syncing QA:Hyoglossus muscle.r
Fra:0 Mem:2133.22M (Peak 2133.22M) | Time:00:00.06 | Syncing QA:Hyoid bone
Fra:0 Mem:2133.46M (Peak 2133.46M) | Time:00:00.06 | Syncing QA:Iliacus muscle.l
Fra:0 Mem:2133.91M (Peak 2133.91M) | Time:00:00.06 | Syncing QA:Iliacus muscle.r
Fra:0 Mem:2134.36M (Peak 2134.36M) | Time:00:00.06 | Syncing QA:Iliococcygeus muscle.l
Fra:0 Mem:2134.64M (Peak 2134.64M) | Time:00:00.06 | Syncing QA:Iliococcygeus muscle.r
Fra:0 Mem:2134.93M (Peak 2134.93M) | Time:00:00.06 | Syncing QA:Iliocostalis colli muscle
Fra:0 Mem:2135.22M (Peak 2135.22M) | Time:00:00.06 | Syncing QA:Iliocostalis colli muscle.r
Fra:0 Mem:2135.51M (Peak 2135.51M) | Time:00:00.06 | Syncing QA:Iliocostalis lumborum muscle.l
Fra:0 Mem:2136.35M (Peak 2136.35M) | Time:00:00.06 | Syncing QA:Iliocostalis lumborum muscle.r
Fra:0 Mem:2137.19M (Peak 2137.19M) | Time:00:00.06 | Syncing QA:Iliocostalis thoracis muscle.l
Fra:0 Mem:2137.74M (Peak 2137.74M) | Time:00:00.06 | Syncing QA:Iliocostalis thoracis muscle.r
Fra:0 Mem:2138.29M (Peak 2138.29M) | Time:00:00.06 | Syncing QA:Iliotibial tract.l
Fra:0 Mem:2141.78M (Peak 2141.96M) | Time:00:00.06 | Syncing QA:Iliotibial tract.r
Fra:0 Mem:2145.26M (Peak 2145.45M) | Time:00:00.06 | Syncing QA:Incus.l
Fra:0 Mem:2145.60M (Peak 2145.60M) | Time:00:00.06 | Syncing QA:Incus.r
Fra:0 Mem:2145.93M (Peak 2145.93M) | Time:00:00.06 | Syncing QA:Inferior extensor retinaculum 
Fra:0 Mem:2146.11M (Peak 2146.11M) | Time:00:00.06 | Syncing QA:Inferior extensor retinaculum 
Fra:0 Mem:2146.28M (Peak 2146.28M) | Time:00:00.06 | Syncing QA:Inferior fibular retinaculum.l
Fra:0 Mem:2146.44M (Peak 2146.44M) | Time:00:00.06 | Syncing QA:Inferior fibular retinaculum.r
Fra:0 Mem:2146.59M (Peak 2146.59M) | Time:00:00.06 | Syncing QA:Inferior gemellus muscle.l
Fra:0 Mem:2146.81M (Peak 2146.81M) | Time:00:00.06 | Syncing QA:Inferior gemellus muscle.r
Fra:0 Mem:2147.03M (Peak 2147.03M) | Time:00:00.06 | Syncing QA:Inferior head of lateral ptery
Fra:0 Mem:2147.20M (Peak 2147.20M) | Time:00:00.06 | Syncing QA:Inferior head of lateral ptery
Fra:0 Mem:2147.37M (Peak 2147.37M) | Time:00:00.06 | Syncing QA:Inferior nasal concha bone.l
Fra:0 Mem:2147.56M (Peak 2147.56M) | Time:00:00.06 | Syncing QA:Inferior nasal concha bone.r
Fra:0 Mem:2147.74M (Peak 2147.74M) | Time:00:00.06 | Syncing QA:Inferior oblique muscle.l
Fra:0 Mem:2148.01M (Peak 2148.01M) | Time:00:00.06 | Syncing QA:Inferior oblique muscle.r
Fra:0 Mem:2148.28M (Peak 2148.28M) | Time:00:00.06 | Syncing QA:Inferior pharyngeal constricto
Fra:0 Mem:2148.81M (Peak 2148.81M) | Time:00:00.06 | Syncing QA:Inferior pharyngeal constricto
Fra:0 Mem:2149.34M (Peak 2149.34M) | Time:00:00.06 | Syncing QA:Inferior rectus muscle.l
Fra:0 Mem:2149.67M (Peak 2149.67M) | Time:00:00.06 | Syncing QA:Inferior rectus muscle.r
Fra:0 Mem:2150.00M (Peak 2150.00M) | Time:00:00.06 | Syncing QA:Inferior tarsus.l
Fra:0 Mem:2150.16M (Peak 2150.16M) | Time:00:00.06 | Syncing QA:Inferior tarsus.r
Fra:0 Mem:2150.32M (Peak 2150.32M) | Time:00:00.06 | Syncing QA:Infraspinatus muscle.l
Fra:0 Mem:2150.69M (Peak 2150.69M) | Time:00:00.06 | Syncing QA:Infraspinatus muscle.r
Fra:0 Mem:2151.06M (Peak 2151.06M) | Time:00:00.06 | Syncing QA:Inguinal ligament.l
Fra:0 Mem:2151.28M (Peak 2151.28M) | Time:00:00.06 | Syncing QA:Inguinal ligament.r
Fra:0 Mem:2151.50M (Peak 2151.50M) | Time:00:00.06 | Syncing QA:Innermost intercostal muscles.
Fra:0 Mem:2154.28M (Peak 2154.42M) | Time:00:00.06 | Syncing QA:Innermost intercostal muscles.
Fra:0 Mem:2157.06M (Peak 2157.20M) | Time:00:00.07 | Syncing QA:Intermediate cuneiform bone.l
Fra:0 Mem:2157.24M (Peak 2157.24M) | Time:00:00.07 | Syncing QA:Intermediate cuneiform bone.r
Fra:0 Mem:2157.42M (Peak 2157.42M) | Time:00:00.07 | Syncing QA:Intermediate tendon of digastr
Fra:0 Mem:2157.59M (Peak 2157.59M) | Time:00:00.07 | Syncing QA:Intermediate tendon of digastr
Fra:0 Mem:2157.75M (Peak 2157.75M) | Time:00:00.07 | Syncing QA:Internal abdominal oblique mus
Fra:0 Mem:2159.88M (Peak 2159.88M) | Time:00:00.07 | Syncing QA:Internal abdominal oblique mus
Fra:0 Mem:2162.02M (Peak 2162.02M) | Time:00:00.07 | Syncing QA:Internal intercostal muscles.l
Fra:0 Mem:2164.93M (Peak 2165.08M) | Time:00:00.07 | Syncing QA:Internal intercostal muscles.r
Fra:0 Mem:2167.84M (Peak 2167.99M) | Time:00:00.07 | Syncing QA:Interspinales colli muscles.l
Fra:0 Mem:2168.02M (Peak 2168.02M) | Time:00:00.07 | Syncing QA:Interspinales colli muscles.r
Fra:0 Mem:2168.20M (Peak 2168.20M) | Time:00:00.07 | Syncing QA:Interspinales lumborum muscles
Fra:0 Mem:2168.39M (Peak 2168.39M) | Time:00:00.07 | Syncing QA:Interspinales lumborum muscles
Fra:0 Mem:2168.58M (Peak 2168.58M) | Time:00:00.07 | Syncing QA:Interspinales thoracis muscles
Fra:0 Mem:2168.74M (Peak 2168.74M) | Time:00:00.07 | Syncing QA:Interspinales thoracis muscles
Fra:0 Mem:2168.91M (Peak 2168.91M) | Time:00:00.07 | Syncing QA:Lacrimal bone.l
Fra:0 Mem:2169.10M (Peak 2169.10M) | Time:00:00.07 | Syncing QA:Lacrimal bone.r
Fra:0 Mem:2169.29M (Peak 2169.29M) | Time:00:00.07 | Syncing QA:Lateral crico-arytenoid muscle
Fra:0 Mem:2169.61M (Peak 2169.61M) | Time:00:00.07 | Syncing QA:Lateral crico-arytenoid muscle
Fra:0 Mem:2169.92M (Peak 2169.92M) | Time:00:00.07 | Syncing QA:Lateral cuneiform bone.l
Fra:0 Mem:2170.15M (Peak 2170.15M) | Time:00:00.07 | Syncing QA:Lateral cuneiform bone.r
Fra:0 Mem:2170.34M (Peak 2170.34M) | Time:00:00.07 | Syncing QA:Lateral head of flexor halluci
Fra:0 Mem:2170.56M (Peak 2170.56M) | Time:00:00.07 | Syncing QA:Lateral head of flexor halluci
Fra:0 Mem:2170.78M (Peak 2170.78M) | Time:00:00.07 | Syncing QA:Lateral head of gastrocnemius.
Fra:0 Mem:2171.26M (Peak 2171.26M) | Time:00:00.07 | Syncing QA:Lateral head of gastrocnemius.
Fra:0 Mem:2171.75M (Peak 2171.75M) | Time:00:00.07 | Syncing QA:Lateral head of triceps brachi
Fra:0 Mem:2172.15M (Peak 2172.15M) | Time:00:00.07 | Syncing QA:Lateral head of triceps brachi
Fra:0 Mem:2172.55M (Peak 2172.55M) | Time:00:00.07 | Syncing QA:Lateral patellar retinaculum.l
Fra:0 Mem:2172.71M (Peak 2172.71M) | Time:00:00.07 | Syncing QA:Lateral patellar retinaculum.r
Fra:0 Mem:2172.87M (Peak 2172.87M) | Time:00:00.07 | Syncing QA:Lateral process of nasal septa
Fra:0 Mem:2173.04M (Peak 2173.04M) | Time:00:00.07 | Syncing QA:Lateral process of nasal septa
Fra:0 Mem:2173.22M (Peak 2173.22M) | Time:00:00.07 | Syncing QA:Lateral rectus muscle.l
Fra:0 Mem:2173.53M (Peak 2173.53M) | Time:00:00.07 | Syncing QA:Lateral rectus muscle.r
Fra:0 Mem:2173.85M (Peak 2173.85M) | Time:00:00.07 | Syncing QA:Latissimus dorsi muscle.l
Fra:0 Mem:2175.48M (Peak 2175.48M) | Time:00:00.07 | Syncing QA:Latissimus dorsi muscle.r
Fra:0 Mem:2177.11M (Peak 2177.11M) | Time:00:00.07 | Syncing QA:Levator anguli oris.l
Fra:0 Mem:2177.28M (Peak 2177.28M) | Time:00:00.07 | Syncing QA:Levator anguli oris.r
Fra:0 Mem:2177.46M (Peak 2177.46M) | Time:00:00.07 | Syncing QA:Levator labii superioris.l
Fra:0 Mem:2177.65M (Peak 2177.65M) | Time:00:00.07 | Syncing QA:Levator labii superioris.r
Fra:0 Mem:2177.83M (Peak 2177.83M) | Time:00:00.07 | Syncing QA:Levator nasolabialis.l
Fra:0 Mem:2178.00M (Peak 2178.00M) | Time:00:00.07 | Syncing QA:Levator nasolabialis.r
Fra:0 Mem:2178.16M (Peak 2178.16M) | Time:00:00.07 | Syncing QA:Levator palpebrae superioris.l
Fra:0 Mem:2178.53M (Peak 2178.53M) | Time:00:00.07 | Syncing QA:Levator palpebrae superioris.r
Fra:0 Mem:2178.90M (Peak 2178.90M) | Time:00:00.07 | Syncing QA:Levator scapulae.l
Fra:0 Mem:2179.26M (Peak 2179.26M) | Time:00:00.07 | Syncing QA:Levator scapulae.r
Fra:0 Mem:2179.63M (Peak 2179.63M) | Time:00:00.07 | Syncing QA:Levatores breves costarum.l
Fra:0 Mem:2179.96M (Peak 2179.96M) | Time:00:00.07 | Syncing QA:Levatores breves costarum.r
Fra:0 Mem:2180.30M (Peak 2180.30M) | Time:00:00.07 | Syncing QA:Levatores longi costarum.l
Fra:0 Mem:2180.86M (Peak 2180.86M) | Time:00:00.07 | Syncing QA:Levatores longi costarum.r
Fra:0 Mem:2181.41M (Peak 2181.41M) | Time:00:00.07 | Syncing QA:Linea alba
Fra:0 Mem:2181.59M (Peak 2181.59M) | Time:00:00.07 | Syncing QA:Long head of biceps brachii.l
Fra:0 Mem:2181.96M (Peak 2181.96M) | Time:00:00.07 | Syncing QA:Long head of biceps brachii.r
Fra:0 Mem:2182.33M (Peak 2182.33M) | Time:00:00.07 | Syncing QA:Long head of biceps femoris.l
Fra:0 Mem:2182.98M (Peak 2182.98M) | Time:00:00.07 | Syncing QA:Long head of biceps femoris.r
Fra:0 Mem:2183.63M (Peak 2183.63M) | Time:00:00.07 | Syncing QA:Long head of triceps brachii.l
Fra:0 Mem:2184.05M (Peak 2184.05M) | Time:00:00.07 | Syncing QA:Long head of triceps brachii.r
Fra:0 Mem:2184.47M (Peak 2184.47M) | Time:00:00.07 | Syncing QA:Longissimus capitis muscle.l
Fra:0 Mem:2184.73M (Peak 2184.73M) | Time:00:00.07 | Syncing QA:Longissimus capitis muscle.r
Fra:0 Mem:2184.99M (Peak 2184.99M) | Time:00:00.07 | Syncing QA:Longissimus colli muscle.l
Fra:0 Mem:2185.26M (Peak 2185.26M) | Time:00:00.07 | Syncing QA:Longissimus colli muscle.r
Fra:0 Mem:2185.54M (Peak 2185.54M) | Time:00:00.07 | Syncing QA:Longissimus thoracis muscle.l
Fra:0 Mem:2186.35M (Peak 2186.35M) | Time:00:00.07 | Syncing QA:Longissimus thoracis muscle.r
Fra:0 Mem:2187.17M (Peak 2187.17M) | Time:00:00.07 | Syncing QA:Longus capitis muscle.l
Fra:0 Mem:2187.45M (Peak 2187.45M) | Time:00:00.07 | Syncing QA:Longus capitis muscle.r
Fra:0 Mem:2187.74M (Peak 2187.74M) | Time:00:00.07 | Syncing QA:Longus colli muscle.l
Fra:0 Mem:2188.32M (Peak 2188.32M) | Time:00:00.07 | Syncing QA:Longus colli muscle.r
Fra:0 Mem:2188.91M (Peak 2188.91M) | Time:00:00.07 | Syncing QA:Lower canine.l
Fra:0 Mem:2189.14M (Peak 2189.14M) | Time:00:00.07 | Syncing QA:Lower canine.r
Fra:0 Mem:2189.38M (Peak 2189.38M) | Time:00:00.07 | Syncing QA:Lower first molar tooth.l
Fra:0 Mem:2189.84M (Peak 2189.84M) | Time:00:00.07 | Syncing QA:Lower first molar tooth.r
Fra:0 Mem:2190.30M (Peak 2190.30M) | Time:00:00.07 | Syncing QA:Lower first premolar.l
Fra:0 Mem:2190.53M (Peak 2190.53M) | Time:00:00.07 | Syncing QA:Lower first premolar.r
Fra:0 Mem:2190.77M (Peak 2190.77M) | Time:00:00.07 | Syncing QA:Lower lateral incisor.l
Fra:0 Mem:2190.99M (Peak 2190.99M) | Time:00:00.07 | Syncing QA:Lower lateral incisor.r
Fra:0 Mem:2191.21M (Peak 2191.21M) | Time:00:00.07 | Syncing QA:Lower medial incisor.l
Fra:0 Mem:2191.43M (Peak 2191.43M) | Time:00:00.07 | Syncing QA:Lower medial incisor.r
Fra:0 Mem:2191.65M (Peak 2191.65M) | Time:00:00.07 | Syncing QA:Lower second molar tooth.l
Fra:0 Mem:2191.91M (Peak 2191.91M) | Time:00:00.07 | Syncing QA:Lower second molar tooth.r
Fra:0 Mem:2192.18M (Peak 2192.18M) | Time:00:00.07 | Syncing QA:Lower second premolar.l
Fra:0 Mem:2192.41M (Peak 2192.41M) | Time:00:00.07 | Syncing QA:Lower second premolar.r
Fra:0 Mem:2192.64M (Peak 2192.64M) | Time:00:00.07 | Syncing QA:Lumbrical muscles of foot.l
Fra:0 Mem:2192.82M (Peak 2192.82M) | Time:00:00.07 | Syncing QA:Lumbrical muscles of foot.r
Fra:0 Mem:2193.00M (Peak 2193.00M) | Time:00:00.07 | Syncing QA:Lumbrical muscles of hand.l
Fra:0 Mem:2193.24M (Peak 2193.24M) | Time:00:00.07 | Syncing QA:Lumbrical muscles of hand.r
Fra:0 Mem:2193.49M (Peak 2193.49M) | Time:00:00.07 | Syncing QA:Lunate bone.l
Fra:0 Mem:2193.74M (Peak 2193.74M) | Time:00:00.07 | Syncing QA:Lunate bone.r
Fra:0 Mem:2194.00M (Peak 2194.00M) | Time:00:00.07 | Syncing QA:Major alar cartilage.l
Fra:0 Mem:2194.17M (Peak 2194.17M) | Time:00:00.07 | Syncing QA:Major alar cartilage.r
Fra:0 Mem:2194.34M (Peak 2194.34M) | Time:00:00.07 | Syncing QA:Malleus.l
Fra:0 Mem:2194.78M (Peak 2194.78M) | Time:00:00.07 | Syncing QA:Malleus.r
Fra:0 Mem:2195.22M (Peak 2195.22M) | Time:00:00.07 | Syncing QA:Mandible
Fra:0 Mem:2196.67M (Peak 2196.67M) | Time:00:00.07 | Syncing QA:Manubrium of sternum
Fra:0 Mem:2197.00M (Peak 2197.00M) | Time:00:00.07 | Syncing QA:Maxilla.l
Fra:0 Mem:2197.48M (Peak 2197.48M) | Time:00:00.07 | Syncing QA:Maxilla.r
Fra:0 Mem:2197.96M (Peak 2197.96M) | Time:00:00.07 | Syncing QA:Medial cuneiform bone.l
Fra:0 Mem:2198.18M (Peak 2198.18M) | Time:00:00.07 | Syncing QA:Medial cuneiform bone.r
Fra:0 Mem:2198.40M (Peak 2198.40M) | Time:00:00.07 | Syncing QA:Medial head of flexor hallucis
Fra:0 Mem:2198.58M (Peak 2198.58M) | Time:00:00.07 | Syncing QA:Medial head of flexor hallucis
Fra:0 Mem:2198.77M (Peak 2198.77M) | Time:00:00.07 | Syncing QA:Medial head of gastrocnemius.l
Fra:0 Mem:2199.36M (Peak 2199.36M) | Time:00:00.07 | Syncing QA:Medial head of gastrocnemius.r
Fra:0 Mem:2199.96M (Peak 2199.96M) | Time:00:00.07 | Syncing QA:Medial head of triceps brachii
Fra:0 Mem:2200.29M (Peak 2200.29M) | Time:00:00.07 | Syncing QA:Medial head of triceps brachii
Fra:0 Mem:2200.63M (Peak 2200.63M) | Time:00:00.08 | Syncing QA:Medial patellar retinaculum.l
Fra:0 Mem:2200.79M (Peak 2200.79M) | Time:00:00.08 | Syncing QA:Medial patellar retinaculum.r
Fra:0 Mem:2200.95M (Peak 2200.95M) | Time:00:00.08 | Syncing QA:Medial pterygoid muscle.l
Fra:0 Mem:2201.13M (Peak 2201.13M) | Time:00:00.08 | Syncing QA:Medial pterygoid muscle.r
Fra:0 Mem:2201.32M (Peak 2201.32M) | Time:00:00.08 | Syncing QA:Medial rectus muscle.l
Fra:0 Mem:2201.60M (Peak 2201.60M) | Time:00:00.08 | Syncing QA:Medial rectus muscle.r
Fra:0 Mem:2201.88M (Peak 2201.88M) | Time:00:00.08 | Syncing QA:Mentalis muscle.l
Fra:0 Mem:2202.04M (Peak 2202.04M) | Time:00:00.08 | Syncing QA:Mentalis muscle.r
Fra:0 Mem:2202.20M (Peak 2202.20M) | Time:00:00.08 | Syncing QA:Middle cells of ethmoid bone.l
Fra:0 Mem:2202.40M (Peak 2202.40M) | Time:00:00.08 | Syncing QA:Middle cells of ethmoid bone.r
Fra:0 Mem:2202.60M (Peak 2202.60M) | Time:00:00.08 | Syncing QA:Middle phalanx of fifth finger
Fra:0 Mem:2202.76M (Peak 2202.76M) | Time:00:00.08 | Syncing QA:Middle phalanx of fifth finger
Fra:0 Mem:2202.93M (Peak 2202.93M) | Time:00:00.08 | Syncing QA:Middle phalanx of fifth finger
Fra:0 Mem:2203.10M (Peak 2203.10M) | Time:00:00.08 | Syncing QA:Middle phalanx of fifth finger
Fra:0 Mem:2203.27M (Peak 2203.27M) | Time:00:00.08 | Syncing QA:Middle phalanx of fourth finge
Fra:0 Mem:2203.45M (Peak 2203.45M) | Time:00:00.08 | Syncing QA:Middle phalanx of fourth finge
Fra:0 Mem:2203.63M (Peak 2203.63M) | Time:00:00.08 | Syncing QA:Middle phalanx of fourth finge
Fra:0 Mem:2203.81M (Peak 2203.81M) | Time:00:00.08 | Syncing QA:Middle phalanx of fourth finge
Fra:0 Mem:2203.99M (Peak 2203.99M) | Time:00:00.08 | Syncing QA:Middle phalanx of second finge
Fra:0 Mem:2204.16M (Peak 2204.16M) | Time:00:00.08 | Syncing QA:Middle phalanx of second finge
Fra:0 Mem:2204.34M (Peak 2204.34M) | Time:00:00.08 | Syncing QA:Middle phalanx of second finge
Fra:0 Mem:2204.51M (Peak 2204.51M) | Time:00:00.08 | Syncing QA:Middle phalanx of second finge
Fra:0 Mem:2204.68M (Peak 2204.68M) | Time:00:00.08 | Syncing QA:Middle phalanx of third finger
Fra:0 Mem:2204.86M (Peak 2204.86M) | Time:00:00.08 | Syncing QA:Middle phalanx of third finger
Fra:0 Mem:2205.04M (Peak 2205.04M) | Time:00:00.08 | Syncing QA:Middle phalanx of third finger
Fra:0 Mem:2205.21M (Peak 2205.21M) | Time:00:00.08 | Syncing QA:Middle phalanx of third finger
Fra:0 Mem:2205.39M (Peak 2205.39M) | Time:00:00.08 | Syncing QA:Middle pharyngeal constrictor.
Fra:0 Mem:2205.84M (Peak 2205.84M) | Time:00:00.08 | Syncing QA:Middle pharyngeal constrictor.
Fra:0 Mem:2206.29M (Peak 2206.29M) | Time:00:00.08 | Syncing QA:Multifidus colli muscle.l
Fra:0 Mem:2206.54M (Peak 2206.54M) | Time:00:00.08 | Syncing QA:Multifidus colli muscle.r
Fra:0 Mem:2206.79M (Peak 2206.79M) | Time:00:00.08 | Syncing QA:Multifidus lumborum muscle.l
Fra:0 Mem:2207.13M (Peak 2207.13M) | Time:00:00.08 | Syncing QA:Multifidus lumborum muscle.r
Fra:0 Mem:2207.47M (Peak 2207.47M) | Time:00:00.08 | Syncing QA:Multifidus thoracis muscle.l
Fra:0 Mem:2207.89M (Peak 2207.89M) | Time:00:00.08 | Syncing QA:Multifidus thoracis muscle.r
Fra:0 Mem:2208.31M (Peak 2208.31M) | Time:00:00.08 | Syncing QA:Mylohyoid muscle.l
Fra:0 Mem:2208.54M (Peak 2208.54M) | Time:00:00.08 | Syncing QA:Mylohyoid muscle.r
Fra:0 Mem:2208.77M (Peak 2208.77M) | Time:00:00.08 | Syncing QA:Nasal bone.l
Fra:0 Mem:2208.94M (Peak 2208.94M) | Time:00:00.08 | Syncing QA:Nasal bone.r
Fra:0 Mem:2209.11M (Peak 2209.11M) | Time:00:00.08 | Syncing QA:Nasal septal cartilage
Fra:0 Mem:2209.28M (Peak 2209.28M) | Time:00:00.08 | Syncing QA:Nasalis muscle.l
Fra:0 Mem:2209.48M (Peak 2209.48M) | Time:00:00.08 | Syncing QA:Nasalis muscle.r
Fra:0 Mem:2209.68M (Peak 2209.68M) | Time:00:00.08 | Syncing QA:Navicular bone.l
Fra:0 Mem:2209.88M (Peak 2209.88M) | Time:00:00.08 | Syncing QA:Navicular bone.r
Fra:0 Mem:2210.08M (Peak 2210.08M) | Time:00:00.08 | Syncing QA:Ninth rib.l
Fra:0 Mem:2210.77M (Peak 2210.77M) | Time:00:00.08 | Syncing QA:Ninth rib.r
Fra:0 Mem:2211.45M (Peak 2211.45M) | Time:00:00.08 | Syncing QA:Oblique head of adductor hallu
Fra:0 Mem:2211.66M (Peak 2211.66M) | Time:00:00.08 | Syncing QA:Oblique head of adductor hallu
Fra:0 Mem:2211.88M (Peak 2211.88M) | Time:00:00.08 | Syncing QA:Oblique head of adductor polli
Fra:0 Mem:2212.06M (Peak 2212.06M) | Time:00:00.08 | Syncing QA:Oblique head of adductor polli
Fra:0 Mem:2212.24M (Peak 2212.24M) | Time:00:00.08 | Syncing QA:Oblique part of cricothyroid m
Fra:0 Mem:2212.60M (Peak 2212.60M) | Time:00:00.08 | Syncing QA:Oblique part of cricothyroid m
Fra:0 Mem:2212.96M (Peak 2212.96M) | Time:00:00.08 | Syncing QA:Obliquus inferior capitis musc
Fra:0 Mem:2213.15M (Peak 2213.15M) | Time:00:00.08 | Syncing QA:Obliquus inferior capitis musc
Fra:0 Mem:2213.34M (Peak 2213.34M) | Time:00:00.08 | Syncing QA:Obliquus superior capitis musc
Fra:0 Mem:2213.53M (Peak 2213.53M) | Time:00:00.08 | Syncing QA:Obliquus superior capitis musc
Fra:0 Mem:2213.73M (Peak 2213.73M) | Time:00:00.08 | Syncing QA:Obturator externus.l
Fra:0 Mem:2213.96M (Peak 2213.96M) | Time:00:00.08 | Syncing QA:Obturator externus.r
Fra:0 Mem:2214.19M (Peak 2214.19M) | Time:00:00.08 | Syncing QA:Obturator internus.l
Fra:0 Mem:2214.60M (Peak 2214.60M) | Time:00:00.08 | Syncing QA:Obturator internus.r
Fra:0 Mem:2215.01M (Peak 2215.01M) | Time:00:00.08 | Syncing QA:Occipital bone
Fra:0 Mem:2215.67M (Peak 2215.67M) | Time:00:00.08 | Syncing QA:Occipitalis muscle.l
Fra:0 Mem:2216.00M (Peak 2216.00M) | Time:00:00.08 | Syncing QA:Occipitalis muscle.r
Fra:0 Mem:2216.33M (Peak 2216.33M) | Time:00:00.08 | Syncing QA:Omohyoid muscle.l
Fra:0 Mem:2216.67M (Peak 2216.67M) | Time:00:00.08 | Syncing QA:Omohyoid muscle.r
Fra:0 Mem:2217.00M (Peak 2217.00M) | Time:00:00.08 | Syncing QA:Opponens digiti minimi muscle 
Fra:0 Mem:2217.18M (Peak 2217.18M) | Time:00:00.08 | Syncing QA:Opponens digiti minimi muscle 
Fra:0 Mem:2217.36M (Peak 2217.36M) | Time:00:00.08 | Syncing QA:Opponens pollicis muscle.l
Fra:0 Mem:2217.54M (Peak 2217.54M) | Time:00:00.08 | Syncing QA:Opponens pollicis muscle.r
Fra:0 Mem:2217.72M (Peak 2217.72M) | Time:00:00.08 | Syncing QA:Orbicularis oris muscle.l
Fra:0 Mem:2218.00M (Peak 2218.00M) | Time:00:00.08 | Syncing QA:Orbicularis oris muscle.r
Fra:0 Mem:2218.28M (Peak 2218.28M) | Time:00:00.08 | Syncing QA:Orbital part of orbicularis oc
Fra:0 Mem:2218.59M (Peak 2218.59M) | Time:00:00.08 | Syncing QA:Orbital part of orbicularis oc
Fra:0 Mem:2218.91M (Peak 2218.91M) | Time:00:00.08 | Syncing QA:Palatine bone.l
Fra:0 Mem:2219.16M (Peak 2219.16M) | Time:00:00.08 | Syncing QA:Palatine bone.r
Fra:0 Mem:2219.41M (Peak 2219.41M) | Time:00:00.08 | Syncing QA:Palatopharyngeus muscle.l
Fra:0 Mem:2221.13M (Peak 2221.48M) | Time:00:00.08 | Syncing QA:Palatopharyngeus muscle.r
Fra:0 Mem:2222.86M (Peak 2223.71M) | Time:00:00.08 | Syncing QA:Palmar interossei muscles.l
Fra:0 Mem:2223.02M (Peak 2223.71M) | Time:00:00.08 | Syncing QA:Palmar interossei muscles.r
Fra:0 Mem:2223.18M (Peak 2223.71M) | Time:00:00.08 | Syncing QA:Palmaris longus muscle.l
Fra:0 Mem:2223.63M (Peak 2223.71M) | Time:00:00.08 | Syncing QA:Palmaris longus muscle.r
Fra:0 Mem:2224.08M (Peak 2224.08M) | Time:00:00.08 | Syncing QA:Palpebral part of orbicularis 
Fra:0 Mem:2224.29M (Peak 2224.29M) | Time:00:00.08 | Syncing QA:Palpebral part of orbicularis 
Fra:0 Mem:2224.50M (Peak 2224.50M) | Time:00:00.08 | Syncing QA:Parietal bone.l
Fra:0 Mem:2225.12M (Peak 2225.12M) | Time:00:00.08 | Syncing QA:Parietal bone.r
Fra:0 Mem:2225.74M (Peak 2225.74M) | Time:00:00.08 | Syncing QA:Patella.l
Fra:0 Mem:2225.91M (Peak 2225.91M) | Time:00:00.08 | Syncing QA:Patella.r
Fra:0 Mem:2226.07M (Peak 2226.07M) | Time:00:00.08 | Syncing QA:Pectineus muscle.l
Fra:0 Mem:2226.36M (Peak 2226.36M) | Time:00:00.08 | Syncing QA:Pectineus muscle.r
Fra:0 Mem:2226.64M (Peak 2226.64M) | Time:00:00.08 | Syncing QA:Pectoralis minor muscle.l
Fra:0 Mem:2227.08M (Peak 2227.08M) | Time:00:00.08 | Syncing QA:Pectoralis minor muscle.r
Fra:0 Mem:2227.51M (Peak 2227.51M) | Time:00:00.08 | Syncing QA:Piriformis muscle.l
Fra:0 Mem:2227.77M (Peak 2227.77M) | Time:00:00.08 | Syncing QA:Piriformis muscle.r
Fra:0 Mem:2228.02M (Peak 2228.02M) | Time:00:00.08 | Syncing QA:Pisiform bone.l
Fra:0 Mem:2228.25M (Peak 2228.25M) | Time:00:00.08 | Syncing QA:Pisiform bone.r
Fra:0 Mem:2228.49M (Peak 2228.49M) | Time:00:00.08 | Syncing QA:Plantar aponeurosis.l
Fra:0 Mem:2228.67M (Peak 2228.67M) | Time:00:00.08 | Syncing QA:Plantar aponeurosis.r
Fra:0 Mem:2228.85M (Peak 2228.85M) | Time:00:00.08 | Syncing QA:Plantar interossei muscles.l
Fra:0 Mem:2229.08M (Peak 2229.08M) | Time:00:00.08 | Syncing QA:Plantar interossei muscles.r
Fra:0 Mem:2229.32M (Peak 2229.32M) | Time:00:00.08 | Syncing QA:Plantaris muscle.l
Fra:0 Mem:2229.79M (Peak 2229.79M) | Time:00:00.08 | Syncing QA:Plantaris muscle.r
Fra:0 Mem:2230.27M (Peak 2230.27M) | Time:00:00.08 | Syncing QA:Platysma.l
Fra:0 Mem:2230.87M (Peak 2230.87M) | Time:00:00.08 | Syncing QA:Platysma.r
Fra:0 Mem:2231.47M (Peak 2231.47M) | Time:00:00.08 | Syncing QA:Popliteus muscle.l
Fra:0 Mem:2231.70M (Peak 2231.70M) | Time:00:00.08 | Syncing QA:Popliteus muscle.r
Fra:0 Mem:2231.92M (Peak 2231.92M) | Time:00:00.08 | Syncing QA:Posterior belly of digastric m
Fra:0 Mem:2232.16M (Peak 2232.16M) | Time:00:00.08 | Syncing QA:Posterior belly of digastric m
Fra:0 Mem:2232.40M (Peak 2232.40M) | Time:00:00.08 | Syncing QA:Posterior cells of ethmoid bon
Fra:0 Mem:2232.61M (Peak 2232.61M) | Time:00:00.08 | Syncing QA:Posterior cells of ethmoid bon
Fra:0 Mem:2232.82M (Peak 2232.82M) | Time:00:00.09 | Syncing QA:Posterior crico-arytenoid musc
Fra:0 Mem:2233.16M (Peak 2233.16M) | Time:00:00.09 | Syncing QA:Posterior crico-arytenoid musc
Fra:0 Mem:2233.50M (Peak 2233.50M) | Time:00:00.09 | Syncing QA:Procerus muscle.l
Fra:0 Mem:2233.68M (Peak 2233.68M) | Time:00:00.09 | Syncing QA:Procerus muscle.r
Fra:0 Mem:2233.87M (Peak 2233.87M) | Time:00:00.09 | Syncing QA:Pronator quadratus.l
Fra:0 Mem:2234.09M (Peak 2234.09M) | Time:00:00.09 | Syncing QA:Pronator quadratus.r
Fra:0 Mem:2234.31M (Peak 2234.31M) | Time:00:00.09 | Syncing QA:Proximal phalanx of fifth fing
Fra:0 Mem:2234.50M (Peak 2234.50M) | Time:00:00.09 | Syncing QA:Proximal phalanx of fifth fing
Fra:0 Mem:2234.69M (Peak 2234.69M) | Time:00:00.09 | Syncing QA:Proximal phalanx of fifth fing
Fra:0 Mem:2234.87M (Peak 2234.87M) | Time:00:00.09 | Syncing QA:Proximal phalanx of fifth fing
Fra:0 Mem:2235.06M (Peak 2235.06M) | Time:00:00.09 | Syncing QA:Proximal phalanx of first fing
Fra:0 Mem:2235.25M (Peak 2235.25M) | Time:00:00.09 | Syncing QA:Proximal phalanx of first fing
Fra:0 Mem:2235.44M (Peak 2235.44M) | Time:00:00.09 | Syncing QA:Proximal phalanx of first fing
Fra:0 Mem:2235.61M (Peak 2235.61M) | Time:00:00.09 | Syncing QA:Proximal phalanx of first fing
Fra:0 Mem:2235.78M (Peak 2235.78M) | Time:00:00.09 | Syncing QA:Proximal phalanx of fourth fin
Fra:0 Mem:2236.07M (Peak 2236.07M) | Time:00:00.09 | Syncing QA:Proximal phalanx of fourth fin
Fra:0 Mem:2236.26M (Peak 2236.26M) | Time:00:00.09 | Syncing QA:Proximal phalanx of fourth fin
Fra:0 Mem:2236.44M (Peak 2236.44M) | Time:00:00.09 | Syncing QA:Proximal phalanx of fourth fin
Fra:0 Mem:2236.62M (Peak 2236.62M) | Time:00:00.09 | Syncing QA:Proximal phalanx of second fin
Fra:0 Mem:2236.80M (Peak 2236.80M) | Time:00:00.09 | Syncing QA:Proximal phalanx of second fin
Fra:0 Mem:2236.98M (Peak 2236.98M) | Time:00:00.09 | Syncing QA:Proximal phalanx of second fin
Fra:0 Mem:2237.16M (Peak 2237.16M) | Time:00:00.09 | Syncing QA:Proximal phalanx of second fin
Fra:0 Mem:2237.34M (Peak 2237.34M) | Time:00:00.09 | Syncing QA:Proximal phalanx of third fing
Fra:0 Mem:2237.52M (Peak 2237.52M) | Time:00:00.09 | Syncing QA:Proximal phalanx of third fing
Fra:0 Mem:2237.70M (Peak 2237.70M) | Time:00:00.09 | Syncing QA:Proximal phalanx of third fing
Fra:0 Mem:2237.88M (Peak 2237.88M) | Time:00:00.09 | Syncing QA:Proximal phalanx of third fing
Fra:0 Mem:2238.06M (Peak 2238.06M) | Time:00:00.09 | Syncing QA:Psoas major.l
Fra:0 Mem:2238.59M (Peak 2238.59M) | Time:00:00.09 | Syncing QA:Psoas major.r
Fra:0 Mem:2239.12M (Peak 2239.12M) | Time:00:00.09 | Syncing QA:Pubo-analis muscle.l
Fra:0 Mem:2239.37M (Peak 2239.37M) | Time:00:00.09 | Syncing QA:Pubo-analis muscle.r
Fra:0 Mem:2239.61M (Peak 2239.61M) | Time:00:00.09 | Syncing QA:Pubococcygeus muscle.l
Fra:0 Mem:2239.94M (Peak 2239.94M) | Time:00:00.09 | Syncing QA:Pubococcygeus muscle.r
Fra:0 Mem:2240.26M (Peak 2240.26M) | Time:00:00.09 | Syncing QA:Pyramidalis muscle.l
Fra:0 Mem:2240.49M (Peak 2240.49M) | Time:00:00.09 | Syncing QA:Pyramidalis muscle.r
Fra:0 Mem:2240.71M (Peak 2240.71M) | Time:00:00.09 | Syncing QA:Quadratus femoris muscle.l
Fra:0 Mem:2240.98M (Peak 2240.98M) | Time:00:00.09 | Syncing QA:Quadratus femoris muscle.r
Fra:0 Mem:2241.24M (Peak 2241.24M) | Time:00:00.09 | Syncing QA:Quadratus lumborum muscle.l
Fra:0 Mem:2241.59M (Peak 2241.59M) | Time:00:00.09 | Syncing QA:Quadratus lumborum muscle.r
Fra:0 Mem:2241.93M (Peak 2241.93M) | Time:00:00.09 | Syncing QA:Quadratus plantae muscle.l
Fra:0 Mem:2242.16M (Peak 2242.16M) | Time:00:00.09 | Syncing QA:Quadratus plantae muscle.r
Fra:0 Mem:2242.39M (Peak 2242.39M) | Time:00:00.09 | Syncing QA:Radial head of flexor digitoru
Fra:0 Mem:2242.63M (Peak 2242.63M) | Time:00:00.09 | Syncing QA:Radial head of flexor digitoru
Fra:0 Mem:2242.87M (Peak 2242.87M) | Time:00:00.09 | Syncing QA:Radius.l
Fra:0 Mem:2243.07M (Peak 2243.07M) | Time:00:00.09 | Syncing QA:Radius.r
Fra:0 Mem:2243.27M (Peak 2243.27M) | Time:00:00.09 | Syncing QA:Rectus abdominis muscle.l
Fra:0 Mem:2244.84M (Peak 2244.84M) | Time:00:00.09 | Syncing QA:Rectus abdominis muscle.r
Fra:0 Mem:2246.41M (Peak 2246.41M) | Time:00:00.09 | Syncing QA:Rectus anterior capitis muscle
Fra:0 Mem:2246.58M (Peak 2246.58M) | Time:00:00.09 | Syncing QA:Rectus anterior capitis muscle
Fra:0 Mem:2246.76M (Peak 2246.76M) | Time:00:00.09 | Syncing QA:Rectus femoris muscle.l
Fra:0 Mem:2247.48M (Peak 2247.48M) | Time:00:00.09 | Syncing QA:Rectus femoris muscle.r
Fra:0 Mem:2248.20M (Peak 2248.20M) | Time:00:00.09 | Syncing QA:Rectus lateralis capitis muscl
Fra:0 Mem:2248.37M (Peak 2248.37M) | Time:00:00.09 | Syncing QA:Rectus lateralis capitis muscl
Fra:0 Mem:2248.55M (Peak 2248.55M) | Time:00:00.09 | Syncing QA:Rectus posterior major capitis
Fra:0 Mem:2248.75M (Peak 2248.75M) | Time:00:00.09 | Syncing QA:Rectus posterior major capitis
Fra:0 Mem:2248.96M (Peak 2248.96M) | Time:00:00.09 | Syncing QA:Rectus posterior minor capitis
Fra:0 Mem:2249.14M (Peak 2249.14M) | Time:00:00.09 | Syncing QA:Rectus posterior minor capitis
Fra:0 Mem:2249.32M (Peak 2249.32M) | Time:00:00.09 | Syncing QA:Rhomboid major muscle.l
Fra:0 Mem:2249.80M (Peak 2249.80M) | Time:00:00.09 | Syncing QA:Rhomboid major muscle.r
Fra:0 Mem:2250.28M (Peak 2250.28M) | Time:00:00.09 | Syncing QA:Rhomboid minor muscle.l
Fra:0 Mem:2250.53M (Peak 2250.53M) | Time:00:00.09 | Syncing QA:Rhomboid minor muscle.r
Fra:0 Mem:2250.79M (Peak 2250.79M) | Time:00:00.09 | Syncing QA:Risorius muscle.l
Fra:0 Mem:2250.98M (Peak 2250.98M) | Time:00:00.09 | Syncing QA:Risorius muscle.r
Fra:0 Mem:2251.17M (Peak 2251.17M) | Time:00:00.09 | Syncing QA:Rotatores.l
Fra:0 Mem:2251.77M (Peak 2251.77M) | Time:00:00.09 | Syncing QA:Rotatores.r
Fra:0 Mem:2252.36M (Peak 2252.36M) | Time:00:00.09 | Syncing QA:Sacrum
Fra:0 Mem:2253.20M (Peak 2253.20M) | Time:00:00.09 | Syncing QA:Sartorius muscle.l
Fra:0 Mem:2253.69M (Peak 2253.69M) | Time:00:00.09 | Syncing QA:Sartorius muscle.r
Fra:0 Mem:2254.18M (Peak 2254.18M) | Time:00:00.09 | Syncing QA:Scalenus anterior muscle.l
Fra:0 Mem:2254.43M (Peak 2254.43M) | Time:00:00.09 | Syncing QA:Scalenus anterior muscle.r
Fra:0 Mem:2254.67M (Peak 2254.67M) | Time:00:00.09 | Syncing QA:Scalenus medius muscle.l
Fra:0 Mem:2254.96M (Peak 2254.96M) | Time:00:00.09 | Syncing QA:Scalenus medius muscle.r
Fra:0 Mem:2255.26M (Peak 2255.26M) | Time:00:00.09 | Syncing QA:Scalenus posterior muscle.l
Fra:0 Mem:2255.50M (Peak 2255.50M) | Time:00:00.09 | Syncing QA:Scalenus posterior muscle.r
Fra:0 Mem:2255.74M (Peak 2255.74M) | Time:00:00.09 | Syncing QA:Scaphoid bone.l
Fra:0 Mem:2255.92M (Peak 2255.92M) | Time:00:00.09 | Syncing QA:Scaphoid bone.r
Fra:0 Mem:2256.10M (Peak 2256.10M) | Time:00:00.09 | Syncing QA:Scapula.l
Fra:0 Mem:2257.98M (Peak 2257.98M) | Time:00:00.09 | Syncing QA:Scapula.r
Fra:0 Mem:2259.87M (Peak 2259.87M) | Time:00:00.09 | Syncing QA:Scapular spinal part of deltoi
Fra:0 Mem:2260.32M (Peak 2260.32M) | Time:00:00.09 | Syncing QA:Scapular spinal part of deltoi
Fra:0 Mem:2260.77M (Peak 2260.77M) | Time:00:00.09 | Syncing QA:Second metacarpal bone.l
Fra:0 Mem:2260.98M (Peak 2260.98M) | Time:00:00.09 | Syncing QA:Second metacarpal bone.r
Fra:0 Mem:2261.18M (Peak 2261.18M) | Time:00:00.09 | Syncing QA:Second metatarsal bone.l
Fra:0 Mem:2261.38M (Peak 2261.38M) | Time:00:00.09 | Syncing QA:Second metatarsal bone.r
Fra:0 Mem:2261.58M (Peak 2261.58M) | Time:00:00.09 | Syncing QA:Second rib.l
Fra:0 Mem:2262.09M (Peak 2262.09M) | Time:00:00.09 | Syncing QA:Second rib.r
Fra:0 Mem:2262.61M (Peak 2262.61M) | Time:00:00.09 | Syncing QA:Semimembranosus muscle.l
Fra:0 Mem:2263.27M (Peak 2263.27M) | Time:00:00.09 | Syncing QA:Semimembranosus muscle.r
Fra:0 Mem:2263.94M (Peak 2263.94M) | Time:00:00.09 | Syncing QA:Semispinalis colli muscle.l
Fra:0 Mem:2264.26M (Peak 2264.26M) | Time:00:00.09 | Syncing QA:Semispinalis colli muscle.r
Fra:0 Mem:2264.59M (Peak 2264.59M) | Time:00:00.09 | Syncing QA:Semispinalis thoracis muscle.l
Fra:0 Mem:2265.08M (Peak 2265.08M) | Time:00:00.09 | Syncing QA:Semispinalis thoracis muscle.r
Fra:0 Mem:2265.58M (Peak 2265.58M) | Time:00:00.09 | Syncing QA:Semitendinosus muscle.l
Fra:0 Mem:2266.02M (Peak 2266.02M) | Time:00:00.09 | Syncing QA:Semitendinosus muscle.r
Fra:0 Mem:2266.47M (Peak 2266.47M) | Time:00:00.09 | Syncing QA:Serratus anterior muscle.l
Fra:0 Mem:2268.35M (Peak 2268.35M) | Time:00:00.09 | Syncing QA:Serratus anterior muscle.r
Fra:0 Mem:2270.24M (Peak 2270.24M) | Time:00:00.09 | Syncing QA:Serratus posterior inferior mu
Fra:0 Mem:2271.00M (Peak 2271.00M) | Time:00:00.09 | Syncing QA:Serratus posterior inferior mu
Fra:0 Mem:2271.77M (Peak 2271.77M) | Time:00:00.09 | Syncing QA:Serratus posterior superior mu
Fra:0 Mem:2272.30M (Peak 2272.30M) | Time:00:00.09 | Syncing QA:Serratus posterior superior mu
Fra:0 Mem:2272.83M (Peak 2272.83M) | Time:00:00.09 | Syncing QA:Sesamoid bones of foot.l
Fra:0 Mem:2273.00M (Peak 2273.00M) | Time:00:00.09 | Syncing QA:Sesamoid bones of foot.r
Fra:0 Mem:2273.17M (Peak 2273.17M) | Time:00:00.09 | Syncing QA:Seventh rib.l
Fra:0 Mem:2273.99M (Peak 2273.99M) | Time:00:00.09 | Syncing QA:Seventh rib.r
Fra:0 Mem:2274.81M (Peak 2274.81M) | Time:00:00.09 | Syncing QA:Short head of biceps brachii.l
Fra:0 Mem:2275.14M (Peak 2275.14M) | Time:00:00.09 | Syncing QA:Short head of biceps brachii.r
Fra:0 Mem:2275.48M (Peak 2275.48M) | Time:00:00.09 | Syncing QA:Short head of biceps femoris.l
Fra:0 Mem:2275.80M (Peak 2275.80M) | Time:00:00.09 | Syncing QA:Short head of biceps femoris.r
Fra:0 Mem:2276.12M (Peak 2276.12M) | Time:00:00.09 | Syncing QA:Sinus of frontal bone
Fra:0 Mem:2276.35M (Peak 2276.35M) | Time:00:00.09 | Syncing QA:Sinus of sphenoid bone
Fra:0 Mem:2276.52M (Peak 2276.52M) | Time:00:00.09 | Syncing QA:Sixth rib.l
Fra:0 Mem:2277.37M (Peak 2277.37M) | Time:00:00.09 | Syncing QA:Sixth rib.r
Fra:0 Mem:2278.21M (Peak 2278.21M) | Time:00:00.09 | Syncing QA:Soleus muscle.l
Fra:0 Mem:2278.83M (Peak 2278.83M) | Time:00:00.09 | Syncing QA:Soleus muscle.r
Fra:0 Mem:2279.44M (Peak 2279.44M) | Time:00:00.09 | Syncing QA:Sphenoid bone
Fra:0 Mem:2280.10M (Peak 2280.10M) | Time:00:00.09 | Syncing QA:Spinalis capitis muscle.l
Fra:0 Mem:2280.42M (Peak 2280.42M) | Time:00:00.09 | Syncing QA:Spinalis capitis muscle.r
Fra:0 Mem:2280.75M (Peak 2280.75M) | Time:00:00.09 | Syncing QA:Spinalis colli muscle.l
Fra:0 Mem:2280.94M (Peak 2280.94M) | Time:00:00.09 | Syncing QA:Spinalis colli muscle.r
Fra:0 Mem:2281.13M (Peak 2281.13M) | Time:00:00.09 | Syncing QA:Spinalis thoracis muscle.l
Fra:0 Mem:2281.66M (Peak 2281.66M) | Time:00:00.09 | Syncing QA:Spinalis thoracis muscle.r
Fra:0 Mem:2282.19M (Peak 2282.19M) | Time:00:00.09 | Syncing QA:Splenius capitis muscle.l
Fra:0 Mem:2282.71M (Peak 2282.71M) | Time:00:00.10 | Syncing QA:Splenius capitis muscle.r
Fra:0 Mem:2283.22M (Peak 2283.22M) | Time:00:00.10 | Syncing QA:Splenius colli muscle.l
Fra:0 Mem:2283.66M (Peak 2283.66M) | Time:00:00.10 | Syncing QA:Splenius colli muscle.r
Fra:0 Mem:2284.11M (Peak 2284.11M) | Time:00:00.10 | Syncing QA:Stapes.l
Fra:0 Mem:2284.58M (Peak 2284.58M) | Time:00:00.10 | Syncing QA:Stapes.r
Fra:0 Mem:2285.04M (Peak 2285.04M) | Time:00:00.10 | Syncing QA:Sternocleidomastoid muscle.l
Fra:0 Mem:2285.53M (Peak 2285.53M) | Time:00:00.10 | Syncing QA:Sternocleidomastoid muscle.r
Fra:0 Mem:2286.02M (Peak 2286.02M) | Time:00:00.10 | Syncing QA:Sternocostal head of pectorali
Fra:0 Mem:2286.40M (Peak 2286.40M) | Time:00:00.10 | Syncing QA:Sternocostal head of pectorali
Fra:0 Mem:2286.77M (Peak 2286.77M) | Time:00:00.10 | Syncing QA:Sternohyoid muscle.l
Fra:0 Mem:2287.01M (Peak 2287.01M) | Time:00:00.10 | Syncing QA:Sternohyoid muscle.r
Fra:0 Mem:2287.26M (Peak 2287.26M) | Time:00:00.10 | Syncing QA:Sternothyroid muscle.l
Fra:0 Mem:2287.49M (Peak 2287.49M) | Time:00:00.10 | Syncing QA:Sternothyroid muscle.r
Fra:0 Mem:2287.71M (Peak 2287.71M) | Time:00:00.10 | Syncing QA:Straight part of cricothyroid 
Fra:0 Mem:2287.98M (Peak 2287.98M) | Time:00:00.10 | Syncing QA:Straight part of cricothyroid 
Fra:0 Mem:2288.25M (Peak 2288.25M) | Time:00:00.10 | Syncing QA:Stylohyoid muscle.l
Fra:0 Mem:2288.45M (Peak 2288.45M) | Time:00:00.10 | Syncing QA:Stylohyoid muscle.r
Fra:0 Mem:2288.65M (Peak 2288.65M) | Time:00:00.10 | Syncing QA:Stylopharyngeus muscle.l
Fra:0 Mem:2289.78M (Peak 2289.99M) | Time:00:00.10 | Syncing QA:Stylopharyngeus muscle.r
Fra:0 Mem:2290.90M (Peak 2291.12M) | Time:00:00.10 | Syncing QA:Subclavius muscle.l
Fra:0 Mem:2291.11M (Peak 2291.12M) | Time:00:00.10 | Syncing QA:Subclavius muscle.r
Fra:0 Mem:2291.31M (Peak 2291.31M) | Time:00:00.10 | Syncing QA:Subscapularis muscle.l
Fra:0 Mem:2291.67M (Peak 2291.67M) | Time:00:00.10 | Syncing QA:Subscapularis muscle.r
Fra:0 Mem:2292.02M (Peak 2292.02M) | Time:00:00.10 | Syncing QA:Superficial head of flexor pol
Fra:0 Mem:2292.19M (Peak 2292.19M) | Time:00:00.10 | Syncing QA:Superficial head of flexor pol
Fra:0 Mem:2292.36M (Peak 2292.36M) | Time:00:00.10 | Syncing QA:Superficial head of pronator t
Fra:0 Mem:2292.69M (Peak 2292.69M) | Time:00:00.10 | Syncing QA:Superficial head of pronator t
Fra:0 Mem:2293.01M (Peak 2293.01M) | Time:00:00.10 | Syncing QA:Superficial part of masseter.l
Fra:0 Mem:2293.26M (Peak 2293.26M) | Time:00:00.10 | Syncing QA:Superficial part of masseter.r
Fra:0 Mem:2293.51M (Peak 2293.51M) | Time:00:00.10 | Syncing QA:Superficial transverse metacar
Fra:0 Mem:2293.67M (Peak 2293.67M) | Time:00:00.10 | Syncing QA:Superficial transverse metacar
Fra:0 Mem:2293.83M (Peak 2293.83M) | Time:00:00.10 | Syncing QA:Superficial transverse metatar
Fra:0 Mem:2293.99M (Peak 2293.99M) | Time:00:00.10 | Syncing QA:Superficial transverse metatar
Fra:0 Mem:2294.15M (Peak 2294.15M) | Time:00:00.10 | Syncing QA:Superior extensor retinaculum 
Fra:0 Mem:2294.32M (Peak 2294.32M) | Time:00:00.10 | Syncing QA:Superior extensor retinaculum 
Fra:0 Mem:2294.49M (Peak 2294.49M) | Time:00:00.10 | Syncing QA:Superior fibular retinaculum.l
Fra:0 Mem:2294.69M (Peak 2294.69M) | Time:00:00.10 | Syncing QA:Superior fibular retinaculum.r
Fra:0 Mem:2294.89M (Peak 2294.89M) | Time:00:00.10 | Syncing QA:Superior gemellus muscle.l
Fra:0 Mem:2295.07M (Peak 2295.07M) | Time:00:00.10 | Syncing QA:Superior gemellus muscle.r
Fra:0 Mem:2295.24M (Peak 2295.24M) | Time:00:00.10 | Syncing QA:Superior head of lateral ptery
Fra:0 Mem:2295.41M (Peak 2295.41M) | Time:00:00.10 | Syncing QA:Superior head of lateral ptery
Fra:0 Mem:2295.58M (Peak 2295.58M) | Time:00:00.10 | Syncing QA:Superior oblique muscle.l
Fra:0 Mem:2295.91M (Peak 2295.91M) | Time:00:00.10 | Syncing QA:Superior oblique muscle.r
Fra:0 Mem:2296.24M (Peak 2296.24M) | Time:00:00.10 | Syncing QA:Superior pharyngeal constricto
Fra:0 Mem:2296.94M (Peak 2297.31M) | Time:00:00.10 | Syncing QA:Superior pharyngeal constricto
Fra:0 Mem:2297.64M (Peak 2297.64M) | Time:00:00.10 | Syncing QA:Superior rectus muscle.l
Fra:0 Mem:2297.92M (Peak 2297.92M) | Time:00:00.10 | Syncing QA:Superior rectus muscle.r
Fra:0 Mem:2298.20M (Peak 2298.20M) | Time:00:00.10 | Syncing QA:Superior tarsus.l
Fra:0 Mem:2298.37M (Peak 2298.37M) | Time:00:00.10 | Syncing QA:Superior tarsus.r
Fra:0 Mem:2298.54M (Peak 2298.54M) | Time:00:00.10 | Syncing QA:Supinator.l
Fra:0 Mem:2298.88M (Peak 2298.88M) | Time:00:00.10 | Syncing QA:Supinator.r
Fra:0 Mem:2299.22M (Peak 2299.22M) | Time:00:00.10 | Syncing QA:Supraspinatus muscle.l
Fra:0 Mem:2299.47M (Peak 2299.47M) | Time:00:00.10 | Syncing QA:Supraspinatus muscle.r
Fra:0 Mem:2299.72M (Peak 2299.72M) | Time:00:00.10 | Syncing QA:Talus.l
Fra:0 Mem:2299.96M (Peak 2299.96M) | Time:00:00.10 | Syncing QA:Talus.r
Fra:0 Mem:2300.20M (Peak 2300.20M) | Time:00:00.10 | Syncing QA:Temporal bone.l
Fra:0 Mem:2301.32M (Peak 2301.32M) | Time:00:00.10 | Syncing QA:Temporal bone.r
Fra:0 Mem:2302.44M (Peak 2302.44M) | Time:00:00.10 | Syncing QA:Temporalis muscle.l
Fra:0 Mem:2303.30M (Peak 2303.30M) | Time:00:00.10 | Syncing QA:Temporalis muscle.r
Fra:0 Mem:2304.15M (Peak 2304.15M) | Time:00:00.10 | Syncing QA:Temporoparietalis muscle.l
Fra:0 Mem:2305.12M (Peak 2305.16M) | Time:00:00.10 | Syncing QA:Temporoparietalis muscle.r
Fra:0 Mem:2306.10M (Peak 2306.14M) | Time:00:00.10 | Syncing QA:Tendinous arch of levator ani.
Fra:0 Mem:2306.30M (Peak 2306.30M) | Time:00:00.10 | Syncing QA:Tendinous arch of levator ani.
Fra:0 Mem:2306.50M (Peak 2306.50M) | Time:00:00.10 | Syncing QA:Tendon of extensor digitorum l
Fra:0 Mem:2307.01M (Peak 2307.01M) | Time:00:00.10 | Syncing QA:Tendon of extensor digitorum l
Fra:0 Mem:2307.51M (Peak 2307.51M) | Time:00:00.10 | Syncing QA:Tensor fasciae latae.l
Fra:0 Mem:2307.79M (Peak 2307.79M) | Time:00:00.10 | Syncing QA:Tensor fasciae latae.r
Fra:0 Mem:2308.07M (Peak 2308.07M) | Time:00:00.10 | Syncing QA:Tenth rib.l
Fra:0 Mem:2308.70M (Peak 2308.70M) | Time:00:00.10 | Syncing QA:Tenth rib.r
Fra:0 Mem:2309.33M (Peak 2309.33M) | Time:00:00.10 | Syncing QA:Teres major muscle.l
Fra:0 Mem:2309.56M (Peak 2309.56M) | Time:00:00.10 | Syncing QA:Teres major muscle.r
Fra:0 Mem:2309.79M (Peak 2309.79M) | Time:00:00.10 | Syncing QA:Teres minor muscle.l
Fra:0 Mem:2310.05M (Peak 2310.05M) | Time:00:00.10 | Syncing QA:Teres minor muscle.r
Fra:0 Mem:2310.30M (Peak 2310.30M) | Time:00:00.10 | Syncing QA:Third metacarpal bone.l
Fra:0 Mem:2310.50M (Peak 2310.50M) | Time:00:00.10 | Syncing QA:Third metacarpal bone.r
Fra:0 Mem:2310.70M (Peak 2310.70M) | Time:00:00.10 | Syncing QA:Third metatarsal bone.l
Fra:0 Mem:2310.91M (Peak 2310.91M) | Time:00:00.10 | Syncing QA:Third metatarsal bone.r
Fra:0 Mem:2311.11M (Peak 2311.11M) | Time:00:00.10 | Syncing QA:Third rib.l
Fra:0 Mem:2311.74M (Peak 2311.74M) | Time:00:00.10 | Syncing QA:Third rib.r
Fra:0 Mem:2312.37M (Peak 2312.37M) | Time:00:00.11 | Syncing QA:Thyro-epiglottic part of thyro
Fra:0 Mem:2312.84M (Peak 2312.84M) | Time:00:00.11 | Syncing QA:Thyro-epiglottic part of thyro
Fra:0 Mem:2313.31M (Peak 2313.31M) | Time:00:00.11 | Syncing QA:Thyrohyoid muscle.l
Fra:0 Mem:2313.51M (Peak 2313.51M) | Time:00:00.11 | Syncing QA:Thyrohyoid muscle.r
Fra:0 Mem:2313.71M (Peak 2313.71M) | Time:00:00.11 | Syncing QA:Thyroid cartilage
Fra:0 Mem:2314.17M (Peak 2314.17M) | Time:00:00.11 | Syncing QA:Tibia.l
Fra:0 Mem:2314.43M (Peak 2314.43M) | Time:00:00.11 | Syncing QA:Tibia.r
Fra:0 Mem:2314.70M (Peak 2314.70M) | Time:00:00.11 | Syncing QA:Tibialis anterior muscle.l
Fra:0 Mem:2315.09M (Peak 2315.09M) | Time:00:00.11 | Syncing QA:Tibialis anterior muscle.r
Fra:0 Mem:2315.48M (Peak 2315.48M) | Time:00:00.11 | Syncing QA:Tibialis posterior muscle.l
Fra:0 Mem:2316.01M (Peak 2316.01M) | Time:00:00.11 | Syncing QA:Tibialis posterior muscle.r
Fra:0 Mem:2316.54M (Peak 2316.54M) | Time:00:00.11 | Syncing QA:Transverse arytenoid muscle
Fra:0 Mem:2316.88M (Peak 2316.88M) | Time:00:00.11 | Syncing QA:Transverse head of adductor ha
Fra:0 Mem:2317.05M (Peak 2317.05M) | Time:00:00.11 | Syncing QA:Transverse head of adductor ha
Fra:0 Mem:2317.23M (Peak 2317.23M) | Time:00:00.11 | Syncing QA:Transverse head of adductor po
Fra:0 Mem:2317.45M (Peak 2317.45M) | Time:00:00.11 | Syncing QA:Transverse head of adductor po
Fra:0 Mem:2317.67M (Peak 2317.67M) | Time:00:00.11 | Syncing QA:Transverse part of trapezius m
Fra:0 Mem:2318.03M (Peak 2318.03M) | Time:00:00.11 | Syncing QA:Transverse part of trapezius m
Fra:0 Mem:2318.41M (Peak 2318.41M) | Time:00:00.11 | Syncing QA:Transversus abdominis muscle.l
Fra:0 Mem:2320.92M (Peak 2320.92M) | Time:00:00.11 | Syncing QA:Transversus abdominis muscle.r
Fra:0 Mem:2323.43M (Peak 2323.43M) | Time:00:00.11 | Syncing QA:Transversus thoracis muscle.l
Fra:0 Mem:2323.69M (Peak 2323.69M) | Time:00:00.11 | Syncing QA:Transversus thoracis muscle.r
Fra:0 Mem:2323.96M (Peak 2323.96M) | Time:00:00.11 | Syncing QA:Trapezium bone.l
Fra:0 Mem:2324.14M (Peak 2324.14M) | Time:00:00.11 | Syncing QA:Trapezium bone.r
Fra:0 Mem:2324.33M (Peak 2324.33M) | Time:00:00.11 | Syncing QA:Trapezoid bone.l
Fra:0 Mem:2324.51M (Peak 2324.51M) | Time:00:00.11 | Syncing QA:Trapezoid bone.r
Fra:0 Mem:2324.68M (Peak 2324.68M) | Time:00:00.11 | Syncing QA:Triquetrum bone.l
Fra:0 Mem:2324.84M (Peak 2324.84M) | Time:00:00.11 | Syncing QA:Triquetrum bone.r
Fra:0 Mem:2325.01M (Peak 2325.01M) | Time:00:00.11 | Syncing QA:Trochlea of superior oblique m
Fra:0 Mem:2325.18M (Peak 2325.18M) | Time:00:00.11 | Syncing QA:Trochlea of superior oblique m
Fra:0 Mem:2325.35M (Peak 2325.35M) | Time:00:00.11 | Syncing QA:Twelfth rib.l
Fra:0 Mem:2325.70M (Peak 2325.70M) | Time:00:00.11 | Syncing QA:Twelfth rib.r
Fra:0 Mem:2326.06M (Peak 2326.06M) | Time:00:00.11 | Syncing QA:Ulna.l
Fra:0 Mem:2326.27M (Peak 2326.27M) | Time:00:00.11 | Syncing QA:Ulna.r
Fra:0 Mem:2326.48M (Peak 2326.48M) | Time:00:00.11 | Syncing QA:Ulnar head of extensor carpi u
Fra:0 Mem:2326.69M (Peak 2326.69M) | Time:00:00.11 | Syncing QA:Ulnar head of extensor carpi u
Fra:0 Mem:2326.90M (Peak 2326.90M) | Time:00:00.11 | Syncing QA:Ulnar head of flexor carpi uln
Fra:0 Mem:2327.16M (Peak 2327.16M) | Time:00:00.11 | Syncing QA:Ulnar head of flexor carpi uln
Fra:0 Mem:2327.41M (Peak 2327.41M) | Time:00:00.11 | Syncing QA:Upper canine.l
Fra:0 Mem:2327.66M (Peak 2327.66M) | Time:00:00.11 | Syncing QA:Upper canine.r
Fra:0 Mem:2327.91M (Peak 2327.91M) | Time:00:00.11 | Syncing QA:Upper first molar tooth.l
Fra:0 Mem:2328.21M (Peak 2328.21M) | Time:00:00.11 | Syncing QA:Upper first molar tooth.r
Fra:0 Mem:2328.51M (Peak 2328.51M) | Time:00:00.11 | Syncing QA:Upper first premolar.l
Fra:0 Mem:2328.77M (Peak 2328.77M) | Time:00:00.11 | Syncing QA:Upper first premolar.r
Fra:0 Mem:2329.04M (Peak 2329.04M) | Time:00:00.11 | Syncing QA:Upper lateral incisor.l
Fra:0 Mem:2329.28M (Peak 2329.28M) | Time:00:00.11 | Syncing QA:Upper lateral incisor.r
Fra:0 Mem:2329.53M (Peak 2329.53M) | Time:00:00.11 | Syncing QA:Upper medial incisor.l
Fra:0 Mem:2329.78M (Peak 2329.78M) | Time:00:00.11 | Syncing QA:Upper medial incisor.r
Fra:0 Mem:2330.02M (Peak 2330.02M) | Time:00:00.11 | Syncing QA:Upper second molar tooth.l
Fra:0 Mem:2330.30M (Peak 2330.30M) | Time:00:00.11 | Syncing QA:Upper second molar tooth.r
Fra:0 Mem:2330.58M (Peak 2330.58M) | Time:00:00.11 | Syncing QA:Upper second premolar.l
Fra:0 Mem:2330.83M (Peak 2330.83M) | Time:00:00.11 | Syncing QA:Upper second premolar.r
Fra:0 Mem:2331.09M (Peak 2331.09M) | Time:00:00.11 | Syncing QA:Vastus intermedius muscle.l
Fra:0 Mem:2331.66M (Peak 2331.66M) | Time:00:00.11 | Syncing QA:Vastus intermedius muscle.r
Fra:0 Mem:2332.24M (Peak 2332.24M) | Time:00:00.11 | Syncing QA:Vastus lateralis muscle.l
Fra:0 Mem:2333.03M (Peak 2333.03M) | Time:00:00.11 | Syncing QA:Vastus lateralis muscle.r
Fra:0 Mem:2333.82M (Peak 2333.82M) | Time:00:00.11 | Syncing QA:Vastus medialis muscle.l
Fra:0 Mem:2334.42M (Peak 2334.42M) | Time:00:00.11 | Syncing QA:Vastus medialis muscle.r
Fra:0 Mem:2335.01M (Peak 2335.01M) | Time:00:00.11 | Syncing QA:Ventral parts of lateral inter
Fra:0 Mem:2335.23M (Peak 2335.23M) | Time:00:00.11 | Syncing QA:Ventral parts of lateral inter
Fra:0 Mem:2335.45M (Peak 2335.45M) | Time:00:00.11 | Syncing QA:Vertebra C3
Fra:0 Mem:2335.76M (Peak 2335.76M) | Time:00:00.11 | Syncing QA:Vertebra C4
Fra:0 Mem:2336.05M (Peak 2336.05M) | Time:00:00.11 | Syncing QA:Vertebra C5
Fra:0 Mem:2336.36M (Peak 2336.36M) | Time:00:00.11 | Syncing QA:Vertebra C6
Fra:0 Mem:2336.66M (Peak 2336.66M) | Time:00:00.11 | Syncing QA:Vertebra C7
Fra:0 Mem:2336.96M (Peak 2336.96M) | Time:00:00.11 | Syncing QA:Vertebra L1
Fra:0 Mem:2337.32M (Peak 2337.32M) | Time:00:00.11 | Syncing QA:Vertebra L2
Fra:0 Mem:2337.65M (Peak 2337.65M) | Time:00:00.11 | Syncing QA:Vertebra L3
Fra:0 Mem:2338.02M (Peak 2338.02M) | Time:00:00.11 | Syncing QA:Vertebra L4
Fra:0 Mem:2338.42M (Peak 2338.42M) | Time:00:00.11 | Syncing QA:Vertebra L5
Fra:0 Mem:2338.85M (Peak 2338.85M) | Time:00:00.11 | Syncing QA:Vertebra T1
Fra:0 Mem:2339.13M (Peak 2339.13M) | Time:00:00.11 | Syncing QA:Vertebra T10
Fra:0 Mem:2339.49M (Peak 2339.49M) | Time:00:00.11 | Syncing QA:Vertebra T11
Fra:0 Mem:2339.76M (Peak 2339.76M) | Time:00:00.11 | Syncing QA:Vertebra T12
Fra:0 Mem:2340.08M (Peak 2340.08M) | Time:00:00.11 | Syncing QA:Vertebra T2
Fra:0 Mem:2340.38M (Peak 2340.38M) | Time:00:00.11 | Syncing QA:Vertebra T3
Fra:0 Mem:2340.69M (Peak 2340.69M) | Time:00:00.11 | Syncing QA:Vertebra T4
Fra:0 Mem:2340.99M (Peak 2340.99M) | Time:00:00.11 | Syncing QA:Vertebra T5
Fra:0 Mem:2341.29M (Peak 2341.29M) | Time:00:00.11 | Syncing QA:Vertebra T6
Fra:0 Mem:2341.56M (Peak 2341.56M) | Time:00:00.11 | Syncing QA:Vertebra T7
Fra:0 Mem:2341.90M (Peak 2341.90M) | Time:00:00.11 | Syncing QA:Vertebra T8
Fra:0 Mem:2342.17M (Peak 2342.17M) | Time:00:00.11 | Syncing QA:Vertebra T9
Fra:0 Mem:2342.52M (Peak 2342.52M) | Time:00:00.11 | Syncing QA:Vomer
Fra:0 Mem:2342.74M (Peak 2342.74M) | Time:00:00.11 | Syncing QA:Xiphoid process
Fra:0 Mem:2342.96M (Peak 2342.96M) | Time:00:00.11 | Syncing QA:Zygomatic bone.l
Fra:0 Mem:2343.20M (Peak 2343.20M) | Time:00:00.11 | Syncing QA:Zygomatic bone.r
Fra:0 Mem:2343.44M (Peak 2343.44M) | Time:00:00.11 | Syncing QA:Zygomaticus major muscle.l
Fra:0 Mem:2343.65M (Peak 2343.65M) | Time:00:00.11 | Syncing QA:Zygomaticus major muscle.r
Fra:0 Mem:2343.85M (Peak 2343.85M) | Time:00:00.11 | Syncing QA:Zygomaticus minor muscle.l
Fra:0 Mem:2344.03M (Peak 2344.03M) | Time:00:00.11 | Syncing QA:Zygomaticus minor muscle.r
Fra:0 Mem:2344.21M (Peak 2344.21M) | Time:00:00.11 | Syncing T98 camera
Fra:0 Mem:2344.21M (Peak 2344.21M) | Time:00:00.11 | Syncing T98 light
Fra:0 Mem:2344.21M (Peak 2344.21M) | Time:00:00.11 | Syncing T98 light.001
Fra:0 Mem:2338.23M (Peak 2344.21M) | Time:00:00.11 | Rendering 1 / 16 samples
Fra:0 Mem:2157.16M (Peak 2344.21M) | Time:00:00.30 | Rendering 16 / 16 samples
Saved: '/Users/daniel/Downloads/SIM /HUMAN ATLAS/work/evidence/T98/astra-resolution-2026-09-29/muscle-bone-front.png'
 Time: 00:00.34 (Saving: 00:00.03)

Dependency cycle detected:
  OBOesophagus-profile/TRANSFORM_INIT() depends on
  OBOesophagus/GEOMETRY_EVAL() via 'Curve Follow Parent'
  OBOesophagus/MODIFIER(Solidify) via 'modifier stack order'
  OBOesophagus/GEOMETRY_EVAL_INIT() via 'Modifier'
  CUOesophagus/GEOMETRY_EVAL_DONE() via 'Object Geometry Base Data'
  CUOesophagus/GEOMETRY_EVAL() via 'ObData Geom Eval Done'
  OBOesophagus-profile/TRANSFORM_FINAL() via 'Curve Bevel Transform'
  OBOesophagus-profile/TRANSFORM_SIMULATION_INIT() via 'Simulation -> Final Transform'
  OBOesophagus-profile/TRANSFORM_EVAL() via 'Transform Eval -> Simulation Init'
  OBOesophagus-profile/TRANSFORM_PARENT() via 'Eval'
  OBOesophagus-profile/TRANSFORM_LOCAL() via 'ObLocal -> ObParent'
  OBOesophagus-profile/TRANSFORM_INIT() via 'Transform Init'
Detected 1 dependency cycles
Fra:0 Mem:2038.95M (Peak 2038.95M) | Time:00:00.03 | Syncing QA:(Abdominal part of pectoralis 
Fra:0 Mem:2039.20M (Peak 2039.20M) | Time:00:00.03 | Syncing QA:(Abdominal part of pectoralis 
Fra:0 Mem:2039.46M (Peak 2039.46M) | Time:00:00.03 | Syncing QA:(Adductor minimus).l
Fra:0 Mem:2039.67M (Peak 2039.67M) | Time:00:00.03 | Syncing QA:(Adductor minimus).r
Fra:0 Mem:2039.89M (Peak 2039.89M) | Time:00:00.03 | Syncing QA:(Opponens digiti minimi muscle
Fra:0 Mem:2040.06M (Peak 2040.06M) | Time:00:00.03 | Syncing QA:(Opponens digiti minimi muscle
Fra:0 Mem:2040.22M (Peak 2040.22M) | Time:00:00.03 | Syncing QA:Abductor digiti minimi of foot
Fra:0 Mem:2040.46M (Peak 2040.46M) | Time:00:00.03 | Syncing QA:Abductor digiti minimi of foot
Fra:0 Mem:2040.70M (Peak 2040.70M) | Time:00:00.03 | Syncing QA:Abductor digiti minimi of hand
Fra:0 Mem:2040.90M (Peak 2040.90M) | Time:00:00.03 | Syncing QA:Abductor digiti minimi of hand
Fra:0 Mem:2041.09M (Peak 2041.09M) | Time:00:00.03 | Syncing QA:Abductor hallucis.l
Fra:0 Mem:2041.36M (Peak 2041.36M) | Time:00:00.03 | Syncing QA:Abductor hallucis.r
Fra:0 Mem:2041.63M (Peak 2041.63M) | Time:00:00.03 | Syncing QA:Abductor pollicis brevis.l
Fra:0 Mem:2041.82M (Peak 2041.82M) | Time:00:00.03 | Syncing QA:Abductor pollicis brevis.r
Fra:0 Mem:2042.01M (Peak 2042.01M) | Time:00:00.03 | Syncing QA:Abductor pollicis longus.l
Fra:0 Mem:2042.33M (Peak 2042.33M) | Time:00:00.03 | Syncing QA:Abductor pollicis longus.r
Fra:0 Mem:2042.65M (Peak 2042.65M) | Time:00:00.03 | Syncing QA:Acromial part of deltoid muscl
Fra:0 Mem:2043.01M (Peak 2043.01M) | Time:00:00.03 | Syncing QA:Acromial part of deltoid muscl
Fra:0 Mem:2043.36M (Peak 2043.36M) | Time:00:00.03 | Syncing QA:Adductor brevis.l
Fra:0 Mem:2043.66M (Peak 2043.66M) | Time:00:00.03 | Syncing QA:Adductor brevis.r
Fra:0 Mem:2043.95M (Peak 2043.95M) | Time:00:00.03 | Syncing QA:Adductor longus.l
Fra:0 Mem:2044.36M (Peak 2044.36M) | Time:00:00.03 | Syncing QA:Adductor longus.r
Fra:0 Mem:2044.77M (Peak 2044.77M) | Time:00:00.03 | Syncing QA:Adductor magnus.l
Fra:0 Mem:2045.48M (Peak 2045.48M) | Time:00:00.03 | Syncing QA:Adductor magnus.r
Fra:0 Mem:2046.19M (Peak 2046.19M) | Time:00:00.03 | Syncing QA:Anconeus muscle.l
Fra:0 Mem:2046.44M (Peak 2046.44M) | Time:00:00.03 | Syncing QA:Anconeus muscle.r
Fra:0 Mem:2046.69M (Peak 2046.69M) | Time:00:00.03 | Syncing QA:Anterior belly of digastric mu
Fra:0 Mem:2046.87M (Peak 2046.87M) | Time:00:00.03 | Syncing QA:Anterior belly of digastric mu
Fra:0 Mem:2047.05M (Peak 2047.05M) | Time:00:00.03 | Syncing QA:Anterior cells of ethmoid bone
Fra:0 Mem:2047.24M (Peak 2047.24M) | Time:00:00.03 | Syncing QA:Anterior cells of ethmoid bone
Fra:0 Mem:2047.42M (Peak 2047.42M) | Time:00:00.03 | Syncing QA:Ary-epiglottic part of oblique
Fra:0 Mem:2047.68M (Peak 2047.68M) | Time:00:00.03 | Syncing QA:Ary-epiglottic part of oblique
Fra:0 Mem:2047.93M (Peak 2047.93M) | Time:00:00.03 | Syncing QA:Arytenoid cartilage.l
Fra:0 Mem:2048.36M (Peak 2048.36M) | Time:00:00.03 | Syncing QA:Arytenoid cartilage.r
Fra:0 Mem:2048.78M (Peak 2048.78M) | Time:00:00.03 | Syncing QA:Ascending part of trapezius mu
Fra:0 Mem:2049.25M (Peak 2049.25M) | Time:00:00.03 | Syncing QA:Ascending part of trapezius mu
Fra:0 Mem:2049.72M (Peak 2049.72M) | Time:00:00.03 | Syncing QA:Atlas (C1)
Fra:0 Mem:2050.02M (Peak 2050.02M) | Time:00:00.03 | Syncing QA:Axis (C2)
Fra:0 Mem:2050.32M (Peak 2050.32M) | Time:00:00.03 | Syncing QA:Body of sternum
Fra:0 Mem:2050.78M (Peak 2050.78M) | Time:00:00.03 | Syncing QA:Brachialis muscle.l
Fra:0 Mem:2051.17M (Peak 2051.17M) | Time:00:00.03 | Syncing QA:Brachialis muscle.r
Fra:0 Mem:2051.56M (Peak 2051.56M) | Time:00:00.03 | Syncing QA:Brachioradialis muscle.l
Fra:0 Mem:2052.21M (Peak 2052.21M) | Time:00:00.03 | Syncing QA:Brachioradialis muscle.r
Fra:0 Mem:2052.86M (Peak 2052.86M) | Time:00:00.03 | Syncing QA:Bucinator.l
Fra:0 Mem:2053.08M (Peak 2053.08M) | Time:00:00.03 | Syncing QA:Bucinator.r
Fra:0 Mem:2053.29M (Peak 2053.29M) | Time:00:00.03 | Syncing QA:Calcaneal tendon.l
Fra:0 Mem:2053.74M (Peak 2053.74M) | Time:00:00.03 | Syncing QA:Calcaneal tendon.r
Fra:0 Mem:2054.19M (Peak 2054.19M) | Time:00:00.03 | Syncing QA:Calcaneus.l
Fra:0 Mem:2054.44M (Peak 2054.44M) | Time:00:00.03 | Syncing QA:Calcaneus.r
Fra:0 Mem:2054.69M (Peak 2054.69M) | Time:00:00.04 | Syncing QA:Capitate bone.l
Fra:0 Mem:2054.87M (Peak 2054.87M) | Time:00:00.04 | Syncing QA:Capitate bone.r
Fra:0 Mem:2055.05M (Peak 2055.05M) | Time:00:00.04 | Syncing QA:Clavicle.l
Fra:0 Mem:2055.31M (Peak 2055.31M) | Time:00:00.04 | Syncing QA:Clavicle.r
Fra:0 Mem:2055.57M (Peak 2055.57M) | Time:00:00.04 | Syncing QA:Clavicular head of pectoralis 
Fra:0 Mem:2055.77M (Peak 2055.77M) | Time:00:00.04 | Syncing QA:Clavicular head of pectoralis 
Fra:0 Mem:2055.98M (Peak 2055.98M) | Time:00:00.04 | Syncing QA:Clavicular part of deltoid mus
Fra:0 Mem:2056.33M (Peak 2056.33M) | Time:00:00.04 | Syncing QA:Clavicular part of deltoid mus
Fra:0 Mem:2056.68M (Peak 2056.68M) | Time:00:00.04 | Syncing QA:Coccygeus muscle.l
Fra:0 Mem:2056.90M (Peak 2056.90M) | Time:00:00.04 | Syncing QA:Coccygeus muscle.r
Fra:0 Mem:2057.13M (Peak 2057.13M) | Time:00:00.04 | Syncing QA:Coccyx
Fra:0 Mem:2057.35M (Peak 2057.35M) | Time:00:00.04 | Syncing QA:Common tendinous ring.l
Fra:0 Mem:2057.54M (Peak 2057.54M) | Time:00:00.04 | Syncing QA:Common tendinous ring.r
Fra:0 Mem:2057.73M (Peak 2057.73M) | Time:00:00.04 | Syncing QA:Coracobrachialis muscle.l
Fra:0 Mem:2057.96M (Peak 2057.96M) | Time:00:00.04 | Syncing QA:Coracobrachialis muscle.r
Fra:0 Mem:2058.19M (Peak 2058.19M) | Time:00:00.04 | Syncing QA:Corniculate cartilage.l
Fra:0 Mem:2058.35M (Peak 2058.35M) | Time:00:00.04 | Syncing QA:Corniculate cartilage.r
Fra:0 Mem:2058.52M (Peak 2058.52M) | Time:00:00.04 | Syncing QA:Corrugator supercilii.l
Fra:0 Mem:2058.69M (Peak 2058.69M) | Time:00:00.04 | Syncing QA:Corrugator supercilii.r
Fra:0 Mem:2058.86M (Peak 2058.86M) | Time:00:00.04 | Syncing QA:Costal cartilage of eighth rib
Fra:0 Mem:2059.14M (Peak 2059.14M) | Time:00:00.04 | Syncing QA:Costal cartilage of eighth rib
Fra:0 Mem:2059.42M (Peak 2059.42M) | Time:00:00.04 | Syncing QA:Costal cartilage of fifth rib.
Fra:0 Mem:2059.89M (Peak 2059.89M) | Time:00:00.04 | Syncing QA:Costal cartilage of fifth rib.
Fra:0 Mem:2060.37M (Peak 2060.37M) | Time:00:00.04 | Syncing QA:Costal cartilage of first rib.
Fra:0 Mem:2060.65M (Peak 2060.65M) | Time:00:00.04 | Syncing QA:Costal cartilage of first rib.
Fra:0 Mem:2060.94M (Peak 2060.94M) | Time:00:00.04 | Syncing QA:Costal cartilage of fourth rib
Fra:0 Mem:2061.31M (Peak 2061.31M) | Time:00:00.04 | Syncing QA:Costal cartilage of fourth rib
Fra:0 Mem:2061.69M (Peak 2061.69M) | Time:00:00.04 | Syncing QA:Costal cartilage of ninth rib.
Fra:0 Mem:2061.93M (Peak 2061.93M) | Time:00:00.04 | Syncing QA:Costal cartilage of ninth rib.
Fra:0 Mem:2062.18M (Peak 2062.18M) | Time:00:00.04 | Syncing QA:Costal cartilage of second rib
Fra:0 Mem:2062.50M (Peak 2062.50M) | Time:00:00.04 | Syncing QA:Costal cartilage of second rib
Fra:0 Mem:2062.82M (Peak 2062.82M) | Time:00:00.04 | Syncing QA:Costal cartilage of seventh ri
Fra:0 Mem:2063.65M (Peak 2063.65M) | Time:00:00.04 | Syncing QA:Costal cartilage of seventh ri
Fra:0 Mem:2064.49M (Peak 2064.49M) | Time:00:00.04 | Syncing QA:Costal cartilage of sixth rib.
Fra:0 Mem:2065.04M (Peak 2065.04M) | Time:00:00.04 | Syncing QA:Costal cartilage of sixth rib.
Fra:0 Mem:2065.59M (Peak 2065.59M) | Time:00:00.04 | Syncing QA:Costal cartilage of tenth rib.
Fra:0 Mem:2065.82M (Peak 2065.82M) | Time:00:00.04 | Syncing QA:Costal cartilage of tenth rib.
Fra:0 Mem:2066.05M (Peak 2066.05M) | Time:00:00.04 | Syncing QA:Costal cartilage of third rib.
Fra:0 Mem:2066.38M (Peak 2066.38M) | Time:00:00.04 | Syncing QA:Costal cartilage of third rib.
Fra:0 Mem:2066.70M (Peak 2066.70M) | Time:00:00.04 | Syncing QA:Cricoid cartilage
Fra:0 Mem:2067.04M (Peak 2067.04M) | Time:00:00.04 | Syncing QA:Cuboid bone.l
Fra:0 Mem:2067.26M (Peak 2067.26M) | Time:00:00.04 | Syncing QA:Cuboid bone.r
Fra:0 Mem:2067.48M (Peak 2067.48M) | Time:00:00.04 | Syncing QA:Deep head of flexor pollicis b
Fra:0 Mem:2067.68M (Peak 2067.68M) | Time:00:00.04 | Syncing QA:Deep head of flexor pollicis b
Fra:0 Mem:2067.89M (Peak 2067.89M) | Time:00:00.04 | Syncing QA:Deep head of pronator teres.l
Fra:0 Mem:2068.11M (Peak 2068.11M) | Time:00:00.04 | Syncing QA:Deep head of pronator teres.r
Fra:0 Mem:2068.34M (Peak 2068.34M) | Time:00:00.04 | Syncing QA:Deep part of masseter.l
Fra:0 Mem:2068.56M (Peak 2068.56M) | Time:00:00.04 | Syncing QA:Deep part of masseter.r
Fra:0 Mem:2068.78M (Peak 2068.78M) | Time:00:00.04 | Syncing QA:Depressor anguli oris.l
Fra:0 Mem:2068.97M (Peak 2068.97M) | Time:00:00.04 | Syncing QA:Depressor anguli oris.r
Fra:0 Mem:2069.16M (Peak 2069.16M) | Time:00:00.04 | Syncing QA:Depressor labii inferioris.l
Fra:0 Mem:2069.37M (Peak 2069.37M) | Time:00:00.04 | Syncing QA:Depressor labii inferioris.r
Fra:0 Mem:2069.58M (Peak 2069.58M) | Time:00:00.04 | Syncing QA:Depressor septi nasi.l
Fra:0 Mem:2069.75M (Peak 2069.75M) | Time:00:00.04 | Syncing QA:Depressor septi nasi.r
Fra:0 Mem:2069.91M (Peak 2069.91M) | Time:00:00.04 | Syncing QA:Descending part of trapezius m
Fra:0 Mem:2070.53M (Peak 2070.53M) | Time:00:00.04 | Syncing QA:Descending part of trapezius m
Fra:0 Mem:2071.14M (Peak 2071.14M) | Time:00:00.04 | Syncing QA:Diaphragm
Fra:0 Mem:2073.22M (Peak 2073.22M) | Time:00:00.04 | Syncing QA:Distal phalanx of fifth finger
Fra:0 Mem:2073.39M (Peak 2073.39M) | Time:00:00.04 | Syncing QA:Distal phalanx of fifth finger
Fra:0 Mem:2073.55M (Peak 2073.55M) | Time:00:00.04 | Syncing QA:Distal phalanx of fifth finger
Fra:0 Mem:2073.72M (Peak 2073.72M) | Time:00:00.04 | Syncing QA:Distal phalanx of fifth finger
Fra:0 Mem:2073.88M (Peak 2073.88M) | Time:00:00.04 | Syncing QA:Distal phalanx of first finger
Fra:0 Mem:2074.06M (Peak 2074.06M) | Time:00:00.04 | Syncing QA:Distal phalanx of first finger
Fra:0 Mem:2074.25M (Peak 2074.25M) | Time:00:00.04 | Syncing QA:Distal phalanx of first finger
Fra:0 Mem:2074.41M (Peak 2074.41M) | Time:00:00.04 | Syncing QA:Distal phalanx of first finger
Fra:0 Mem:2074.58M (Peak 2074.58M) | Time:00:00.04 | Syncing QA:Distal phalanx of fourth finge
Fra:0 Mem:2074.75M (Peak 2074.75M) | Time:00:00.04 | Syncing QA:Distal phalanx of fourth finge
Fra:0 Mem:2074.92M (Peak 2074.92M) | Time:00:00.04 | Syncing QA:Distal phalanx of fourth finge
Fra:0 Mem:2075.08M (Peak 2075.08M) | Time:00:00.04 | Syncing QA:Distal phalanx of fourth finge
Fra:0 Mem:2075.24M (Peak 2075.24M) | Time:00:00.04 | Syncing QA:Distal phalanx of second finge
Fra:0 Mem:2075.40M (Peak 2075.40M) | Time:00:00.04 | Syncing QA:Distal phalanx of second finge
Fra:0 Mem:2075.57M (Peak 2075.57M) | Time:00:00.04 | Syncing QA:Distal phalanx of second finge
Fra:0 Mem:2075.74M (Peak 2075.74M) | Time:00:00.04 | Syncing QA:Distal phalanx of second finge
Fra:0 Mem:2075.91M (Peak 2075.91M) | Time:00:00.04 | Syncing QA:Distal phalanx of third finger
Fra:0 Mem:2076.08M (Peak 2076.08M) | Time:00:00.04 | Syncing QA:Distal phalanx of third finger
Fra:0 Mem:2076.25M (Peak 2076.25M) | Time:00:00.04 | Syncing QA:Distal phalanx of third finger
Fra:0 Mem:2076.42M (Peak 2076.42M) | Time:00:00.04 | Syncing QA:Distal phalanx of third finger
Fra:0 Mem:2076.58M (Peak 2076.58M) | Time:00:00.04 | Syncing QA:Dorsal interossei muscles of f
Fra:0 Mem:2076.86M (Peak 2076.86M) | Time:00:00.04 | Syncing QA:Dorsal interossei muscles of f
Fra:0 Mem:2077.15M (Peak 2077.15M) | Time:00:00.04 | Syncing QA:Dorsal interossei muscles of h
Fra:0 Mem:2077.39M (Peak 2077.39M) | Time:00:00.04 | Syncing QA:Dorsal interossei muscles of h
Fra:0 Mem:2077.64M (Peak 2077.64M) | Time:00:00.04 | Syncing QA:Dorsal parts of lateral intert
Fra:0 Mem:2077.84M (Peak 2077.84M) | Time:00:00.04 | Syncing QA:Dorsal parts of lateral intert
Fra:0 Mem:2078.04M (Peak 2078.04M) | Time:00:00.04 | Syncing QA:Eighth rib.l
Fra:0 Mem:2078.76M (Peak 2078.76M) | Time:00:00.04 | Syncing QA:Eighth rib.r
Fra:0 Mem:2079.48M (Peak 2079.48M) | Time:00:00.04 | Syncing QA:Eleventh rib.l
Fra:0 Mem:2079.97M (Peak 2079.97M) | Time:00:00.04 | Syncing QA:Eleventh rib.r
Fra:0 Mem:2080.47M (Peak 2080.47M) | Time:00:00.04 | Syncing QA:Epicranial aponeurosis.l
Fra:0 Mem:2082.00M (Peak 2082.00M) | Time:00:00.04 | Syncing QA:Epicranial aponeurosis.r
Fra:0 Mem:2083.53M (Peak 2083.53M) | Time:00:00.04 | Syncing QA:Ethmoid bone
Fra:0 Mem:2084.25M (Peak 2084.25M) | Time:00:00.04 | Syncing QA:Extensor carpi radialis brevis
Fra:0 Mem:2084.61M (Peak 2084.61M) | Time:00:00.04 | Syncing QA:Extensor carpi radialis brevis
Fra:0 Mem:2084.98M (Peak 2084.98M) | Time:00:00.04 | Syncing QA:Extensor carpi radialis longus
Fra:0 Mem:2085.38M (Peak 2085.38M) | Time:00:00.04 | Syncing QA:Extensor carpi radialis longus
Fra:0 Mem:2085.79M (Peak 2085.79M) | Time:00:00.04 | Syncing QA:Extensor digiti minimi.l
Fra:0 Mem:2086.09M (Peak 2086.09M) | Time:00:00.04 | Syncing QA:Extensor digiti minimi.r
Fra:0 Mem:2086.39M (Peak 2086.39M) | Time:00:00.04 | Syncing QA:Extensor digitorum brevis.l
Fra:0 Mem:2086.75M (Peak 2086.75M) | Time:00:00.04 | Syncing QA:Extensor digitorum brevis.r
Fra:0 Mem:2087.12M (Peak 2087.12M) | Time:00:00.04 | Syncing QA:Extensor digitorum longus.l
Fra:0 Mem:2087.49M (Peak 2087.49M) | Time:00:00.04 | Syncing QA:Extensor digitorum longus.r
Fra:0 Mem:2087.86M (Peak 2087.86M) | Time:00:00.04 | Syncing QA:Extensor digitorum.l
Fra:0 Mem:2088.45M (Peak 2088.45M) | Time:00:00.04 | Syncing QA:Extensor digitorum.r
Fra:0 Mem:2089.04M (Peak 2089.04M) | Time:00:00.04 | Syncing QA:Extensor hallucis brevis.l
Fra:0 Mem:2089.27M (Peak 2089.27M) | Time:00:00.04 | Syncing QA:Extensor hallucis brevis.r
Fra:0 Mem:2089.50M (Peak 2089.50M) | Time:00:00.04 | Syncing QA:Extensor hallucis longus.l
Fra:0 Mem:2089.81M (Peak 2089.81M) | Time:00:00.04 | Syncing QA:Extensor hallucis longus.r
Fra:0 Mem:2090.12M (Peak 2090.12M) | Time:00:00.04 | Syncing QA:Extensor indicis.l
Fra:0 Mem:2090.35M (Peak 2090.35M) | Time:00:00.04 | Syncing QA:Extensor indicis.r
Fra:0 Mem:2090.58M (Peak 2090.58M) | Time:00:00.04 | Syncing QA:Extensor pollicis brevis.l
Fra:0 Mem:2090.81M (Peak 2090.81M) | Time:00:00.04 | Syncing QA:Extensor pollicis brevis.r
Fra:0 Mem:2091.04M (Peak 2091.04M) | Time:00:00.04 | Syncing QA:Extensor pollicis longus.l
Fra:0 Mem:2091.30M (Peak 2091.30M) | Time:00:00.04 | Syncing QA:Extensor pollicis longus.r
Fra:0 Mem:2091.56M (Peak 2091.56M) | Time:00:00.04 | Syncing QA:Extensor retinaculum of wrist.
Fra:0 Mem:2091.74M (Peak 2091.74M) | Time:00:00.04 | Syncing QA:Extensor retinaculum of wrist.
Fra:0 Mem:2091.92M (Peak 2091.92M) | Time:00:00.04 | Syncing QA:External abdominal oblique mus
Fra:0 Mem:2094.10M (Peak 2094.10M) | Time:00:00.04 | Syncing QA:External abdominal oblique mus
Fra:0 Mem:2096.29M (Peak 2096.29M) | Time:00:00.04 | Syncing QA:External anal sphincter.l
Fra:0 Mem:2096.45M (Peak 2096.45M) | Time:00:00.04 | Syncing QA:External anal sphincter.r
Fra:0 Mem:2096.62M (Peak 2096.62M) | Time:00:00.04 | Syncing QA:External intercostal muscles.l
Fra:0 Mem:2099.61M (Peak 2099.76M) | Time:00:00.04 | Syncing QA:External intercostal muscles.r
Fra:0 Mem:2102.60M (Peak 2102.76M) | Time:00:00.04 | Syncing QA:External part of thyro-aryteno
Fra:0 Mem:2102.98M (Peak 2102.98M) | Time:00:00.04 | Syncing QA:External part of thyro-aryteno
Fra:0 Mem:2103.36M (Peak 2103.36M) | Time:00:00.04 | Syncing QA:Femur.l
Fra:0 Mem:2103.77M (Peak 2103.77M) | Time:00:00.04 | Syncing QA:Femur.r
Fra:0 Mem:2104.19M (Peak 2104.19M) | Time:00:00.04 | Syncing QA:Fibula.l
Fra:0 Mem:2104.42M (Peak 2104.42M) | Time:00:00.04 | Syncing QA:Fibula.r
Fra:0 Mem:2104.66M (Peak 2104.66M) | Time:00:00.04 | Syncing QA:Fibularis brevis muscle.l
Fra:0 Mem:2105.05M (Peak 2105.05M) | Time:00:00.04 | Syncing QA:Fibularis brevis muscle.r
Fra:0 Mem:2105.44M (Peak 2105.44M) | Time:00:00.04 | Syncing QA:Fibularis longus muscle.l
Fra:0 Mem:2105.97M (Peak 2105.97M) | Time:00:00.04 | Syncing QA:Fibularis longus muscle.r
Fra:0 Mem:2106.49M (Peak 2106.49M) | Time:00:00.04 | Syncing QA:Fibularis tertius muscle.l
Fra:0 Mem:2106.69M (Peak 2106.69M) | Time:00:00.04 | Syncing QA:Fibularis tertius muscle.r
Fra:0 Mem:2106.88M (Peak 2106.88M) | Time:00:00.04 | Syncing QA:Fifth metacarpal bone.l
Fra:0 Mem:2107.06M (Peak 2107.06M) | Time:00:00.04 | Syncing QA:Fifth metacarpal bone.r
Fra:0 Mem:2107.25M (Peak 2107.25M) | Time:00:00.04 | Syncing QA:Fifth metatarsal bone.l
Fra:0 Mem:2107.46M (Peak 2107.46M) | Time:00:00.04 | Syncing QA:Fifth metatarsal bone.r
Fra:0 Mem:2107.67M (Peak 2107.67M) | Time:00:00.04 | Syncing QA:Fifth rib.l
Fra:0 Mem:2108.47M (Peak 2108.47M) | Time:00:00.04 | Syncing QA:Fifth rib.r
Fra:0 Mem:2109.26M (Peak 2109.26M) | Time:00:00.04 | Syncing QA:First metacarpal bone.l
Fra:0 Mem:2109.46M (Peak 2109.46M) | Time:00:00.04 | Syncing QA:First metacarpal bone.r
Fra:0 Mem:2109.65M (Peak 2109.65M) | Time:00:00.04 | Syncing QA:First metatarsal bone.l
Fra:0 Mem:2109.88M (Peak 2109.88M) | Time:00:00.04 | Syncing QA:First metatarsal bone.r
Fra:0 Mem:2110.10M (Peak 2110.10M) | Time:00:00.04 | Syncing QA:First rib.l
Fra:0 Mem:2110.47M (Peak 2110.47M) | Time:00:00.04 | Syncing QA:First rib.r
Fra:0 Mem:2110.85M (Peak 2110.85M) | Time:00:00.04 | Syncing QA:Flexor carpi radialis.l
Fra:0 Mem:2111.11M (Peak 2111.11M) | Time:00:00.04 | Syncing QA:Flexor carpi radialis.r
Fra:0 Mem:2111.38M (Peak 2111.38M) | Time:00:00.04 | Syncing QA:Flexor digiti minimi of foot.l
Fra:0 Mem:2111.56M (Peak 2111.56M) | Time:00:00.04 | Syncing QA:Flexor digiti minimi of foot.r
Fra:0 Mem:2111.74M (Peak 2111.74M) | Time:00:00.04 | Syncing QA:Flexor digiti minimi of hand.l
Fra:0 Mem:2111.91M (Peak 2111.91M) | Time:00:00.04 | Syncing QA:Flexor digiti minimi of hand.r
Fra:0 Mem:2112.08M (Peak 2112.08M) | Time:00:00.04 | Syncing QA:Flexor digitorum brevis.l
Fra:0 Mem:2112.46M (Peak 2112.46M) | Time:00:00.05 | Syncing QA:Flexor digitorum brevis.r
Fra:0 Mem:2112.83M (Peak 2112.83M) | Time:00:00.05 | Syncing QA:Flexor digitorum longus.l
Fra:0 Mem:2113.45M (Peak 2113.45M) | Time:00:00.05 | Syncing QA:Flexor digitorum longus.r
Fra:0 Mem:2114.07M (Peak 2114.07M) | Time:00:00.05 | Syncing QA:Flexor digitorum profundus.l
Fra:0 Mem:2114.71M (Peak 2114.71M) | Time:00:00.05 | Syncing QA:Flexor digitorum profundus.r
Fra:0 Mem:2115.35M (Peak 2115.35M) | Time:00:00.05 | Syncing QA:Flexor hallucis longus.l
Fra:0 Mem:2115.90M (Peak 2115.90M) | Time:00:00.05 | Syncing QA:Flexor hallucis longus.r
Fra:0 Mem:2116.45M (Peak 2116.45M) | Time:00:00.05 | Syncing QA:Flexor pollicis longus.l
Fra:0 Mem:2116.72M (Peak 2116.72M) | Time:00:00.05 | Syncing QA:Flexor pollicis longus.r
Fra:0 Mem:2116.98M (Peak 2116.98M) | Time:00:00.05 | Syncing QA:Flexor retinaculum of ankle.l
Fra:0 Mem:2117.19M (Peak 2117.19M) | Time:00:00.05 | Syncing QA:Flexor retinaculum of ankle.r
Fra:0 Mem:2117.39M (Peak 2117.39M) | Time:00:00.05 | Syncing QA:Flexor retinaculum of wrist.l
Fra:0 Mem:2117.58M (Peak 2117.58M) | Time:00:00.05 | Syncing QA:Flexor retinaculum of wrist.r
Fra:0 Mem:2117.77M (Peak 2117.77M) | Time:00:00.05 | Syncing QA:Fourth metacarpal bone.l
Fra:0 Mem:2117.96M (Peak 2117.96M) | Time:00:00.05 | Syncing QA:Fourth metacarpal bone.r
Fra:0 Mem:2118.15M (Peak 2118.15M) | Time:00:00.05 | Syncing QA:Fourth metatarsal bone.l
Fra:0 Mem:2118.36M (Peak 2118.36M) | Time:00:00.05 | Syncing QA:Fourth metatarsal bone.r
Fra:0 Mem:2118.56M (Peak 2118.56M) | Time:00:00.05 | Syncing QA:Fourth rib.l
Fra:0 Mem:2119.31M (Peak 2119.31M) | Time:00:00.05 | Syncing QA:Fourth rib.r
Fra:0 Mem:2120.05M (Peak 2120.05M) | Time:00:00.05 | Syncing QA:Frontal bone
Fra:0 Mem:2120.73M (Peak 2120.73M) | Time:00:00.05 | Syncing QA:Frontalis muscle.l
Fra:0 Mem:2121.29M (Peak 2121.29M) | Time:00:00.05 | Syncing QA:Frontalis muscle.r
Fra:0 Mem:2121.84M (Peak 2121.84M) | Time:00:00.05 | Syncing QA:Genioglossus muscle.l
Fra:0 Mem:2122.38M (Peak 2122.38M) | Time:00:00.05 | Syncing QA:Genioglossus muscle.r
Fra:0 Mem:2122.92M (Peak 2122.92M) | Time:00:00.05 | Syncing QA:Geniohyoid muscle.l
Fra:0 Mem:2123.10M (Peak 2123.10M) | Time:00:00.05 | Syncing QA:Geniohyoid muscle.r
Fra:0 Mem:2123.29M (Peak 2123.29M) | Time:00:00.05 | Syncing QA:Gluteus maximus muscle.l
Fra:0 Mem:2123.67M (Peak 2123.67M) | Time:00:00.05 | Syncing QA:Gluteus maximus muscle.r
Fra:0 Mem:2124.05M (Peak 2124.05M) | Time:00:00.05 | Syncing QA:Gluteus medius muscle.l
Fra:0 Mem:2124.55M (Peak 2124.55M) | Time:00:00.05 | Syncing QA:Gluteus medius muscle.r
Fra:0 Mem:2125.06M (Peak 2125.06M) | Time:00:00.05 | Syncing QA:Gluteus minimus muscle.l
Fra:0 Mem:2125.64M (Peak 2125.64M) | Time:00:00.05 | Syncing QA:Gluteus minimus muscle.r
Fra:0 Mem:2126.22M (Peak 2126.22M) | Time:00:00.05 | Syncing QA:Gracilis muscle.l
Fra:0 Mem:2126.70M (Peak 2126.70M) | Time:00:00.05 | Syncing QA:Gracilis muscle.r
Fra:0 Mem:2127.18M (Peak 2127.18M) | Time:00:00.05 | Syncing QA:Hamate bone.l
Fra:0 Mem:2127.37M (Peak 2127.37M) | Time:00:00.05 | Syncing QA:Hamate bone.r
Fra:0 Mem:2127.55M (Peak 2127.55M) | Time:00:00.05 | Syncing QA:Hip bone.l
Fra:0 Mem:2127.96M (Peak 2127.96M) | Time:00:00.05 | Syncing QA:Hip bone.r
Fra:0 Mem:2128.36M (Peak 2128.36M) | Time:00:00.05 | Syncing QA:Humeral head of extensor carpi
Fra:0 Mem:2128.60M (Peak 2128.60M) | Time:00:00.05 | Syncing QA:Humeral head of extensor carpi
Fra:0 Mem:2128.83M (Peak 2128.83M) | Time:00:00.05 | Syncing QA:Humeral head of flexor carpi u
Fra:0 Mem:2129.25M (Peak 2129.25M) | Time:00:00.05 | Syncing QA:Humeral head of flexor carpi u
Fra:0 Mem:2129.67M (Peak 2129.67M) | Time:00:00.05 | Syncing QA:Humero-ulnar head of flexor di
Fra:0 Mem:2130.70M (Peak 2130.75M) | Time:00:00.05 | Syncing QA:Humero-ulnar head of flexor di
Fra:0 Mem:2131.73M (Peak 2131.78M) | Time:00:00.05 | Syncing QA:Humerus.l
Fra:0 Mem:2132.18M (Peak 2132.18M) | Time:00:00.05 | Syncing QA:Humerus.r
Fra:0 Mem:2132.62M (Peak 2132.62M) | Time:00:00.05 | Syncing QA:Hyoglossus muscle.l
Fra:0 Mem:2132.92M (Peak 2132.92M) | Time:00:00.05 | Syncing QA:Hyoglossus muscle.r
Fra:0 Mem:2133.22M (Peak 2133.22M) | Time:00:00.05 | Syncing QA:Hyoid bone
Fra:0 Mem:2133.46M (Peak 2133.46M) | Time:00:00.05 | Syncing QA:Iliacus muscle.l
Fra:0 Mem:2133.91M (Peak 2133.91M) | Time:00:00.05 | Syncing QA:Iliacus muscle.r
Fra:0 Mem:2134.36M (Peak 2134.36M) | Time:00:00.05 | Syncing QA:Iliococcygeus muscle.l
Fra:0 Mem:2134.64M (Peak 2134.64M) | Time:00:00.05 | Syncing QA:Iliococcygeus muscle.r
Fra:0 Mem:2134.93M (Peak 2134.93M) | Time:00:00.05 | Syncing QA:Iliocostalis colli muscle
Fra:0 Mem:2135.22M (Peak 2135.22M) | Time:00:00.05 | Syncing QA:Iliocostalis colli muscle.r
Fra:0 Mem:2135.51M (Peak 2135.51M) | Time:00:00.05 | Syncing QA:Iliocostalis lumborum muscle.l
Fra:0 Mem:2136.35M (Peak 2136.35M) | Time:00:00.05 | Syncing QA:Iliocostalis lumborum muscle.r
Fra:0 Mem:2137.19M (Peak 2137.19M) | Time:00:00.05 | Syncing QA:Iliocostalis thoracis muscle.l
Fra:0 Mem:2137.74M (Peak 2137.74M) | Time:00:00.05 | Syncing QA:Iliocostalis thoracis muscle.r
Fra:0 Mem:2138.29M (Peak 2138.29M) | Time:00:00.05 | Syncing QA:Iliotibial tract.l
Fra:0 Mem:2141.78M (Peak 2141.96M) | Time:00:00.05 | Syncing QA:Iliotibial tract.r
Fra:0 Mem:2145.26M (Peak 2145.45M) | Time:00:00.05 | Syncing QA:Incus.l
Fra:0 Mem:2145.60M (Peak 2145.60M) | Time:00:00.05 | Syncing QA:Incus.r
Fra:0 Mem:2145.93M (Peak 2145.93M) | Time:00:00.05 | Syncing QA:Inferior extensor retinaculum 
Fra:0 Mem:2146.11M (Peak 2146.11M) | Time:00:00.05 | Syncing QA:Inferior extensor retinaculum 
Fra:0 Mem:2146.28M (Peak 2146.28M) | Time:00:00.05 | Syncing QA:Inferior fibular retinaculum.l
Fra:0 Mem:2146.44M (Peak 2146.44M) | Time:00:00.05 | Syncing QA:Inferior fibular retinaculum.r
Fra:0 Mem:2146.59M (Peak 2146.59M) | Time:00:00.05 | Syncing QA:Inferior gemellus muscle.l
Fra:0 Mem:2146.81M (Peak 2146.81M) | Time:00:00.05 | Syncing QA:Inferior gemellus muscle.r
Fra:0 Mem:2147.03M (Peak 2147.03M) | Time:00:00.05 | Syncing QA:Inferior head of lateral ptery
Fra:0 Mem:2147.20M (Peak 2147.20M) | Time:00:00.05 | Syncing QA:Inferior head of lateral ptery
Fra:0 Mem:2147.37M (Peak 2147.37M) | Time:00:00.05 | Syncing QA:Inferior nasal concha bone.l
Fra:0 Mem:2147.56M (Peak 2147.56M) | Time:00:00.05 | Syncing QA:Inferior nasal concha bone.r
Fra:0 Mem:2147.74M (Peak 2147.74M) | Time:00:00.05 | Syncing QA:Inferior oblique muscle.l
Fra:0 Mem:2148.01M (Peak 2148.01M) | Time:00:00.05 | Syncing QA:Inferior oblique muscle.r
Fra:0 Mem:2148.28M (Peak 2148.28M) | Time:00:00.05 | Syncing QA:Inferior pharyngeal constricto
Fra:0 Mem:2148.81M (Peak 2148.81M) | Time:00:00.05 | Syncing QA:Inferior pharyngeal constricto
Fra:0 Mem:2149.34M (Peak 2149.34M) | Time:00:00.05 | Syncing QA:Inferior rectus muscle.l
Fra:0 Mem:2149.67M (Peak 2149.67M) | Time:00:00.05 | Syncing QA:Inferior rectus muscle.r
Fra:0 Mem:2150.00M (Peak 2150.00M) | Time:00:00.06 | Syncing QA:Inferior tarsus.l
Fra:0 Mem:2150.16M (Peak 2150.16M) | Time:00:00.06 | Syncing QA:Inferior tarsus.r
Fra:0 Mem:2150.32M (Peak 2150.32M) | Time:00:00.06 | Syncing QA:Infraspinatus muscle.l
Fra:0 Mem:2150.69M (Peak 2150.69M) | Time:00:00.06 | Syncing QA:Infraspinatus muscle.r
Fra:0 Mem:2151.06M (Peak 2151.06M) | Time:00:00.06 | Syncing QA:Inguinal ligament.l
Fra:0 Mem:2151.28M (Peak 2151.28M) | Time:00:00.06 | Syncing QA:Inguinal ligament.r
Fra:0 Mem:2151.50M (Peak 2151.50M) | Time:00:00.06 | Syncing QA:Innermost intercostal muscles.
Fra:0 Mem:2154.28M (Peak 2154.42M) | Time:00:00.06 | Syncing QA:Innermost intercostal muscles.
Fra:0 Mem:2157.06M (Peak 2157.20M) | Time:00:00.06 | Syncing QA:Intermediate cuneiform bone.l
Fra:0 Mem:2157.24M (Peak 2157.24M) | Time:00:00.06 | Syncing QA:Intermediate cuneiform bone.r
Fra:0 Mem:2157.42M (Peak 2157.42M) | Time:00:00.06 | Syncing QA:Intermediate tendon of digastr
Fra:0 Mem:2157.59M (Peak 2157.59M) | Time:00:00.06 | Syncing QA:Intermediate tendon of digastr
Fra:0 Mem:2157.75M (Peak 2157.75M) | Time:00:00.06 | Syncing QA:Internal abdominal oblique mus
Fra:0 Mem:2159.88M (Peak 2159.88M) | Time:00:00.06 | Syncing QA:Internal abdominal oblique mus
Fra:0 Mem:2162.02M (Peak 2162.02M) | Time:00:00.06 | Syncing QA:Internal intercostal muscles.l
Fra:0 Mem:2164.93M (Peak 2165.08M) | Time:00:00.06 | Syncing QA:Internal intercostal muscles.r
Fra:0 Mem:2167.84M (Peak 2167.99M) | Time:00:00.06 | Syncing QA:Interspinales colli muscles.l
Fra:0 Mem:2168.02M (Peak 2168.02M) | Time:00:00.06 | Syncing QA:Interspinales colli muscles.r
Fra:0 Mem:2168.20M (Peak 2168.20M) | Time:00:00.06 | Syncing QA:Interspinales lumborum muscles
Fra:0 Mem:2168.39M (Peak 2168.39M) | Time:00:00.06 | Syncing QA:Interspinales lumborum muscles
Fra:0 Mem:2168.58M (Peak 2168.58M) | Time:00:00.06 | Syncing QA:Interspinales thoracis muscles
Fra:0 Mem:2168.74M (Peak 2168.74M) | Time:00:00.06 | Syncing QA:Interspinales thoracis muscles
Fra:0 Mem:2168.91M (Peak 2168.91M) | Time:00:00.06 | Syncing QA:Lacrimal bone.l
Fra:0 Mem:2169.10M (Peak 2169.10M) | Time:00:00.06 | Syncing QA:Lacrimal bone.r
Fra:0 Mem:2169.29M (Peak 2169.29M) | Time:00:00.06 | Syncing QA:Lateral crico-arytenoid muscle
Fra:0 Mem:2169.61M (Peak 2169.61M) | Time:00:00.06 | Syncing QA:Lateral crico-arytenoid muscle
Fra:0 Mem:2169.92M (Peak 2169.92M) | Time:00:00.06 | Syncing QA:Lateral cuneiform bone.l
Fra:0 Mem:2170.15M (Peak 2170.15M) | Time:00:00.06 | Syncing QA:Lateral cuneiform bone.r
Fra:0 Mem:2170.34M (Peak 2170.34M) | Time:00:00.06 | Syncing QA:Lateral head of flexor halluci
Fra:0 Mem:2170.56M (Peak 2170.56M) | Time:00:00.06 | Syncing QA:Lateral head of flexor halluci
Fra:0 Mem:2170.78M (Peak 2170.78M) | Time:00:00.06 | Syncing QA:Lateral head of gastrocnemius.
Fra:0 Mem:2171.26M (Peak 2171.26M) | Time:00:00.06 | Syncing QA:Lateral head of gastrocnemius.
Fra:0 Mem:2171.75M (Peak 2171.75M) | Time:00:00.06 | Syncing QA:Lateral head of triceps brachi
Fra:0 Mem:2172.15M (Peak 2172.15M) | Time:00:00.06 | Syncing QA:Lateral head of triceps brachi
Fra:0 Mem:2172.55M (Peak 2172.55M) | Time:00:00.06 | Syncing QA:Lateral patellar retinaculum.l
Fra:0 Mem:2172.71M (Peak 2172.71M) | Time:00:00.06 | Syncing QA:Lateral patellar retinaculum.r
Fra:0 Mem:2172.87M (Peak 2172.87M) | Time:00:00.06 | Syncing QA:Lateral process of nasal septa
Fra:0 Mem:2173.04M (Peak 2173.04M) | Time:00:00.06 | Syncing QA:Lateral process of nasal septa
Fra:0 Mem:2173.22M (Peak 2173.22M) | Time:00:00.06 | Syncing QA:Lateral rectus muscle.l
Fra:0 Mem:2173.53M (Peak 2173.53M) | Time:00:00.06 | Syncing QA:Lateral rectus muscle.r
Fra:0 Mem:2173.85M (Peak 2173.85M) | Time:00:00.06 | Syncing QA:Latissimus dorsi muscle.l
Fra:0 Mem:2175.48M (Peak 2175.48M) | Time:00:00.06 | Syncing QA:Latissimus dorsi muscle.r
Fra:0 Mem:2177.11M (Peak 2177.11M) | Time:00:00.06 | Syncing QA:Levator anguli oris.l
Fra:0 Mem:2177.28M (Peak 2177.28M) | Time:00:00.06 | Syncing QA:Levator anguli oris.r
Fra:0 Mem:2177.46M (Peak 2177.46M) | Time:00:00.06 | Syncing QA:Levator labii superioris.l
Fra:0 Mem:2177.65M (Peak 2177.65M) | Time:00:00.06 | Syncing QA:Levator labii superioris.r
Fra:0 Mem:2177.83M (Peak 2177.83M) | Time:00:00.06 | Syncing QA:Levator nasolabialis.l
Fra:0 Mem:2178.00M (Peak 2178.00M) | Time:00:00.06 | Syncing QA:Levator nasolabialis.r
Fra:0 Mem:2178.16M (Peak 2178.16M) | Time:00:00.06 | Syncing QA:Levator palpebrae superioris.l
Fra:0 Mem:2178.53M (Peak 2178.53M) | Time:00:00.06 | Syncing QA:Levator palpebrae superioris.r
Fra:0 Mem:2178.90M (Peak 2178.90M) | Time:00:00.06 | Syncing QA:Levator scapulae.l
Fra:0 Mem:2179.26M (Peak 2179.26M) | Time:00:00.06 | Syncing QA:Levator scapulae.r
Fra:0 Mem:2179.63M (Peak 2179.63M) | Time:00:00.06 | Syncing QA:Levatores breves costarum.l
Fra:0 Mem:2179.96M (Peak 2179.96M) | Time:00:00.06 | Syncing QA:Levatores breves costarum.r
Fra:0 Mem:2180.30M (Peak 2180.30M) | Time:00:00.06 | Syncing QA:Levatores longi costarum.l
Fra:0 Mem:2180.86M (Peak 2180.86M) | Time:00:00.06 | Syncing QA:Levatores longi costarum.r
Fra:0 Mem:2181.41M (Peak 2181.41M) | Time:00:00.06 | Syncing QA:Linea alba
Fra:0 Mem:2181.59M (Peak 2181.59M) | Time:00:00.06 | Syncing QA:Long head of biceps brachii.l
Fra:0 Mem:2181.96M (Peak 2181.96M) | Time:00:00.06 | Syncing QA:Long head of biceps brachii.r
Fra:0 Mem:2182.33M (Peak 2182.33M) | Time:00:00.06 | Syncing QA:Long head of biceps femoris.l
Fra:0 Mem:2182.98M (Peak 2182.98M) | Time:00:00.06 | Syncing QA:Long head of biceps femoris.r
Fra:0 Mem:2183.63M (Peak 2183.63M) | Time:00:00.06 | Syncing QA:Long head of triceps brachii.l
Fra:0 Mem:2184.05M (Peak 2184.05M) | Time:00:00.06 | Syncing QA:Long head of triceps brachii.r
Fra:0 Mem:2184.47M (Peak 2184.47M) | Time:00:00.06 | Syncing QA:Longissimus capitis muscle.l
Fra:0 Mem:2184.73M (Peak 2184.73M) | Time:00:00.06 | Syncing QA:Longissimus capitis muscle.r
Fra:0 Mem:2184.99M (Peak 2184.99M) | Time:00:00.06 | Syncing QA:Longissimus colli muscle.l
Fra:0 Mem:2185.26M (Peak 2185.26M) | Time:00:00.06 | Syncing QA:Longissimus colli muscle.r
Fra:0 Mem:2185.54M (Peak 2185.54M) | Time:00:00.06 | Syncing QA:Longissimus thoracis muscle.l
Fra:0 Mem:2186.35M (Peak 2186.35M) | Time:00:00.06 | Syncing QA:Longissimus thoracis muscle.r
Fra:0 Mem:2187.17M (Peak 2187.17M) | Time:00:00.06 | Syncing QA:Longus capitis muscle.l
Fra:0 Mem:2187.45M (Peak 2187.45M) | Time:00:00.06 | Syncing QA:Longus capitis muscle.r
Fra:0 Mem:2187.74M (Peak 2187.74M) | Time:00:00.06 | Syncing QA:Longus colli muscle.l
Fra:0 Mem:2188.32M (Peak 2188.32M) | Time:00:00.06 | Syncing QA:Longus colli muscle.r
Fra:0 Mem:2188.91M (Peak 2188.91M) | Time:00:00.06 | Syncing QA:Lower canine.l
Fra:0 Mem:2189.14M (Peak 2189.14M) | Time:00:00.06 | Syncing QA:Lower canine.r
Fra:0 Mem:2189.38M (Peak 2189.38M) | Time:00:00.06 | Syncing QA:Lower first molar tooth.l
Fra:0 Mem:2189.84M (Peak 2189.84M) | Time:00:00.06 | Syncing QA:Lower first molar tooth.r
Fra:0 Mem:2190.30M (Peak 2190.30M) | Time:00:00.06 | Syncing QA:Lower first premolar.l
Fra:0 Mem:2190.53M (Peak 2190.53M) | Time:00:00.06 | Syncing QA:Lower first premolar.r
Fra:0 Mem:2190.77M (Peak 2190.77M) | Time:00:00.06 | Syncing QA:Lower lateral incisor.l
Fra:0 Mem:2190.99M (Peak 2190.99M) | Time:00:00.06 | Syncing QA:Lower lateral incisor.r
Fra:0 Mem:2191.21M (Peak 2191.21M) | Time:00:00.06 | Syncing QA:Lower medial incisor.l
Fra:0 Mem:2191.43M (Peak 2191.43M) | Time:00:00.06 | Syncing QA:Lower medial incisor.r
Fra:0 Mem:2191.65M (Peak 2191.65M) | Time:00:00.06 | Syncing QA:Lower second molar tooth.l
Fra:0 Mem:2191.91M (Peak 2191.91M) | Time:00:00.06 | Syncing QA:Lower second molar tooth.r
Fra:0 Mem:2192.18M (Peak 2192.18M) | Time:00:00.06 | Syncing QA:Lower second premolar.l
Fra:0 Mem:2192.41M (Peak 2192.41M) | Time:00:00.06 | Syncing QA:Lower second premolar.r
Fra:0 Mem:2192.64M (Peak 2192.64M) | Time:00:00.06 | Syncing QA:Lumbrical muscles of foot.l
Fra:0 Mem:2192.82M (Peak 2192.82M) | Time:00:00.06 | Syncing QA:Lumbrical muscles of foot.r
Fra:0 Mem:2193.00M (Peak 2193.00M) | Time:00:00.06 | Syncing QA:Lumbrical muscles of hand.l
Fra:0 Mem:2193.24M (Peak 2193.24M) | Time:00:00.06 | Syncing QA:Lumbrical muscles of hand.r
Fra:0 Mem:2193.49M (Peak 2193.49M) | Time:00:00.06 | Syncing QA:Lunate bone.l
Fra:0 Mem:2193.74M (Peak 2193.74M) | Time:00:00.06 | Syncing QA:Lunate bone.r
Fra:0 Mem:2194.00M (Peak 2194.00M) | Time:00:00.06 | Syncing QA:Major alar cartilage.l
Fra:0 Mem:2194.17M (Peak 2194.17M) | Time:00:00.06 | Syncing QA:Major alar cartilage.r
Fra:0 Mem:2194.34M (Peak 2194.34M) | Time:00:00.06 | Syncing QA:Malleus.l
Fra:0 Mem:2194.78M (Peak 2194.78M) | Time:00:00.06 | Syncing QA:Malleus.r
Fra:0 Mem:2195.22M (Peak 2195.22M) | Time:00:00.06 | Syncing QA:Mandible
Fra:0 Mem:2196.67M (Peak 2196.67M) | Time:00:00.06 | Syncing QA:Manubrium of sternum
Fra:0 Mem:2197.00M (Peak 2197.00M) | Time:00:00.06 | Syncing QA:Maxilla.l
Fra:0 Mem:2197.48M (Peak 2197.48M) | Time:00:00.06 | Syncing QA:Maxilla.r
Fra:0 Mem:2197.96M (Peak 2197.96M) | Time:00:00.06 | Syncing QA:Medial cuneiform bone.l
Fra:0 Mem:2198.18M (Peak 2198.18M) | Time:00:00.06 | Syncing QA:Medial cuneiform bone.r
Fra:0 Mem:2198.40M (Peak 2198.40M) | Time:00:00.07 | Syncing QA:Medial head of flexor hallucis
Fra:0 Mem:2198.58M (Peak 2198.58M) | Time:00:00.07 | Syncing QA:Medial head of flexor hallucis
Fra:0 Mem:2198.77M (Peak 2198.77M) | Time:00:00.07 | Syncing QA:Medial head of gastrocnemius.l
Fra:0 Mem:2199.36M (Peak 2199.36M) | Time:00:00.07 | Syncing QA:Medial head of gastrocnemius.r
Fra:0 Mem:2199.96M (Peak 2199.96M) | Time:00:00.07 | Syncing QA:Medial head of triceps brachii
Fra:0 Mem:2200.29M (Peak 2200.29M) | Time:00:00.07 | Syncing QA:Medial head of triceps brachii
Fra:0 Mem:2200.63M (Peak 2200.63M) | Time:00:00.07 | Syncing QA:Medial patellar retinaculum.l
Fra:0 Mem:2200.79M (Peak 2200.79M) | Time:00:00.07 | Syncing QA:Medial patellar retinaculum.r
Fra:0 Mem:2200.95M (Peak 2200.95M) | Time:00:00.07 | Syncing QA:Medial pterygoid muscle.l
Fra:0 Mem:2201.13M (Peak 2201.13M) | Time:00:00.07 | Syncing QA:Medial pterygoid muscle.r
Fra:0 Mem:2201.32M (Peak 2201.32M) | Time:00:00.07 | Syncing QA:Medial rectus muscle.l
Fra:0 Mem:2201.60M (Peak 2201.60M) | Time:00:00.07 | Syncing QA:Medial rectus muscle.r
Fra:0 Mem:2201.88M (Peak 2201.88M) | Time:00:00.07 | Syncing QA:Mentalis muscle.l
Fra:0 Mem:2202.04M (Peak 2202.04M) | Time:00:00.07 | Syncing QA:Mentalis muscle.r
Fra:0 Mem:2202.20M (Peak 2202.20M) | Time:00:00.07 | Syncing QA:Middle cells of ethmoid bone.l
Fra:0 Mem:2202.40M (Peak 2202.40M) | Time:00:00.07 | Syncing QA:Middle cells of ethmoid bone.r
Fra:0 Mem:2202.60M (Peak 2202.60M) | Time:00:00.07 | Syncing QA:Middle phalanx of fifth finger
Fra:0 Mem:2202.76M (Peak 2202.76M) | Time:00:00.07 | Syncing QA:Middle phalanx of fifth finger
Fra:0 Mem:2202.93M (Peak 2202.93M) | Time:00:00.07 | Syncing QA:Middle phalanx of fifth finger
Fra:0 Mem:2203.10M (Peak 2203.10M) | Time:00:00.07 | Syncing QA:Middle phalanx of fifth finger
Fra:0 Mem:2203.27M (Peak 2203.27M) | Time:00:00.07 | Syncing QA:Middle phalanx of fourth finge
Fra:0 Mem:2203.45M (Peak 2203.45M) | Time:00:00.07 | Syncing QA:Middle phalanx of fourth finge
Fra:0 Mem:2203.63M (Peak 2203.63M) | Time:00:00.07 | Syncing QA:Middle phalanx of fourth finge
Fra:0 Mem:2203.81M (Peak 2203.81M) | Time:00:00.07 | Syncing QA:Middle phalanx of fourth finge
Fra:0 Mem:2203.99M (Peak 2203.99M) | Time:00:00.07 | Syncing QA:Middle phalanx of second finge
Fra:0 Mem:2204.16M (Peak 2204.16M) | Time:00:00.07 | Syncing QA:Middle phalanx of second finge
Fra:0 Mem:2204.34M (Peak 2204.34M) | Time:00:00.07 | Syncing QA:Middle phalanx of second finge
Fra:0 Mem:2204.51M (Peak 2204.51M) | Time:00:00.07 | Syncing QA:Middle phalanx of second finge
Fra:0 Mem:2204.68M (Peak 2204.68M) | Time:00:00.07 | Syncing QA:Middle phalanx of third finger
Fra:0 Mem:2204.86M (Peak 2204.86M) | Time:00:00.07 | Syncing QA:Middle phalanx of third finger
Fra:0 Mem:2205.04M (Peak 2205.04M) | Time:00:00.07 | Syncing QA:Middle phalanx of third finger
Fra:0 Mem:2205.21M (Peak 2205.21M) | Time:00:00.07 | Syncing QA:Middle phalanx of third finger
Fra:0 Mem:2205.39M (Peak 2205.39M) | Time:00:00.07 | Syncing QA:Middle pharyngeal constrictor.
Fra:0 Mem:2205.84M (Peak 2205.84M) | Time:00:00.07 | Syncing QA:Middle pharyngeal constrictor.
Fra:0 Mem:2206.29M (Peak 2206.29M) | Time:00:00.07 | Syncing QA:Multifidus colli muscle.l
Fra:0 Mem:2206.54M (Peak 2206.54M) | Time:00:00.07 | Syncing QA:Multifidus colli muscle.r
Fra:0 Mem:2206.79M (Peak 2206.79M) | Time:00:00.07 | Syncing QA:Multifidus lumborum muscle.l
Fra:0 Mem:2207.13M (Peak 2207.13M) | Time:00:00.07 | Syncing QA:Multifidus lumborum muscle.r
Fra:0 Mem:2207.47M (Peak 2207.47M) | Time:00:00.07 | Syncing QA:Multifidus thoracis muscle.l
Fra:0 Mem:2207.89M (Peak 2207.89M) | Time:00:00.07 | Syncing QA:Multifidus thoracis muscle.r
Fra:0 Mem:2208.31M (Peak 2208.31M) | Time:00:00.07 | Syncing QA:Mylohyoid muscle.l
Fra:0 Mem:2208.54M (Peak 2208.54M) | Time:00:00.07 | Syncing QA:Mylohyoid muscle.r
Fra:0 Mem:2208.77M (Peak 2208.77M) | Time:00:00.07 | Syncing QA:Nasal bone.l
Fra:0 Mem:2208.94M (Peak 2208.94M) | Time:00:00.07 | Syncing QA:Nasal bone.r
Fra:0 Mem:2209.11M (Peak 2209.11M) | Time:00:00.07 | Syncing QA:Nasal septal cartilage
Fra:0 Mem:2209.28M (Peak 2209.28M) | Time:00:00.07 | Syncing QA:Nasalis muscle.l
Fra:0 Mem:2209.48M (Peak 2209.48M) | Time:00:00.07 | Syncing QA:Nasalis muscle.r
Fra:0 Mem:2209.68M (Peak 2209.68M) | Time:00:00.07 | Syncing QA:Navicular bone.l
Fra:0 Mem:2209.88M (Peak 2209.88M) | Time:00:00.07 | Syncing QA:Navicular bone.r
Fra:0 Mem:2210.08M (Peak 2210.08M) | Time:00:00.07 | Syncing QA:Ninth rib.l
Fra:0 Mem:2210.77M (Peak 2210.77M) | Time:00:00.07 | Syncing QA:Ninth rib.r
Fra:0 Mem:2211.45M (Peak 2211.45M) | Time:00:00.07 | Syncing QA:Oblique head of adductor hallu
Fra:0 Mem:2211.66M (Peak 2211.66M) | Time:00:00.07 | Syncing QA:Oblique head of adductor hallu
Fra:0 Mem:2211.88M (Peak 2211.88M) | Time:00:00.07 | Syncing QA:Oblique head of adductor polli
Fra:0 Mem:2212.06M (Peak 2212.06M) | Time:00:00.07 | Syncing QA:Oblique head of adductor polli
Fra:0 Mem:2212.24M (Peak 2212.24M) | Time:00:00.07 | Syncing QA:Oblique part of cricothyroid m
Fra:0 Mem:2212.60M (Peak 2212.60M) | Time:00:00.07 | Syncing QA:Oblique part of cricothyroid m
Fra:0 Mem:2212.96M (Peak 2212.96M) | Time:00:00.07 | Syncing QA:Obliquus inferior capitis musc
Fra:0 Mem:2213.15M (Peak 2213.15M) | Time:00:00.07 | Syncing QA:Obliquus inferior capitis musc
Fra:0 Mem:2213.34M (Peak 2213.34M) | Time:00:00.07 | Syncing QA:Obliquus superior capitis musc
Fra:0 Mem:2213.53M (Peak 2213.53M) | Time:00:00.07 | Syncing QA:Obliquus superior capitis musc
Fra:0 Mem:2213.73M (Peak 2213.73M) | Time:00:00.07 | Syncing QA:Obturator externus.l
Fra:0 Mem:2213.96M (Peak 2213.96M) | Time:00:00.07 | Syncing QA:Obturator externus.r
Fra:0 Mem:2214.19M (Peak 2214.19M) | Time:00:00.07 | Syncing QA:Obturator internus.l
Fra:0 Mem:2214.60M (Peak 2214.60M) | Time:00:00.07 | Syncing QA:Obturator internus.r
Fra:0 Mem:2215.01M (Peak 2215.01M) | Time:00:00.07 | Syncing QA:Occipital bone
Fra:0 Mem:2215.67M (Peak 2215.67M) | Time:00:00.07 | Syncing QA:Occipitalis muscle.l
Fra:0 Mem:2216.00M (Peak 2216.00M) | Time:00:00.07 | Syncing QA:Occipitalis muscle.r
Fra:0 Mem:2216.33M (Peak 2216.33M) | Time:00:00.07 | Syncing QA:Omohyoid muscle.l
Fra:0 Mem:2216.67M (Peak 2216.67M) | Time:00:00.07 | Syncing QA:Omohyoid muscle.r
Fra:0 Mem:2217.00M (Peak 2217.00M) | Time:00:00.07 | Syncing QA:Opponens digiti minimi muscle 
Fra:0 Mem:2217.18M (Peak 2217.18M) | Time:00:00.07 | Syncing QA:Opponens digiti minimi muscle 
Fra:0 Mem:2217.36M (Peak 2217.36M) | Time:00:00.07 | Syncing QA:Opponens pollicis muscle.l
Fra:0 Mem:2217.54M (Peak 2217.54M) | Time:00:00.07 | Syncing QA:Opponens pollicis muscle.r
Fra:0 Mem:2217.72M (Peak 2217.72M) | Time:00:00.07 | Syncing QA:Orbicularis oris muscle.l
Fra:0 Mem:2218.00M (Peak 2218.00M) | Time:00:00.07 | Syncing QA:Orbicularis oris muscle.r
Fra:0 Mem:2218.28M (Peak 2218.28M) | Time:00:00.07 | Syncing QA:Orbital part of orbicularis oc
Fra:0 Mem:2218.59M (Peak 2218.59M) | Time:00:00.07 | Syncing QA:Orbital part of orbicularis oc
Fra:0 Mem:2218.91M (Peak 2218.91M) | Time:00:00.07 | Syncing QA:Palatine bone.l
Fra:0 Mem:2219.16M (Peak 2219.16M) | Time:00:00.07 | Syncing QA:Palatine bone.r
Fra:0 Mem:2219.41M (Peak 2219.41M) | Time:00:00.07 | Syncing QA:Palatopharyngeus muscle.l
Fra:0 Mem:2221.13M (Peak 2221.48M) | Time:00:00.07 | Syncing QA:Palatopharyngeus muscle.r
Fra:0 Mem:2222.86M (Peak 2223.20M) | Time:00:00.07 | Syncing QA:Palmar interossei muscles.l
Fra:0 Mem:2223.02M (Peak 2223.20M) | Time:00:00.07 | Syncing QA:Palmar interossei muscles.r
Fra:0 Mem:2223.18M (Peak 2223.20M) | Time:00:00.07 | Syncing QA:Palmaris longus muscle.l
Fra:0 Mem:2223.63M (Peak 2223.63M) | Time:00:00.07 | Syncing QA:Palmaris longus muscle.r
Fra:0 Mem:2224.08M (Peak 2224.08M) | Time:00:00.07 | Syncing QA:Palpebral part of orbicularis 
Fra:0 Mem:2224.29M (Peak 2224.29M) | Time:00:00.07 | Syncing QA:Palpebral part of orbicularis 
Fra:0 Mem:2224.50M (Peak 2224.50M) | Time:00:00.07 | Syncing QA:Parietal bone.l
Fra:0 Mem:2225.12M (Peak 2225.12M) | Time:00:00.07 | Syncing QA:Parietal bone.r
Fra:0 Mem:2225.74M (Peak 2225.74M) | Time:00:00.07 | Syncing QA:Patella.l
Fra:0 Mem:2225.91M (Peak 2225.91M) | Time:00:00.07 | Syncing QA:Patella.r
Fra:0 Mem:2226.07M (Peak 2226.07M) | Time:00:00.07 | Syncing QA:Pectineus muscle.l
Fra:0 Mem:2226.36M (Peak 2226.36M) | Time:00:00.07 | Syncing QA:Pectineus muscle.r
Fra:0 Mem:2226.64M (Peak 2226.64M) | Time:00:00.07 | Syncing QA:Pectoralis minor muscle.l
Fra:0 Mem:2227.08M (Peak 2227.08M) | Time:00:00.07 | Syncing QA:Pectoralis minor muscle.r
Fra:0 Mem:2227.51M (Peak 2227.51M) | Time:00:00.07 | Syncing QA:Piriformis muscle.l
Fra:0 Mem:2227.77M (Peak 2227.77M) | Time:00:00.07 | Syncing QA:Piriformis muscle.r
Fra:0 Mem:2228.02M (Peak 2228.02M) | Time:00:00.07 | Syncing QA:Pisiform bone.l
Fra:0 Mem:2228.25M (Peak 2228.25M) | Time:00:00.07 | Syncing QA:Pisiform bone.r
Fra:0 Mem:2228.49M (Peak 2228.49M) | Time:00:00.07 | Syncing QA:Plantar aponeurosis.l
Fra:0 Mem:2228.67M (Peak 2228.67M) | Time:00:00.07 | Syncing QA:Plantar aponeurosis.r
Fra:0 Mem:2228.85M (Peak 2228.85M) | Time:00:00.07 | Syncing QA:Plantar interossei muscles.l
Fra:0 Mem:2229.08M (Peak 2229.08M) | Time:00:00.07 | Syncing QA:Plantar interossei muscles.r
Fra:0 Mem:2229.32M (Peak 2229.32M) | Time:00:00.07 | Syncing QA:Plantaris muscle.l
Fra:0 Mem:2229.79M (Peak 2229.79M) | Time:00:00.07 | Syncing QA:Plantaris muscle.r
Fra:0 Mem:2230.27M (Peak 2230.27M) | Time:00:00.07 | Syncing QA:Platysma.l
Fra:0 Mem:2230.87M (Peak 2230.87M) | Time:00:00.07 | Syncing QA:Platysma.r
Fra:0 Mem:2231.47M (Peak 2231.47M) | Time:00:00.07 | Syncing QA:Popliteus muscle.l
Fra:0 Mem:2231.70M (Peak 2231.70M) | Time:00:00.07 | Syncing QA:Popliteus muscle.r
Fra:0 Mem:2231.92M (Peak 2231.92M) | Time:00:00.07 | Syncing QA:Posterior belly of digastric m
Fra:0 Mem:2232.16M (Peak 2232.16M) | Time:00:00.07 | Syncing QA:Posterior belly of digastric m
Fra:0 Mem:2232.40M (Peak 2232.40M) | Time:00:00.07 | Syncing QA:Posterior cells of ethmoid bon
Fra:0 Mem:2232.61M (Peak 2232.61M) | Time:00:00.07 | Syncing QA:Posterior cells of ethmoid bon
Fra:0 Mem:2232.82M (Peak 2232.82M) | Time:00:00.07 | Syncing QA:Posterior crico-arytenoid musc
Fra:0 Mem:2233.16M (Peak 2233.16M) | Time:00:00.07 | Syncing QA:Posterior crico-arytenoid musc
Fra:0 Mem:2233.50M (Peak 2233.50M) | Time:00:00.07 | Syncing QA:Procerus muscle.l
Fra:0 Mem:2233.68M (Peak 2233.68M) | Time:00:00.07 | Syncing QA:Procerus muscle.r
Fra:0 Mem:2233.87M (Peak 2233.87M) | Time:00:00.07 | Syncing QA:Pronator quadratus.l
Fra:0 Mem:2234.09M (Peak 2234.09M) | Time:00:00.07 | Syncing QA:Pronator quadratus.r
Fra:0 Mem:2234.31M (Peak 2234.31M) | Time:00:00.07 | Syncing QA:Proximal phalanx of fifth fing
Fra:0 Mem:2234.50M (Peak 2234.50M) | Time:00:00.07 | Syncing QA:Proximal phalanx of fifth fing
Fra:0 Mem:2234.69M (Peak 2234.69M) | Time:00:00.07 | Syncing QA:Proximal phalanx of fifth fing
Fra:0 Mem:2234.87M (Peak 2234.87M) | Time:00:00.08 | Syncing QA:Proximal phalanx of fifth fing
Fra:0 Mem:2235.06M (Peak 2235.06M) | Time:00:00.08 | Syncing QA:Proximal phalanx of first fing
Fra:0 Mem:2235.25M (Peak 2235.25M) | Time:00:00.08 | Syncing QA:Proximal phalanx of first fing
Fra:0 Mem:2235.44M (Peak 2235.44M) | Time:00:00.08 | Syncing QA:Proximal phalanx of first fing
Fra:0 Mem:2235.61M (Peak 2235.61M) | Time:00:00.08 | Syncing QA:Proximal phalanx of first fing
Fra:0 Mem:2235.78M (Peak 2235.78M) | Time:00:00.08 | Syncing QA:Proximal phalanx of fourth fin
Fra:0 Mem:2236.07M (Peak 2236.07M) | Time:00:00.08 | Syncing QA:Proximal phalanx of fourth fin
Fra:0 Mem:2236.26M (Peak 2236.26M) | Time:00:00.08 | Syncing QA:Proximal phalanx of fourth fin
Fra:0 Mem:2236.44M (Peak 2236.44M) | Time:00:00.08 | Syncing QA:Proximal phalanx of fourth fin
Fra:0 Mem:2236.62M (Peak 2236.62M) | Time:00:00.08 | Syncing QA:Proximal phalanx of second fin
Fra:0 Mem:2236.80M (Peak 2236.80M) | Time:00:00.08 | Syncing QA:Proximal phalanx of second fin
Fra:0 Mem:2236.98M (Peak 2236.98M) | Time:00:00.08 | Syncing QA:Proximal phalanx of second fin
Fra:0 Mem:2237.16M (Peak 2237.16M) | Time:00:00.08 | Syncing QA:Proximal phalanx of second fin
Fra:0 Mem:2237.34M (Peak 2237.34M) | Time:00:00.08 | Syncing QA:Proximal phalanx of third fing
Fra:0 Mem:2237.52M (Peak 2237.52M) | Time:00:00.08 | Syncing QA:Proximal phalanx of third fing
Fra:0 Mem:2237.70M (Peak 2237.70M) | Time:00:00.08 | Syncing QA:Proximal phalanx of third fing
Fra:0 Mem:2237.88M (Peak 2237.88M) | Time:00:00.08 | Syncing QA:Proximal phalanx of third fing
Fra:0 Mem:2238.06M (Peak 2238.06M) | Time:00:00.08 | Syncing QA:Psoas major.l
Fra:0 Mem:2238.59M (Peak 2238.59M) | Time:00:00.08 | Syncing QA:Psoas major.r
Fra:0 Mem:2239.12M (Peak 2239.12M) | Time:00:00.08 | Syncing QA:Pubo-analis muscle.l
Fra:0 Mem:2239.37M (Peak 2239.37M) | Time:00:00.08 | Syncing QA:Pubo-analis muscle.r
Fra:0 Mem:2239.61M (Peak 2239.61M) | Time:00:00.08 | Syncing QA:Pubococcygeus muscle.l
Fra:0 Mem:2239.94M (Peak 2239.94M) | Time:00:00.08 | Syncing QA:Pubococcygeus muscle.r
Fra:0 Mem:2240.26M (Peak 2240.26M) | Time:00:00.08 | Syncing QA:Pyramidalis muscle.l
Fra:0 Mem:2240.49M (Peak 2240.49M) | Time:00:00.08 | Syncing QA:Pyramidalis muscle.r
Fra:0 Mem:2240.71M (Peak 2240.71M) | Time:00:00.08 | Syncing QA:Quadratus femoris muscle.l
Fra:0 Mem:2240.98M (Peak 2240.98M) | Time:00:00.08 | Syncing QA:Quadratus femoris muscle.r
Fra:0 Mem:2241.24M (Peak 2241.24M) | Time:00:00.08 | Syncing QA:Quadratus lumborum muscle.l
Fra:0 Mem:2241.59M (Peak 2241.59M) | Time:00:00.08 | Syncing QA:Quadratus lumborum muscle.r
Fra:0 Mem:2241.93M (Peak 2241.93M) | Time:00:00.08 | Syncing QA:Quadratus plantae muscle.l
Fra:0 Mem:2242.16M (Peak 2242.16M) | Time:00:00.08 | Syncing QA:Quadratus plantae muscle.r
Fra:0 Mem:2242.39M (Peak 2242.39M) | Time:00:00.08 | Syncing QA:Radial head of flexor digitoru
Fra:0 Mem:2242.63M (Peak 2242.63M) | Time:00:00.08 | Syncing QA:Radial head of flexor digitoru
Fra:0 Mem:2242.87M (Peak 2242.87M) | Time:00:00.08 | Syncing QA:Radius.l
Fra:0 Mem:2243.07M (Peak 2243.07M) | Time:00:00.08 | Syncing QA:Radius.r
Fra:0 Mem:2243.27M (Peak 2243.27M) | Time:00:00.08 | Syncing QA:Rectus abdominis muscle.l
Fra:0 Mem:2244.84M (Peak 2244.84M) | Time:00:00.08 | Syncing QA:Rectus abdominis muscle.r
Fra:0 Mem:2246.41M (Peak 2246.41M) | Time:00:00.08 | Syncing QA:Rectus anterior capitis muscle
Fra:0 Mem:2246.58M (Peak 2246.58M) | Time:00:00.08 | Syncing QA:Rectus anterior capitis muscle
Fra:0 Mem:2246.76M (Peak 2246.76M) | Time:00:00.08 | Syncing QA:Rectus femoris muscle.l
Fra:0 Mem:2247.48M (Peak 2247.48M) | Time:00:00.08 | Syncing QA:Rectus femoris muscle.r
Fra:0 Mem:2248.20M (Peak 2248.20M) | Time:00:00.08 | Syncing QA:Rectus lateralis capitis muscl
Fra:0 Mem:2248.37M (Peak 2248.37M) | Time:00:00.08 | Syncing QA:Rectus lateralis capitis muscl
Fra:0 Mem:2248.55M (Peak 2248.55M) | Time:00:00.08 | Syncing QA:Rectus posterior major capitis
Fra:0 Mem:2248.75M (Peak 2248.75M) | Time:00:00.08 | Syncing QA:Rectus posterior major capitis
Fra:0 Mem:2248.96M (Peak 2248.96M) | Time:00:00.08 | Syncing QA:Rectus posterior minor capitis
Fra:0 Mem:2249.14M (Peak 2249.14M) | Time:00:00.08 | Syncing QA:Rectus posterior minor capitis
Fra:0 Mem:2249.32M (Peak 2249.32M) | Time:00:00.08 | Syncing QA:Rhomboid major muscle.l
Fra:0 Mem:2249.80M (Peak 2249.80M) | Time:00:00.08 | Syncing QA:Rhomboid major muscle.r
Fra:0 Mem:2250.28M (Peak 2250.28M) | Time:00:00.08 | Syncing QA:Rhomboid minor muscle.l
Fra:0 Mem:2250.53M (Peak 2250.53M) | Time:00:00.08 | Syncing QA:Rhomboid minor muscle.r
Fra:0 Mem:2250.79M (Peak 2250.79M) | Time:00:00.08 | Syncing QA:Risorius muscle.l
Fra:0 Mem:2250.98M (Peak 2250.98M) | Time:00:00.08 | Syncing QA:Risorius muscle.r
Fra:0 Mem:2251.17M (Peak 2251.17M) | Time:00:00.08 | Syncing QA:Rotatores.l
Fra:0 Mem:2251.77M (Peak 2251.77M) | Time:00:00.08 | Syncing QA:Rotatores.r
Fra:0 Mem:2252.36M (Peak 2252.36M) | Time:00:00.08 | Syncing QA:Sacrum
Fra:0 Mem:2253.20M (Peak 2253.20M) | Time:00:00.08 | Syncing QA:Sartorius muscle.l
Fra:0 Mem:2253.69M (Peak 2253.69M) | Time:00:00.08 | Syncing QA:Sartorius muscle.r
Fra:0 Mem:2254.18M (Peak 2254.18M) | Time:00:00.08 | Syncing QA:Scalenus anterior muscle.l
Fra:0 Mem:2254.43M (Peak 2254.43M) | Time:00:00.08 | Syncing QA:Scalenus anterior muscle.r
Fra:0 Mem:2254.67M (Peak 2254.67M) | Time:00:00.08 | Syncing QA:Scalenus medius muscle.l
Fra:0 Mem:2254.96M (Peak 2254.96M) | Time:00:00.08 | Syncing QA:Scalenus medius muscle.r
Fra:0 Mem:2255.26M (Peak 2255.26M) | Time:00:00.08 | Syncing QA:Scalenus posterior muscle.l
Fra:0 Mem:2255.50M (Peak 2255.50M) | Time:00:00.08 | Syncing QA:Scalenus posterior muscle.r
Fra:0 Mem:2255.74M (Peak 2255.74M) | Time:00:00.08 | Syncing QA:Scaphoid bone.l
Fra:0 Mem:2255.92M (Peak 2255.92M) | Time:00:00.08 | Syncing QA:Scaphoid bone.r
Fra:0 Mem:2256.10M (Peak 2256.10M) | Time:00:00.08 | Syncing QA:Scapula.l
Fra:0 Mem:2257.98M (Peak 2257.98M) | Time:00:00.08 | Syncing QA:Scapula.r
Fra:0 Mem:2259.87M (Peak 2259.87M) | Time:00:00.08 | Syncing QA:Scapular spinal part of deltoi
Fra:0 Mem:2260.32M (Peak 2260.32M) | Time:00:00.08 | Syncing QA:Scapular spinal part of deltoi
Fra:0 Mem:2260.77M (Peak 2260.77M) | Time:00:00.08 | Syncing QA:Second metacarpal bone.l
Fra:0 Mem:2260.98M (Peak 2260.98M) | Time:00:00.08 | Syncing QA:Second metacarpal bone.r
Fra:0 Mem:2261.18M (Peak 2261.18M) | Time:00:00.08 | Syncing QA:Second metatarsal bone.l
Fra:0 Mem:2261.38M (Peak 2261.38M) | Time:00:00.08 | Syncing QA:Second metatarsal bone.r
Fra:0 Mem:2261.58M (Peak 2261.58M) | Time:00:00.08 | Syncing QA:Second rib.l
Fra:0 Mem:2262.09M (Peak 2262.09M) | Time:00:00.08 | Syncing QA:Second rib.r
Fra:0 Mem:2262.61M (Peak 2262.61M) | Time:00:00.08 | Syncing QA:Semimembranosus muscle.l
Fra:0 Mem:2263.27M (Peak 2263.27M) | Time:00:00.08 | Syncing QA:Semimembranosus muscle.r
Fra:0 Mem:2263.94M (Peak 2263.94M) | Time:00:00.08 | Syncing QA:Semispinalis colli muscle.l
Fra:0 Mem:2264.26M (Peak 2264.26M) | Time:00:00.08 | Syncing QA:Semispinalis colli muscle.r
Fra:0 Mem:2264.59M (Peak 2264.59M) | Time:00:00.08 | Syncing QA:Semispinalis thoracis muscle.l
Fra:0 Mem:2265.08M (Peak 2265.08M) | Time:00:00.08 | Syncing QA:Semispinalis thoracis muscle.r
Fra:0 Mem:2265.58M (Peak 2265.58M) | Time:00:00.08 | Syncing QA:Semitendinosus muscle.l
Fra:0 Mem:2266.02M (Peak 2266.02M) | Time:00:00.08 | Syncing QA:Semitendinosus muscle.r
Fra:0 Mem:2266.47M (Peak 2266.47M) | Time:00:00.08 | Syncing QA:Serratus anterior muscle.l
Fra:0 Mem:2268.35M (Peak 2268.35M) | Time:00:00.08 | Syncing QA:Serratus anterior muscle.r
Fra:0 Mem:2270.24M (Peak 2270.24M) | Time:00:00.08 | Syncing QA:Serratus posterior inferior mu
Fra:0 Mem:2271.00M (Peak 2271.00M) | Time:00:00.08 | Syncing QA:Serratus posterior inferior mu
Fra:0 Mem:2271.77M (Peak 2271.77M) | Time:00:00.08 | Syncing QA:Serratus posterior superior mu
Fra:0 Mem:2272.30M (Peak 2272.30M) | Time:00:00.08 | Syncing QA:Serratus posterior superior mu
Fra:0 Mem:2272.83M (Peak 2272.83M) | Time:00:00.08 | Syncing QA:Sesamoid bones of foot.l
Fra:0 Mem:2273.00M (Peak 2273.00M) | Time:00:00.08 | Syncing QA:Sesamoid bones of foot.r
Fra:0 Mem:2273.17M (Peak 2273.17M) | Time:00:00.08 | Syncing QA:Seventh rib.l
Fra:0 Mem:2273.99M (Peak 2273.99M) | Time:00:00.08 | Syncing QA:Seventh rib.r
Fra:0 Mem:2274.81M (Peak 2274.81M) | Time:00:00.08 | Syncing QA:Short head of biceps brachii.l
Fra:0 Mem:2275.14M (Peak 2275.14M) | Time:00:00.08 | Syncing QA:Short head of biceps brachii.r
Fra:0 Mem:2275.48M (Peak 2275.48M) | Time:00:00.08 | Syncing QA:Short head of biceps femoris.l
Fra:0 Mem:2275.80M (Peak 2275.80M) | Time:00:00.08 | Syncing QA:Short head of biceps femoris.r
Fra:0 Mem:2276.12M (Peak 2276.12M) | Time:00:00.08 | Syncing QA:Sinus of frontal bone
Fra:0 Mem:2276.35M (Peak 2276.35M) | Time:00:00.08 | Syncing QA:Sinus of sphenoid bone
Fra:0 Mem:2276.52M (Peak 2276.52M) | Time:00:00.08 | Syncing QA:Sixth rib.l
Fra:0 Mem:2277.37M (Peak 2277.37M) | Time:00:00.08 | Syncing QA:Sixth rib.r
Fra:0 Mem:2278.21M (Peak 2278.21M) | Time:00:00.08 | Syncing QA:Soleus muscle.l
Fra:0 Mem:2278.83M (Peak 2278.83M) | Time:00:00.08 | Syncing QA:Soleus muscle.r
Fra:0 Mem:2279.44M (Peak 2279.44M) | Time:00:00.08 | Syncing QA:Sphenoid bone
Fra:0 Mem:2280.10M (Peak 2280.10M) | Time:00:00.08 | Syncing QA:Spinalis capitis muscle.l
Fra:0 Mem:2280.42M (Peak 2280.42M) | Time:00:00.08 | Syncing QA:Spinalis capitis muscle.r
Fra:0 Mem:2280.75M (Peak 2280.75M) | Time:00:00.08 | Syncing QA:Spinalis colli muscle.l
Fra:0 Mem:2280.94M (Peak 2280.94M) | Time:00:00.08 | Syncing QA:Spinalis colli muscle.r
Fra:0 Mem:2281.13M (Peak 2281.13M) | Time:00:00.08 | Syncing QA:Spinalis thoracis muscle.l
Fra:0 Mem:2281.66M (Peak 2281.66M) | Time:00:00.08 | Syncing QA:Spinalis thoracis muscle.r
Fra:0 Mem:2282.19M (Peak 2282.19M) | Time:00:00.08 | Syncing QA:Splenius capitis muscle.l
Fra:0 Mem:2282.71M (Peak 2282.71M) | Time:00:00.08 | Syncing QA:Splenius capitis muscle.r
Fra:0 Mem:2283.22M (Peak 2283.22M) | Time:00:00.08 | Syncing QA:Splenius colli muscle.l
Fra:0 Mem:2283.66M (Peak 2283.66M) | Time:00:00.08 | Syncing QA:Splenius colli muscle.r
Fra:0 Mem:2284.11M (Peak 2284.11M) | Time:00:00.08 | Syncing QA:Stapes.l
Fra:0 Mem:2284.58M (Peak 2284.58M) | Time:00:00.08 | Syncing QA:Stapes.r
Fra:0 Mem:2285.04M (Peak 2285.04M) | Time:00:00.08 | Syncing QA:Sternocleidomastoid muscle.l
Fra:0 Mem:2285.53M (Peak 2285.53M) | Time:00:00.08 | Syncing QA:Sternocleidomastoid muscle.r
Fra:0 Mem:2286.02M (Peak 2286.02M) | Time:00:00.08 | Syncing QA:Sternocostal head of pectorali
Fra:0 Mem:2286.40M (Peak 2286.40M) | Time:00:00.08 | Syncing QA:Sternocostal head of pectorali
Fra:0 Mem:2286.77M (Peak 2286.77M) | Time:00:00.08 | Syncing QA:Sternohyoid muscle.l
Fra:0 Mem:2287.01M (Peak 2287.01M) | Time:00:00.08 | Syncing QA:Sternohyoid muscle.r
Fra:0 Mem:2287.26M (Peak 2287.26M) | Time:00:00.08 | Syncing QA:Sternothyroid muscle.l
Fra:0 Mem:2287.49M (Peak 2287.49M) | Time:00:00.08 | Syncing QA:Sternothyroid muscle.r
Fra:0 Mem:2287.71M (Peak 2287.71M) | Time:00:00.08 | Syncing QA:Straight part of cricothyroid 
Fra:0 Mem:2287.98M (Peak 2287.98M) | Time:00:00.08 | Syncing QA:Straight part of cricothyroid 
Fra:0 Mem:2288.25M (Peak 2288.25M) | Time:00:00.09 | Syncing QA:Stylohyoid muscle.l
Fra:0 Mem:2288.45M (Peak 2288.45M) | Time:00:00.09 | Syncing QA:Stylohyoid muscle.r
Fra:0 Mem:2288.65M (Peak 2288.65M) | Time:00:00.09 | Syncing QA:Stylopharyngeus muscle.l
Fra:0 Mem:2289.78M (Peak 2289.99M) | Time:00:00.09 | Syncing QA:Stylopharyngeus muscle.r
Fra:0 Mem:2290.90M (Peak 2291.12M) | Time:00:00.09 | Syncing QA:Subclavius muscle.l
Fra:0 Mem:2291.11M (Peak 2291.12M) | Time:00:00.09 | Syncing QA:Subclavius muscle.r
Fra:0 Mem:2291.31M (Peak 2291.31M) | Time:00:00.09 | Syncing QA:Subscapularis muscle.l
Fra:0 Mem:2291.67M (Peak 2291.67M) | Time:00:00.09 | Syncing QA:Subscapularis muscle.r
Fra:0 Mem:2292.02M (Peak 2292.02M) | Time:00:00.09 | Syncing QA:Superficial head of flexor pol
Fra:0 Mem:2292.19M (Peak 2292.19M) | Time:00:00.09 | Syncing QA:Superficial head of flexor pol
Fra:0 Mem:2292.36M (Peak 2292.36M) | Time:00:00.09 | Syncing QA:Superficial head of pronator t
Fra:0 Mem:2292.69M (Peak 2292.69M) | Time:00:00.09 | Syncing QA:Superficial head of pronator t
Fra:0 Mem:2293.01M (Peak 2293.01M) | Time:00:00.09 | Syncing QA:Superficial part of masseter.l
Fra:0 Mem:2293.26M (Peak 2293.26M) | Time:00:00.09 | Syncing QA:Superficial part of masseter.r
Fra:0 Mem:2293.51M (Peak 2293.51M) | Time:00:00.09 | Syncing QA:Superficial transverse metacar
Fra:0 Mem:2293.67M (Peak 2293.67M) | Time:00:00.09 | Syncing QA:Superficial transverse metacar
Fra:0 Mem:2293.83M (Peak 2293.83M) | Time:00:00.09 | Syncing QA:Superficial transverse metatar
Fra:0 Mem:2293.99M (Peak 2293.99M) | Time:00:00.09 | Syncing QA:Superficial transverse metatar
Fra:0 Mem:2294.15M (Peak 2294.15M) | Time:00:00.09 | Syncing QA:Superior extensor retinaculum 
Fra:0 Mem:2294.32M (Peak 2294.32M) | Time:00:00.09 | Syncing QA:Superior extensor retinaculum 
Fra:0 Mem:2294.49M (Peak 2294.49M) | Time:00:00.09 | Syncing QA:Superior fibular retinaculum.l
Fra:0 Mem:2294.69M (Peak 2294.69M) | Time:00:00.09 | Syncing QA:Superior fibular retinaculum.r
Fra:0 Mem:2294.89M (Peak 2294.89M) | Time:00:00.09 | Syncing QA:Superior gemellus muscle.l
Fra:0 Mem:2295.07M (Peak 2295.07M) | Time:00:00.09 | Syncing QA:Superior gemellus muscle.r
Fra:0 Mem:2295.24M (Peak 2295.24M) | Time:00:00.09 | Syncing QA:Superior head of lateral ptery
Fra:0 Mem:2295.41M (Peak 2295.41M) | Time:00:00.09 | Syncing QA:Superior head of lateral ptery
Fra:0 Mem:2295.58M (Peak 2295.58M) | Time:00:00.09 | Syncing QA:Superior oblique muscle.l
Fra:0 Mem:2295.91M (Peak 2295.91M) | Time:00:00.09 | Syncing QA:Superior oblique muscle.r
Fra:0 Mem:2296.24M (Peak 2296.24M) | Time:00:00.09 | Syncing QA:Superior pharyngeal constricto
Fra:0 Mem:2296.94M (Peak 2297.31M) | Time:00:00.09 | Syncing QA:Superior pharyngeal constricto
Fra:0 Mem:2297.64M (Peak 2298.01M) | Time:00:00.09 | Syncing QA:Superior rectus muscle.l
Fra:0 Mem:2297.92M (Peak 2298.01M) | Time:00:00.09 | Syncing QA:Superior rectus muscle.r
Fra:0 Mem:2298.20M (Peak 2298.20M) | Time:00:00.09 | Syncing QA:Superior tarsus.l
Fra:0 Mem:2298.37M (Peak 2298.37M) | Time:00:00.09 | Syncing QA:Superior tarsus.r
Fra:0 Mem:2298.54M (Peak 2298.54M) | Time:00:00.09 | Syncing QA:Supinator.l
Fra:0 Mem:2298.88M (Peak 2298.88M) | Time:00:00.09 | Syncing QA:Supinator.r
Fra:0 Mem:2299.22M (Peak 2299.22M) | Time:00:00.09 | Syncing QA:Supraspinatus muscle.l
Fra:0 Mem:2299.47M (Peak 2299.47M) | Time:00:00.09 | Syncing QA:Supraspinatus muscle.r
Fra:0 Mem:2299.72M (Peak 2299.72M) | Time:00:00.09 | Syncing QA:Talus.l
Fra:0 Mem:2299.96M (Peak 2299.96M) | Time:00:00.09 | Syncing QA:Talus.r
Fra:0 Mem:2300.20M (Peak 2300.20M) | Time:00:00.09 | Syncing QA:Temporal bone.l
Fra:0 Mem:2301.32M (Peak 2301.32M) | Time:00:00.09 | Syncing QA:Temporal bone.r
Fra:0 Mem:2302.44M (Peak 2302.44M) | Time:00:00.09 | Syncing QA:Temporalis muscle.l
Fra:0 Mem:2303.30M (Peak 2303.30M) | Time:00:00.09 | Syncing QA:Temporalis muscle.r
Fra:0 Mem:2304.15M (Peak 2304.15M) | Time:00:00.09 | Syncing QA:Temporoparietalis muscle.l
Fra:0 Mem:2305.12M (Peak 2305.16M) | Time:00:00.09 | Syncing QA:Temporoparietalis muscle.r
Fra:0 Mem:2306.10M (Peak 2306.14M) | Time:00:00.09 | Syncing QA:Tendinous arch of levator ani.
Fra:0 Mem:2306.30M (Peak 2306.30M) | Time:00:00.09 | Syncing QA:Tendinous arch of levator ani.
Fra:0 Mem:2306.50M (Peak 2306.50M) | Time:00:00.09 | Syncing QA:Tendon of extensor digitorum l
Fra:0 Mem:2307.01M (Peak 2307.01M) | Time:00:00.09 | Syncing QA:Tendon of extensor digitorum l
Fra:0 Mem:2307.51M (Peak 2307.51M) | Time:00:00.09 | Syncing QA:Tensor fasciae latae.l
Fra:0 Mem:2307.79M (Peak 2307.79M) | Time:00:00.09 | Syncing QA:Tensor fasciae latae.r
Fra:0 Mem:2308.07M (Peak 2308.07M) | Time:00:00.09 | Syncing QA:Tenth rib.l
Fra:0 Mem:2308.70M (Peak 2308.70M) | Time:00:00.09 | Syncing QA:Tenth rib.r
Fra:0 Mem:2309.33M (Peak 2309.33M) | Time:00:00.09 | Syncing QA:Teres major muscle.l
Fra:0 Mem:2309.56M (Peak 2309.56M) | Time:00:00.09 | Syncing QA:Teres major muscle.r
Fra:0 Mem:2309.79M (Peak 2309.79M) | Time:00:00.09 | Syncing QA:Teres minor muscle.l
Fra:0 Mem:2310.05M (Peak 2310.05M) | Time:00:00.09 | Syncing QA:Teres minor muscle.r
Fra:0 Mem:2310.30M (Peak 2310.30M) | Time:00:00.09 | Syncing QA:Third metacarpal bone.l
Fra:0 Mem:2310.50M (Peak 2310.50M) | Time:00:00.09 | Syncing QA:Third metacarpal bone.r
Fra:0 Mem:2310.70M (Peak 2310.70M) | Time:00:00.09 | Syncing QA:Third metatarsal bone.l
Fra:0 Mem:2310.91M (Peak 2310.91M) | Time:00:00.09 | Syncing QA:Third metatarsal bone.r
Fra:0 Mem:2311.11M (Peak 2311.11M) | Time:00:00.09 | Syncing QA:Third rib.l
Fra:0 Mem:2311.74M (Peak 2311.74M) | Time:00:00.09 | Syncing QA:Third rib.r
Fra:0 Mem:2312.37M (Peak 2312.37M) | Time:00:00.09 | Syncing QA:Thyro-epiglottic part of thyro
Fra:0 Mem:2312.84M (Peak 2312.84M) | Time:00:00.09 | Syncing QA:Thyro-epiglottic part of thyro
Fra:0 Mem:2313.31M (Peak 2313.31M) | Time:00:00.09 | Syncing QA:Thyrohyoid muscle.l
Fra:0 Mem:2313.51M (Peak 2313.51M) | Time:00:00.09 | Syncing QA:Thyrohyoid muscle.r
Fra:0 Mem:2313.71M (Peak 2313.71M) | Time:00:00.09 | Syncing QA:Thyroid cartilage
Fra:0 Mem:2314.17M (Peak 2314.17M) | Time:00:00.09 | Syncing QA:Tibia.l
Fra:0 Mem:2314.43M (Peak 2314.43M) | Time:00:00.09 | Syncing QA:Tibia.r
Fra:0 Mem:2314.70M (Peak 2314.70M) | Time:00:00.09 | Syncing QA:Tibialis anterior muscle.l
Fra:0 Mem:2315.09M (Peak 2315.09M) | Time:00:00.09 | Syncing QA:Tibialis anterior muscle.r
Fra:0 Mem:2315.48M (Peak 2315.48M) | Time:00:00.09 | Syncing QA:Tibialis posterior muscle.l
Fra:0 Mem:2316.01M (Peak 2316.01M) | Time:00:00.09 | Syncing QA:Tibialis posterior muscle.r
Fra:0 Mem:2316.54M (Peak 2316.54M) | Time:00:00.09 | Syncing QA:Transverse arytenoid muscle
Fra:0 Mem:2316.88M (Peak 2316.88M) | Time:00:00.09 | Syncing QA:Transverse head of adductor ha
Fra:0 Mem:2317.05M (Peak 2317.05M) | Time:00:00.09 | Syncing QA:Transverse head of adductor ha
Fra:0 Mem:2317.23M (Peak 2317.23M) | Time:00:00.09 | Syncing QA:Transverse head of adductor po
Fra:0 Mem:2317.45M (Peak 2317.45M) | Time:00:00.09 | Syncing QA:Transverse head of adductor po
Fra:0 Mem:2317.67M (Peak 2317.67M) | Time:00:00.09 | Syncing QA:Transverse part of trapezius m
Fra:0 Mem:2318.03M (Peak 2318.03M) | Time:00:00.09 | Syncing QA:Transverse part of trapezius m
Fra:0 Mem:2318.41M (Peak 2318.41M) | Time:00:00.09 | Syncing QA:Transversus abdominis muscle.l
Fra:0 Mem:2320.92M (Peak 2320.92M) | Time:00:00.09 | Syncing QA:Transversus abdominis muscle.r
Fra:0 Mem:2323.43M (Peak 2323.43M) | Time:00:00.10 | Syncing QA:Transversus thoracis muscle.l
Fra:0 Mem:2323.69M (Peak 2323.69M) | Time:00:00.10 | Syncing QA:Transversus thoracis muscle.r
Fra:0 Mem:2323.96M (Peak 2323.96M) | Time:00:00.10 | Syncing QA:Trapezium bone.l
Fra:0 Mem:2324.14M (Peak 2324.14M) | Time:00:00.10 | Syncing QA:Trapezium bone.r
Fra:0 Mem:2324.33M (Peak 2324.33M) | Time:00:00.10 | Syncing QA:Trapezoid bone.l
Fra:0 Mem:2324.51M (Peak 2324.51M) | Time:00:00.10 | Syncing QA:Trapezoid bone.r
Fra:0 Mem:2324.68M (Peak 2324.68M) | Time:00:00.10 | Syncing QA:Triquetrum bone.l
Fra:0 Mem:2324.84M (Peak 2324.84M) | Time:00:00.10 | Syncing QA:Triquetrum bone.r
Fra:0 Mem:2325.01M (Peak 2325.01M) | Time:00:00.10 | Syncing QA:Trochlea of superior oblique m
Fra:0 Mem:2325.18M (Peak 2325.18M) | Time:00:00.10 | Syncing QA:Trochlea of superior oblique m
Fra:0 Mem:2325.35M (Peak 2325.35M) | Time:00:00.10 | Syncing QA:Twelfth rib.l
Fra:0 Mem:2325.70M (Peak 2325.70M) | Time:00:00.10 | Syncing QA:Twelfth rib.r
Fra:0 Mem:2326.06M (Peak 2326.06M) | Time:00:00.10 | Syncing QA:Ulna.l
Fra:0 Mem:2326.27M (Peak 2326.27M) | Time:00:00.10 | Syncing QA:Ulna.r
Fra:0 Mem:2326.48M (Peak 2326.48M) | Time:00:00.10 | Syncing QA:Ulnar head of extensor carpi u
Fra:0 Mem:2326.69M (Peak 2326.69M) | Time:00:00.10 | Syncing QA:Ulnar head of extensor carpi u
Fra:0 Mem:2326.90M (Peak 2326.90M) | Time:00:00.10 | Syncing QA:Ulnar head of flexor carpi uln
Fra:0 Mem:2327.16M (Peak 2327.16M) | Time:00:00.10 | Syncing QA:Ulnar head of flexor carpi uln
Fra:0 Mem:2327.41M (Peak 2327.41M) | Time:00:00.10 | Syncing QA:Upper canine.l
Fra:0 Mem:2327.66M (Peak 2327.66M) | Time:00:00.10 | Syncing QA:Upper canine.r
Fra:0 Mem:2327.91M (Peak 2327.91M) | Time:00:00.10 | Syncing QA:Upper first molar tooth.l
Fra:0 Mem:2328.21M (Peak 2328.21M) | Time:00:00.10 | Syncing QA:Upper first molar tooth.r
Fra:0 Mem:2328.51M (Peak 2328.51M) | Time:00:00.10 | Syncing QA:Upper first premolar.l
Fra:0 Mem:2328.77M (Peak 2328.77M) | Time:00:00.10 | Syncing QA:Upper first premolar.r
Fra:0 Mem:2329.04M (Peak 2329.04M) | Time:00:00.10 | Syncing QA:Upper lateral incisor.l
Fra:0 Mem:2329.28M (Peak 2329.28M) | Time:00:00.10 | Syncing QA:Upper lateral incisor.r
Fra:0 Mem:2329.53M (Peak 2329.53M) | Time:00:00.10 | Syncing QA:Upper medial incisor.l
Fra:0 Mem:2329.78M (Peak 2329.78M) | Time:00:00.10 | Syncing QA:Upper medial incisor.r
Fra:0 Mem:2330.02M (Peak 2330.02M) | Time:00:00.10 | Syncing QA:Upper second molar tooth.l
Fra:0 Mem:2330.30M (Peak 2330.30M) | Time:00:00.10 | Syncing QA:Upper second molar tooth.r
Fra:0 Mem:2330.58M (Peak 2330.58M) | Time:00:00.10 | Syncing QA:Upper second premolar.l
Fra:0 Mem:2330.83M (Peak 2330.83M) | Time:00:00.10 | Syncing QA:Upper second premolar.r
Fra:0 Mem:2331.09M (Peak 2331.09M) | Time:00:00.10 | Syncing QA:Vastus intermedius muscle.l
Fra:0 Mem:2331.66M (Peak 2331.66M) | Time:00:00.10 | Syncing QA:Vastus intermedius muscle.r
Fra:0 Mem:2332.24M (Peak 2332.24M) | Time:00:00.10 | Syncing QA:Vastus lateralis muscle.l
Fra:0 Mem:2333.03M (Peak 2333.03M) | Time:00:00.10 | Syncing QA:Vastus lateralis muscle.r
Fra:0 Mem:2333.82M (Peak 2333.82M) | Time:00:00.10 | Syncing QA:Vastus medialis muscle.l
Fra:0 Mem:2334.42M (Peak 2334.42M) | Time:00:00.10 | Syncing QA:Vastus medialis muscle.r
Fra:0 Mem:2335.01M (Peak 2335.01M) | Time:00:00.10 | Syncing QA:Ventral parts of lateral inter
Fra:0 Mem:2335.23M (Peak 2335.23M) | Time:00:00.10 | Syncing QA:Ventral parts of lateral inter
Fra:0 Mem:2335.45M (Peak 2335.45M) | Time:00:00.10 | Syncing QA:Vertebra C3
Fra:0 Mem:2335.76M (Peak 2335.76M) | Time:00:00.10 | Syncing QA:Vertebra C4
Fra:0 Mem:2336.05M (Peak 2336.05M) | Time:00:00.10 | Syncing QA:Vertebra C5
Fra:0 Mem:2336.36M (Peak 2336.36M) | Time:00:00.10 | Syncing QA:Vertebra C6
Fra:0 Mem:2336.66M (Peak 2336.66M) | Time:00:00.10 | Syncing QA:Vertebra C7
Fra:0 Mem:2336.96M (Peak 2336.96M) | Time:00:00.10 | Syncing QA:Vertebra L1
Fra:0 Mem:2337.32M (Peak 2337.32M) | Time:00:00.10 | Syncing QA:Vertebra L2
Fra:0 Mem:2337.65M (Peak 2337.65M) | Time:00:00.10 | Syncing QA:Vertebra L3
Fra:0 Mem:2338.02M (Peak 2338.02M) | Time:00:00.10 | Syncing QA:Vertebra L4
Fra:0 Mem:2338.42M (Peak 2338.42M) | Time:00:00.10 | Syncing QA:Vertebra L5
Fra:0 Mem:2338.85M (Peak 2338.85M) | Time:00:00.10 | Syncing QA:Vertebra T1
Fra:0 Mem:2339.13M (Peak 2339.13M) | Time:00:00.10 | Syncing QA:Vertebra T10
Fra:0 Mem:2339.49M (Peak 2339.49M) | Time:00:00.10 | Syncing QA:Vertebra T11
Fra:0 Mem:2339.76M (Peak 2339.76M) | Time:00:00.10 | Syncing QA:Vertebra T12
Fra:0 Mem:2340.08M (Peak 2340.08M) | Time:00:00.10 | Syncing QA:Vertebra T2
Fra:0 Mem:2340.38M (Peak 2340.38M) | Time:00:00.10 | Syncing QA:Vertebra T3
Fra:0 Mem:2340.69M (Peak 2340.69M) | Time:00:00.10 | Syncing QA:Vertebra T4
Fra:0 Mem:2340.99M (Peak 2340.99M) | Time:00:00.10 | Syncing QA:Vertebra T5
Fra:0 Mem:2341.29M (Peak 2341.29M) | Time:00:00.10 | Syncing QA:Vertebra T6
Fra:0 Mem:2341.56M (Peak 2341.56M) | Time:00:00.10 | Syncing QA:Vertebra T7
Fra:0 Mem:2341.90M (Peak 2341.90M) | Time:00:00.10 | Syncing QA:Vertebra T8
Fra:0 Mem:2342.17M (Peak 2342.17M) | Time:00:00.10 | Syncing QA:Vertebra T9
Fra:0 Mem:2342.52M (Peak 2342.52M) | Time:00:00.10 | Syncing QA:Vomer
Fra:0 Mem:2342.74M (Peak 2342.74M) | Time:00:00.10 | Syncing QA:Xiphoid process
Fra:0 Mem:2342.96M (Peak 2342.96M) | Time:00:00.10 | Syncing QA:Zygomatic bone.l
Fra:0 Mem:2343.20M (Peak 2343.20M) | Time:00:00.10 | Syncing QA:Zygomatic bone.r
Fra:0 Mem:2343.44M (Peak 2343.44M) | Time:00:00.10 | Syncing QA:Zygomaticus major muscle.l
Fra:0 Mem:2343.65M (Peak 2343.65M) | Time:00:00.10 | Syncing QA:Zygomaticus major muscle.r
Fra:0 Mem:2343.85M (Peak 2343.85M) | Time:00:00.10 | Syncing QA:Zygomaticus minor muscle.l
Fra:0 Mem:2344.03M (Peak 2344.03M) | Time:00:00.10 | Syncing QA:Zygomaticus minor muscle.r
Fra:0 Mem:2344.21M (Peak 2344.21M) | Time:00:00.10 | Syncing T98 camera
Fra:0 Mem:2344.21M (Peak 2344.21M) | Time:00:00.10 | Syncing T98 light
Fra:0 Mem:2344.21M (Peak 2344.21M) | Time:00:00.10 | Syncing T98 light.001
Fra:0 Mem:2338.23M (Peak 2344.21M) | Time:00:00.10 | Rendering 1 / 16 samples
Fra:0 Mem:2157.16M (Peak 2344.21M) | Time:00:00.27 | Rendering 16 / 16 samples
Saved: '/Users/daniel/Downloads/SIM /HUMAN ATLAS/work/evidence/T98/astra-resolution-2026-09-29/muscle-bone-back.png'
 Time: 00:00.32 (Saving: 00:00.03)

Dependency cycle detected:
  OBOesophagus-profile/TRANSFORM_INIT() depends on
  OBOesophagus/GEOMETRY_EVAL() via 'Curve Follow Parent'
  OBOesophagus/MODIFIER(Solidify) via 'modifier stack order'
  OBOesophagus/GEOMETRY_EVAL_INIT() via 'Modifier'
  CUOesophagus/GEOMETRY_EVAL_DONE() via 'Object Geometry Base Data'
  CUOesophagus/GEOMETRY_EVAL() via 'ObData Geom Eval Done'
  OBOesophagus-profile/TRANSFORM_FINAL() via 'Curve Bevel Transform'
  OBOesophagus-profile/TRANSFORM_SIMULATION_INIT() via 'Simulation -> Final Transform'
  OBOesophagus-profile/TRANSFORM_EVAL() via 'Transform Eval -> Simulation Init'
  OBOesophagus-profile/TRANSFORM_PARENT() via 'Eval'
  OBOesophagus-profile/TRANSFORM_LOCAL() via 'ObLocal -> ObParent'
  OBOesophagus-profile/TRANSFORM_INIT() via 'Transform Init'
Detected 1 dependency cycles
Fra:0 Mem:1862.86M (Peak 1862.86M) | Time:00:00.01 | Syncing QA:Anterior cells of ethmoid bone
Fra:0 Mem:1863.05M (Peak 1863.05M) | Time:00:00.01 | Syncing QA:Anterior cells of ethmoid bone
Fra:0 Mem:1863.24M (Peak 1863.24M) | Time:00:00.01 | Syncing QA:Arytenoid cartilage.l
Fra:0 Mem:1863.66M (Peak 1863.66M) | Time:00:00.01 | Syncing QA:Arytenoid cartilage.r
Fra:0 Mem:1864.09M (Peak 1864.09M) | Time:00:00.01 | Syncing QA:Atlas (C1)
Fra:0 Mem:1864.38M (Peak 1864.38M) | Time:00:00.01 | Syncing QA:Axis (C2)
Fra:0 Mem:1864.69M (Peak 1864.69M) | Time:00:00.01 | Syncing QA:Body of sternum
Fra:0 Mem:1865.15M (Peak 1865.15M) | Time:00:00.01 | Syncing QA:Calcaneus.l
Fra:0 Mem:1865.40M (Peak 1865.40M) | Time:00:00.01 | Syncing QA:Calcaneus.r
Fra:0 Mem:1865.65M (Peak 1865.65M) | Time:00:00.01 | Syncing QA:Capitate bone.l
Fra:0 Mem:1865.83M (Peak 1865.83M) | Time:00:00.01 | Syncing QA:Capitate bone.r
Fra:0 Mem:1866.01M (Peak 1866.01M) | Time:00:00.01 | Syncing QA:Clavicle.l
Fra:0 Mem:1866.27M (Peak 1866.27M) | Time:00:00.01 | Syncing QA:Clavicle.r
Fra:0 Mem:1866.53M (Peak 1866.53M) | Time:00:00.01 | Syncing QA:Coccyx
Fra:0 Mem:1866.76M (Peak 1866.76M) | Time:00:00.01 | Syncing QA:Corniculate cartilage.l
Fra:0 Mem:1866.92M (Peak 1866.92M) | Time:00:00.01 | Syncing QA:Corniculate cartilage.r
Fra:0 Mem:1867.08M (Peak 1867.08M) | Time:00:00.01 | Syncing QA:Costal cartilage of eighth rib
Fra:0 Mem:1867.37M (Peak 1867.37M) | Time:00:00.01 | Syncing QA:Costal cartilage of eighth rib
Fra:0 Mem:1867.65M (Peak 1867.65M) | Time:00:00.01 | Syncing QA:Costal cartilage of fifth rib.
Fra:0 Mem:1868.12M (Peak 1868.12M) | Time:00:00.01 | Syncing QA:Costal cartilage of fifth rib.
Fra:0 Mem:1868.59M (Peak 1868.59M) | Time:00:00.01 | Syncing QA:Costal cartilage of first rib.
Fra:0 Mem:1868.88M (Peak 1868.88M) | Time:00:00.01 | Syncing QA:Costal cartilage of first rib.
Fra:0 Mem:1869.17M (Peak 1869.17M) | Time:00:00.01 | Syncing QA:Costal cartilage of fourth rib
Fra:0 Mem:1869.54M (Peak 1869.54M) | Time:00:00.01 | Syncing QA:Costal cartilage of fourth rib
Fra:0 Mem:1869.91M (Peak 1869.91M) | Time:00:00.01 | Syncing QA:Costal cartilage of ninth rib.
Fra:0 Mem:1870.16M (Peak 1870.16M) | Time:00:00.01 | Syncing QA:Costal cartilage of ninth rib.
Fra:0 Mem:1870.41M (Peak 1870.41M) | Time:00:00.01 | Syncing QA:Costal cartilage of second rib
Fra:0 Mem:1870.73M (Peak 1870.73M) | Time:00:00.01 | Syncing QA:Costal cartilage of second rib
Fra:0 Mem:1871.05M (Peak 1871.05M) | Time:00:00.01 | Syncing QA:Costal cartilage of seventh ri
Fra:0 Mem:1871.88M (Peak 1871.88M) | Time:00:00.01 | Syncing QA:Costal cartilage of seventh ri
Fra:0 Mem:1872.71M (Peak 1872.71M) | Time:00:00.01 | Syncing QA:Costal cartilage of sixth rib.
Fra:0 Mem:1873.27M (Peak 1873.27M) | Time:00:00.01 | Syncing QA:Costal cartilage of sixth rib.
Fra:0 Mem:1873.82M (Peak 1873.82M) | Time:00:00.01 | Syncing QA:Costal cartilage of tenth rib.
Fra:0 Mem:1874.05M (Peak 1874.05M) | Time:00:00.01 | Syncing QA:Costal cartilage of tenth rib.
Fra:0 Mem:1874.27M (Peak 1874.27M) | Time:00:00.01 | Syncing QA:Costal cartilage of third rib.
Fra:0 Mem:1874.60M (Peak 1874.60M) | Time:00:00.01 | Syncing QA:Costal cartilage of third rib.
Fra:0 Mem:1874.93M (Peak 1874.93M) | Time:00:00.01 | Syncing QA:Cricoid cartilage
Fra:0 Mem:1875.27M (Peak 1875.27M) | Time:00:00.01 | Syncing QA:Cuboid bone.l
Fra:0 Mem:1875.49M (Peak 1875.49M) | Time:00:00.01 | Syncing QA:Cuboid bone.r
Fra:0 Mem:1875.71M (Peak 1875.71M) | Time:00:00.01 | Syncing QA:Distal phalanx of fifth finger
Fra:0 Mem:1875.88M (Peak 1875.88M) | Time:00:00.01 | Syncing QA:Distal phalanx of fifth finger
Fra:0 Mem:1876.04M (Peak 1876.04M) | Time:00:00.01 | Syncing QA:Distal phalanx of fifth finger
Fra:0 Mem:1876.20M (Peak 1876.20M) | Time:00:00.01 | Syncing QA:Distal phalanx of fifth finger
Fra:0 Mem:1876.37M (Peak 1876.37M) | Time:00:00.01 | Syncing QA:Distal phalanx of first finger
Fra:0 Mem:1876.55M (Peak 1876.55M) | Time:00:00.01 | Syncing QA:Distal phalanx of first finger
Fra:0 Mem:1876.73M (Peak 1876.73M) | Time:00:00.01 | Syncing QA:Distal phalanx of first finger
Fra:0 Mem:1876.90M (Peak 1876.90M) | Time:00:00.01 | Syncing QA:Distal phalanx of first finger
Fra:0 Mem:1877.07M (Peak 1877.07M) | Time:00:00.01 | Syncing QA:Distal phalanx of fourth finge
Fra:0 Mem:1877.24M (Peak 1877.24M) | Time:00:00.01 | Syncing QA:Distal phalanx of fourth finge
Fra:0 Mem:1877.40M (Peak 1877.40M) | Time:00:00.01 | Syncing QA:Distal phalanx of fourth finge
Fra:0 Mem:1877.56M (Peak 1877.56M) | Time:00:00.01 | Syncing QA:Distal phalanx of fourth finge
Fra:0 Mem:1877.72M (Peak 1877.72M) | Time:00:00.01 | Syncing QA:Distal phalanx of second finge
Fra:0 Mem:1877.89M (Peak 1877.89M) | Time:00:00.01 | Syncing QA:Distal phalanx of second finge
Fra:0 Mem:1878.06M (Peak 1878.06M) | Time:00:00.01 | Syncing QA:Distal phalanx of second finge
Fra:0 Mem:1878.23M (Peak 1878.23M) | Time:00:00.01 | Syncing QA:Distal phalanx of second finge
Fra:0 Mem:1878.39M (Peak 1878.39M) | Time:00:00.01 | Syncing QA:Distal phalanx of third finger
Fra:0 Mem:1878.57M (Peak 1878.57M) | Time:00:00.01 | Syncing QA:Distal phalanx of third finger
Fra:0 Mem:1878.74M (Peak 1878.74M) | Time:00:00.01 | Syncing QA:Distal phalanx of third finger
Fra:0 Mem:1878.90M (Peak 1878.90M) | Time:00:00.01 | Syncing QA:Distal phalanx of third finger
Fra:0 Mem:1879.07M (Peak 1879.07M) | Time:00:00.01 | Syncing QA:Eighth rib.l
Fra:0 Mem:1879.78M (Peak 1879.78M) | Time:00:00.01 | Syncing QA:Eighth rib.r
Fra:0 Mem:1880.50M (Peak 1880.50M) | Time:00:00.01 | Syncing QA:Eleventh rib.l
Fra:0 Mem:1881.00M (Peak 1881.00M) | Time:00:00.01 | Syncing QA:Eleventh rib.r
Fra:0 Mem:1881.49M (Peak 1881.49M) | Time:00:00.01 | Syncing QA:Ethmoid bone
Fra:0 Mem:1882.21M (Peak 1882.21M) | Time:00:00.01 | Syncing QA:Femur.l
Fra:0 Mem:1882.62M (Peak 1882.62M) | Time:00:00.01 | Syncing QA:Femur.r
Fra:0 Mem:1883.03M (Peak 1883.03M) | Time:00:00.01 | Syncing QA:Fibula.l
Fra:0 Mem:1883.27M (Peak 1883.27M) | Time:00:00.01 | Syncing QA:Fibula.r
Fra:0 Mem:1883.51M (Peak 1883.51M) | Time:00:00.01 | Syncing QA:Fifth metacarpal bone.l
Fra:0 Mem:1883.69M (Peak 1883.69M) | Time:00:00.01 | Syncing QA:Fifth metacarpal bone.r
Fra:0 Mem:1883.88M (Peak 1883.88M) | Time:00:00.01 | Syncing QA:Fifth metatarsal bone.l
Fra:0 Mem:1884.09M (Peak 1884.09M) | Time:00:00.01 | Syncing QA:Fifth metatarsal bone.r
Fra:0 Mem:1884.30M (Peak 1884.30M) | Time:00:00.01 | Syncing QA:Fifth rib.l
Fra:0 Mem:1885.10M (Peak 1885.10M) | Time:00:00.01 | Syncing QA:Fifth rib.r
Fra:0 Mem:1885.89M (Peak 1885.89M) | Time:00:00.01 | Syncing QA:First metacarpal bone.l
Fra:0 Mem:1886.09M (Peak 1886.09M) | Time:00:00.01 | Syncing QA:First metacarpal bone.r
Fra:0 Mem:1886.28M (Peak 1886.28M) | Time:00:00.01 | Syncing QA:First metatarsal bone.l
Fra:0 Mem:1886.51M (Peak 1886.51M) | Time:00:00.01 | Syncing QA:First metatarsal bone.r
Fra:0 Mem:1886.74M (Peak 1886.74M) | Time:00:00.01 | Syncing QA:First rib.l
Fra:0 Mem:1887.11M (Peak 1887.11M) | Time:00:00.01 | Syncing QA:First rib.r
Fra:0 Mem:1887.48M (Peak 1887.48M) | Time:00:00.01 | Syncing QA:Fourth metacarpal bone.l
Fra:0 Mem:1887.67M (Peak 1887.67M) | Time:00:00.01 | Syncing QA:Fourth metacarpal bone.r
Fra:0 Mem:1887.87M (Peak 1887.87M) | Time:00:00.01 | Syncing QA:Fourth metatarsal bone.l
Fra:0 Mem:1888.07M (Peak 1888.07M) | Time:00:00.01 | Syncing QA:Fourth metatarsal bone.r
Fra:0 Mem:1888.27M (Peak 1888.27M) | Time:00:00.01 | Syncing QA:Fourth rib.l
Fra:0 Mem:1889.02M (Peak 1889.02M) | Time:00:00.01 | Syncing QA:Fourth rib.r
Fra:0 Mem:1889.76M (Peak 1889.76M) | Time:00:00.01 | Syncing QA:Frontal bone
Fra:0 Mem:1890.45M (Peak 1890.45M) | Time:00:00.01 | Syncing QA:Hamate bone.l
Fra:0 Mem:1890.63M (Peak 1890.63M) | Time:00:00.01 | Syncing QA:Hamate bone.r
Fra:0 Mem:1890.82M (Peak 1890.82M) | Time:00:00.01 | Syncing QA:Hip bone.l
Fra:0 Mem:1891.22M (Peak 1891.22M) | Time:00:00.01 | Syncing QA:Hip bone.r
Fra:0 Mem:1891.63M (Peak 1891.63M) | Time:00:00.01 | Syncing QA:Humerus.l
Fra:0 Mem:1892.07M (Peak 1892.07M) | Time:00:00.01 | Syncing QA:Humerus.r
Fra:0 Mem:1892.52M (Peak 1892.52M) | Time:00:00.01 | Syncing QA:Hyoid bone
Fra:0 Mem:1892.76M (Peak 1892.76M) | Time:00:00.01 | Syncing QA:Incus.l
Fra:0 Mem:1893.09M (Peak 1893.09M) | Time:00:00.01 | Syncing QA:Incus.r
Fra:0 Mem:1893.43M (Peak 1893.43M) | Time:00:00.01 | Syncing QA:Inferior nasal concha bone.l
Fra:0 Mem:1893.61M (Peak 1893.61M) | Time:00:00.01 | Syncing QA:Inferior nasal concha bone.r
Fra:0 Mem:1893.79M (Peak 1893.79M) | Time:00:00.01 | Syncing QA:Intermediate cuneiform bone.l
Fra:0 Mem:1893.98M (Peak 1893.98M) | Time:00:00.01 | Syncing QA:Intermediate cuneiform bone.r
Fra:0 Mem:1894.16M (Peak 1894.16M) | Time:00:00.01 | Syncing QA:Lacrimal bone.l
Fra:0 Mem:1894.35M (Peak 1894.35M) | Time:00:00.01 | Syncing QA:Lacrimal bone.r
Fra:0 Mem:1894.54M (Peak 1894.54M) | Time:00:00.01 | Syncing QA:Lateral cuneiform bone.l
Fra:0 Mem:1894.73M (Peak 1894.73M) | Time:00:00.01 | Syncing QA:Lateral cuneiform bone.r
Fra:0 Mem:1894.93M (Peak 1894.93M) | Time:00:00.01 | Syncing QA:Lateral process of nasal septa
Fra:0 Mem:1895.10M (Peak 1895.10M) | Time:00:00.01 | Syncing QA:Lateral process of nasal septa
Fra:0 Mem:1895.28M (Peak 1895.28M) | Time:00:00.01 | Syncing QA:Lower canine.l
Fra:0 Mem:1895.51M (Peak 1895.51M) | Time:00:00.01 | Syncing QA:Lower canine.r
Fra:0 Mem:1895.75M (Peak 1895.75M) | Time:00:00.01 | Syncing QA:Lower first molar tooth.l
Fra:0 Mem:1896.21M (Peak 1896.21M) | Time:00:00.01 | Syncing QA:Lower first molar tooth.r
Fra:0 Mem:1896.67M (Peak 1896.67M) | Time:00:00.01 | Syncing QA:Lower first premolar.l
Fra:0 Mem:1896.90M (Peak 1896.90M) | Time:00:00.01 | Syncing QA:Lower first premolar.r
Fra:0 Mem:1897.14M (Peak 1897.14M) | Time:00:00.01 | Syncing QA:Lower lateral incisor.l
Fra:0 Mem:1897.36M (Peak 1897.36M) | Time:00:00.01 | Syncing QA:Lower lateral incisor.r
Fra:0 Mem:1897.58M (Peak 1897.58M) | Time:00:00.01 | Syncing QA:Lower medial incisor.l
Fra:0 Mem:1897.80M (Peak 1897.80M) | Time:00:00.01 | Syncing QA:Lower medial incisor.r
Fra:0 Mem:1898.02M (Peak 1898.02M) | Time:00:00.01 | Syncing QA:Lower second molar tooth.l
Fra:0 Mem:1898.28M (Peak 1898.28M) | Time:00:00.01 | Syncing QA:Lower second molar tooth.r
Fra:0 Mem:1898.55M (Peak 1898.55M) | Time:00:00.01 | Syncing QA:Lower second premolar.l
Fra:0 Mem:1898.78M (Peak 1898.78M) | Time:00:00.01 | Syncing QA:Lower second premolar.r
Fra:0 Mem:1899.01M (Peak 1899.01M) | Time:00:00.01 | Syncing QA:Lunate bone.l
Fra:0 Mem:1899.26M (Peak 1899.26M) | Time:00:00.01 | Syncing QA:Lunate bone.r
Fra:0 Mem:1899.52M (Peak 1899.52M) | Time:00:00.01 | Syncing QA:Major alar cartilage.l
Fra:0 Mem:1899.69M (Peak 1899.69M) | Time:00:00.01 | Syncing QA:Major alar cartilage.r
Fra:0 Mem:1899.87M (Peak 1899.87M) | Time:00:00.01 | Syncing QA:Malleus.l
Fra:0 Mem:1900.31M (Peak 1900.31M) | Time:00:00.01 | Syncing QA:Malleus.r
Fra:0 Mem:1900.75M (Peak 1900.75M) | Time:00:00.01 | Syncing QA:Mandible
Fra:0 Mem:1902.19M (Peak 1902.19M) | Time:00:00.01 | Syncing QA:Manubrium of sternum
Fra:0 Mem:1902.52M (Peak 1902.52M) | Time:00:00.01 | Syncing QA:Maxilla.l
Fra:0 Mem:1903.01M (Peak 1903.01M) | Time:00:00.02 | Syncing QA:Maxilla.r
Fra:0 Mem:1903.49M (Peak 1903.49M) | Time:00:00.02 | Syncing QA:Medial cuneiform bone.l
Fra:0 Mem:1903.70M (Peak 1903.70M) | Time:00:00.02 | Syncing QA:Medial cuneiform bone.r
Fra:0 Mem:1903.92M (Peak 1903.92M) | Time:00:00.02 | Syncing QA:Middle cells of ethmoid bone.l
Fra:0 Mem:1904.12M (Peak 1904.12M) | Time:00:00.02 | Syncing QA:Middle cells of ethmoid bone.r
Fra:0 Mem:1904.32M (Peak 1904.32M) | Time:00:00.02 | Syncing QA:Middle phalanx of fifth finger
Fra:0 Mem:1904.48M (Peak 1904.48M) | Time:00:00.02 | Syncing QA:Middle phalanx of fifth finger
Fra:0 Mem:1904.65M (Peak 1904.65M) | Time:00:00.02 | Syncing QA:Middle phalanx of fifth finger
Fra:0 Mem:1904.82M (Peak 1904.82M) | Time:00:00.02 | Syncing QA:Middle phalanx of fifth finger
Fra:0 Mem:1904.99M (Peak 1904.99M) | Time:00:00.02 | Syncing QA:Middle phalanx of fourth finge
Fra:0 Mem:1905.17M (Peak 1905.17M) | Time:00:00.02 | Syncing QA:Middle phalanx of fourth finge
Fra:0 Mem:1905.35M (Peak 1905.35M) | Time:00:00.02 | Syncing QA:Middle phalanx of fourth finge
Fra:0 Mem:1905.53M (Peak 1905.53M) | Time:00:00.02 | Syncing QA:Middle phalanx of fourth finge
Fra:0 Mem:1905.71M (Peak 1905.71M) | Time:00:00.02 | Syncing QA:Middle phalanx of second finge
Fra:0 Mem:1905.89M (Peak 1905.89M) | Time:00:00.02 | Syncing QA:Middle phalanx of second finge
Fra:0 Mem:1906.06M (Peak 1906.06M) | Time:00:00.02 | Syncing QA:Middle phalanx of second finge
Fra:0 Mem:1906.23M (Peak 1906.23M) | Time:00:00.02 | Syncing QA:Middle phalanx of second finge
Fra:0 Mem:1906.41M (Peak 1906.41M) | Time:00:00.02 | Syncing QA:Middle phalanx of third finger
Fra:0 Mem:1906.58M (Peak 1906.58M) | Time:00:00.02 | Syncing QA:Middle phalanx of third finger
Fra:0 Mem:1906.76M (Peak 1906.76M) | Time:00:00.02 | Syncing QA:Middle phalanx of third finger
Fra:0 Mem:1906.93M (Peak 1906.93M) | Time:00:00.02 | Syncing QA:Middle phalanx of third finger
Fra:0 Mem:1907.11M (Peak 1907.11M) | Time:00:00.02 | Syncing QA:Nasal bone.l
Fra:0 Mem:1907.28M (Peak 1907.28M) | Time:00:00.02 | Syncing QA:Nasal bone.r
Fra:0 Mem:1907.45M (Peak 1907.45M) | Time:00:00.02 | Syncing QA:Nasal septal cartilage
Fra:0 Mem:1907.63M (Peak 1907.63M) | Time:00:00.02 | Syncing QA:Navicular bone.l
Fra:0 Mem:1907.83M (Peak 1907.83M) | Time:00:00.02 | Syncing QA:Navicular bone.r
Fra:0 Mem:1908.03M (Peak 1908.03M) | Time:00:00.02 | Syncing QA:Ninth rib.l
Fra:0 Mem:1908.71M (Peak 1908.71M) | Time:00:00.02 | Syncing QA:Ninth rib.r
Fra:0 Mem:1909.39M (Peak 1909.39M) | Time:00:00.02 | Syncing QA:Occipital bone
Fra:0 Mem:1910.06M (Peak 1910.06M) | Time:00:00.02 | Syncing QA:Palatine bone.l
Fra:0 Mem:1910.31M (Peak 1910.31M) | Time:00:00.02 | Syncing QA:Palatine bone.r
Fra:0 Mem:1910.56M (Peak 1910.56M) | Time:00:00.02 | Syncing QA:Parietal bone.l
Fra:0 Mem:1911.19M (Peak 1911.19M) | Time:00:00.02 | Syncing QA:Parietal bone.r
Fra:0 Mem:1911.80M (Peak 1911.80M) | Time:00:00.02 | Syncing QA:Patella.l
Fra:0 Mem:1911.97M (Peak 1911.97M) | Time:00:00.02 | Syncing QA:Patella.r
Fra:0 Mem:1912.14M (Peak 1912.14M) | Time:00:00.02 | Syncing QA:Pisiform bone.l
Fra:0 Mem:1912.37M (Peak 1912.37M) | Time:00:00.02 | Syncing QA:Pisiform bone.r
Fra:0 Mem:1912.60M (Peak 1912.60M) | Time:00:00.02 | Syncing QA:Posterior cells of ethmoid bon
Fra:0 Mem:1912.81M (Peak 1912.81M) | Time:00:00.02 | Syncing QA:Posterior cells of ethmoid bon
Fra:0 Mem:1913.03M (Peak 1913.03M) | Time:00:00.02 | Syncing QA:Proximal phalanx of fifth fing
Fra:0 Mem:1913.21M (Peak 1913.21M) | Time:00:00.02 | Syncing QA:Proximal phalanx of fifth fing
Fra:0 Mem:1913.40M (Peak 1913.40M) | Time:00:00.02 | Syncing QA:Proximal phalanx of fifth fing
Fra:0 Mem:1913.59M (Peak 1913.59M) | Time:00:00.02 | Syncing QA:Proximal phalanx of fifth fing
Fra:0 Mem:1913.78M (Peak 1913.78M) | Time:00:00.02 | Syncing QA:Proximal phalanx of first fing
Fra:0 Mem:1913.96M (Peak 1913.96M) | Time:00:00.02 | Syncing QA:Proximal phalanx of first fing
Fra:0 Mem:1914.15M (Peak 1914.15M) | Time:00:00.02 | Syncing QA:Proximal phalanx of first fing
Fra:0 Mem:1914.32M (Peak 1914.32M) | Time:00:00.02 | Syncing QA:Proximal phalanx of first fing
Fra:0 Mem:1914.50M (Peak 1914.50M) | Time:00:00.02 | Syncing QA:Proximal phalanx of fourth fin
Fra:0 Mem:1914.68M (Peak 1914.68M) | Time:00:00.02 | Syncing QA:Proximal phalanx of fourth fin
Fra:0 Mem:1914.86M (Peak 1914.86M) | Time:00:00.02 | Syncing QA:Proximal phalanx of fourth fin
Fra:0 Mem:1915.04M (Peak 1915.04M) | Time:00:00.02 | Syncing QA:Proximal phalanx of fourth fin
Fra:0 Mem:1915.21M (Peak 1915.21M) | Time:00:00.02 | Syncing QA:Proximal phalanx of second fin
Fra:0 Mem:1915.39M (Peak 1915.39M) | Time:00:00.02 | Syncing QA:Proximal phalanx of second fin
Fra:0 Mem:1915.57M (Peak 1915.57M) | Time:00:00.02 | Syncing QA:Proximal phalanx of second fin
Fra:0 Mem:1915.75M (Peak 1915.75M) | Time:00:00.02 | Syncing QA:Proximal phalanx of second fin
Fra:0 Mem:1915.93M (Peak 1915.93M) | Time:00:00.02 | Syncing QA:Proximal phalanx of third fing
Fra:0 Mem:1916.11M (Peak 1916.11M) | Time:00:00.02 | Syncing QA:Proximal phalanx of third fing
Fra:0 Mem:1916.29M (Peak 1916.29M) | Time:00:00.02 | Syncing QA:Proximal phalanx of third fing
Fra:0 Mem:1916.47M (Peak 1916.47M) | Time:00:00.02 | Syncing QA:Proximal phalanx of third fing
Fra:0 Mem:1916.65M (Peak 1916.65M) | Time:00:00.02 | Syncing QA:Radius.l
Fra:0 Mem:1916.86M (Peak 1916.86M) | Time:00:00.02 | Syncing QA:Radius.r
Fra:0 Mem:1917.06M (Peak 1917.06M) | Time:00:00.02 | Syncing QA:Sacrum
Fra:0 Mem:1917.89M (Peak 1917.89M) | Time:00:00.02 | Syncing QA:Scaphoid bone.l
Fra:0 Mem:1918.07M (Peak 1918.07M) | Time:00:00.02 | Syncing QA:Scaphoid bone.r
Fra:0 Mem:1918.25M (Peak 1918.25M) | Time:00:00.02 | Syncing QA:Scapula.l
Fra:0 Mem:1920.13M (Peak 1920.13M) | Time:00:00.02 | Syncing QA:Scapula.r
Fra:0 Mem:1922.02M (Peak 1922.02M) | Time:00:00.02 | Syncing QA:Second metacarpal bone.l
Fra:0 Mem:1922.22M (Peak 1922.22M) | Time:00:00.02 | Syncing QA:Second metacarpal bone.r
Fra:0 Mem:1922.43M (Peak 1922.43M) | Time:00:00.02 | Syncing QA:Second metatarsal bone.l
Fra:0 Mem:1922.62M (Peak 1922.62M) | Time:00:00.02 | Syncing QA:Second metatarsal bone.r
Fra:0 Mem:1922.82M (Peak 1922.82M) | Time:00:00.02 | Syncing QA:Second rib.l
Fra:0 Mem:1923.34M (Peak 1923.34M) | Time:00:00.02 | Syncing QA:Second rib.r
Fra:0 Mem:1923.86M (Peak 1923.86M) | Time:00:00.02 | Syncing QA:Sesamoid bones of foot.l
Fra:0 Mem:1924.03M (Peak 1924.03M) | Time:00:00.02 | Syncing QA:Sesamoid bones of foot.r
Fra:0 Mem:1924.20M (Peak 1924.20M) | Time:00:00.02 | Syncing QA:Seventh rib.l
Fra:0 Mem:1925.02M (Peak 1925.02M) | Time:00:00.02 | Syncing QA:Seventh rib.r
Fra:0 Mem:1925.84M (Peak 1925.84M) | Time:00:00.02 | Syncing QA:Sinus of frontal bone
Fra:0 Mem:1926.07M (Peak 1926.07M) | Time:00:00.02 | Syncing QA:Sinus of sphenoid bone
Fra:0 Mem:1926.24M (Peak 1926.24M) | Time:00:00.02 | Syncing QA:Sixth rib.l
Fra:0 Mem:1927.09M (Peak 1927.09M) | Time:00:00.02 | Syncing QA:Sixth rib.r
Fra:0 Mem:1927.93M (Peak 1927.93M) | Time:00:00.02 | Syncing QA:Sphenoid bone
Fra:0 Mem:1928.59M (Peak 1928.59M) | Time:00:00.02 | Syncing QA:Stapes.l
Fra:0 Mem:1929.05M (Peak 1929.05M) | Time:00:00.02 | Syncing QA:Stapes.r
Fra:0 Mem:1929.52M (Peak 1929.52M) | Time:00:00.02 | Syncing QA:Talus.l
Fra:0 Mem:1929.76M (Peak 1929.76M) | Time:00:00.02 | Syncing QA:Talus.r
Fra:0 Mem:1930.00M (Peak 1930.00M) | Time:00:00.02 | Syncing QA:Temporal bone.l
Fra:0 Mem:1931.12M (Peak 1931.12M) | Time:00:00.02 | Syncing QA:Temporal bone.r
Fra:0 Mem:1932.24M (Peak 1932.24M) | Time:00:00.02 | Syncing QA:Tenth rib.l
Fra:0 Mem:1932.87M (Peak 1932.87M) | Time:00:00.02 | Syncing QA:Tenth rib.r
Fra:0 Mem:1933.50M (Peak 1933.50M) | Time:00:00.02 | Syncing QA:Third metacarpal bone.l
Fra:0 Mem:1933.70M (Peak 1933.70M) | Time:00:00.02 | Syncing QA:Third metacarpal bone.r
Fra:0 Mem:1933.90M (Peak 1933.90M) | Time:00:00.02 | Syncing QA:Third metatarsal bone.l
Fra:0 Mem:1934.11M (Peak 1934.11M) | Time:00:00.02 | Syncing QA:Third metatarsal bone.r
Fra:0 Mem:1934.31M (Peak 1934.31M) | Time:00:00.02 | Syncing QA:Third rib.l
Fra:0 Mem:1934.94M (Peak 1934.94M) | Time:00:00.02 | Syncing QA:Third rib.r
Fra:0 Mem:1935.57M (Peak 1935.57M) | Time:00:00.02 | Syncing QA:Thyroid cartilage
Fra:0 Mem:1936.03M (Peak 1936.03M) | Time:00:00.02 | Syncing QA:Tibia.l
Fra:0 Mem:1936.29M (Peak 1936.29M) | Time:00:00.02 | Syncing QA:Tibia.r
Fra:0 Mem:1936.56M (Peak 1936.56M) | Time:00:00.02 | Syncing QA:Trapezium bone.l
Fra:0 Mem:1936.74M (Peak 1936.74M) | Time:00:00.02 | Syncing QA:Trapezium bone.r
Fra:0 Mem:1936.93M (Peak 1936.93M) | Time:00:00.02 | Syncing QA:Trapezoid bone.l
Fra:0 Mem:1937.10M (Peak 1937.10M) | Time:00:00.02 | Syncing QA:Trapezoid bone.r
Fra:0 Mem:1937.28M (Peak 1937.28M) | Time:00:00.02 | Syncing QA:Triquetrum bone.l
Fra:0 Mem:1937.44M (Peak 1937.44M) | Time:00:00.02 | Syncing QA:Triquetrum bone.r
Fra:0 Mem:1937.60M (Peak 1937.60M) | Time:00:00.02 | Syncing QA:Twelfth rib.l
Fra:0 Mem:1937.96M (Peak 1937.96M) | Time:00:00.02 | Syncing QA:Twelfth rib.r
Fra:0 Mem:1938.31M (Peak 1938.31M) | Time:00:00.02 | Syncing QA:Ulna.l
Fra:0 Mem:1938.53M (Peak 1938.53M) | Time:00:00.02 | Syncing QA:Ulna.r
Fra:0 Mem:1938.74M (Peak 1938.74M) | Time:00:00.02 | Syncing QA:Upper canine.l
Fra:0 Mem:1938.99M (Peak 1938.99M) | Time:00:00.02 | Syncing QA:Upper canine.r
Fra:0 Mem:1939.24M (Peak 1939.24M) | Time:00:00.02 | Syncing QA:Upper first molar tooth.l
Fra:0 Mem:1939.54M (Peak 1939.54M) | Time:00:00.02 | Syncing QA:Upper first molar tooth.r
Fra:0 Mem:1939.84M (Peak 1939.84M) | Time:00:00.02 | Syncing QA:Upper first premolar.l
Fra:0 Mem:1940.10M (Peak 1940.10M) | Time:00:00.02 | Syncing QA:Upper first premolar.r
Fra:0 Mem:1940.37M (Peak 1940.37M) | Time:00:00.02 | Syncing QA:Upper lateral incisor.l
Fra:0 Mem:1940.62M (Peak 1940.62M) | Time:00:00.02 | Syncing QA:Upper lateral incisor.r
Fra:0 Mem:1940.86M (Peak 1940.86M) | Time:00:00.02 | Syncing QA:Upper medial incisor.l
Fra:0 Mem:1941.11M (Peak 1941.11M) | Time:00:00.02 | Syncing QA:Upper medial incisor.r
Fra:0 Mem:1941.35M (Peak 1941.35M) | Time:00:00.02 | Syncing QA:Upper second molar tooth.l
Fra:0 Mem:1941.63M (Peak 1941.63M) | Time:00:00.02 | Syncing QA:Upper second molar tooth.r
Fra:0 Mem:1941.91M (Peak 1941.91M) | Time:00:00.02 | Syncing QA:Upper second premolar.l
Fra:0 Mem:1942.16M (Peak 1942.16M) | Time:00:00.02 | Syncing QA:Upper second premolar.r
Fra:0 Mem:1942.42M (Peak 1942.42M) | Time:00:00.02 | Syncing QA:Vertebra C3
Fra:0 Mem:1942.74M (Peak 1942.74M) | Time:00:00.02 | Syncing QA:Vertebra C4
Fra:0 Mem:1943.02M (Peak 1943.02M) | Time:00:00.02 | Syncing QA:Vertebra C5
Fra:0 Mem:1943.33M (Peak 1943.33M) | Time:00:00.02 | Syncing QA:Vertebra C6
Fra:0 Mem:1943.63M (Peak 1943.63M) | Time:00:00.02 | Syncing QA:Vertebra C7
Fra:0 Mem:1943.93M (Peak 1943.93M) | Time:00:00.02 | Syncing QA:Vertebra L1
Fra:0 Mem:1944.30M (Peak 1944.30M) | Time:00:00.02 | Syncing QA:Vertebra L2
Fra:0 Mem:1944.63M (Peak 1944.63M) | Time:00:00.02 | Syncing QA:Vertebra L3
Fra:0 Mem:1944.99M (Peak 1944.99M) | Time:00:00.02 | Syncing QA:Vertebra L4
Fra:0 Mem:1945.40M (Peak 1945.40M) | Time:00:00.02 | Syncing QA:Vertebra L5
Fra:0 Mem:1945.82M (Peak 1945.82M) | Time:00:00.02 | Syncing QA:Vertebra T1
Fra:0 Mem:1946.11M (Peak 1946.11M) | Time:00:00.02 | Syncing QA:Vertebra T10
Fra:0 Mem:1946.46M (Peak 1946.46M) | Time:00:00.02 | Syncing QA:Vertebra T11
Fra:0 Mem:1946.74M (Peak 1946.74M) | Time:00:00.02 | Syncing QA:Vertebra T12
Fra:0 Mem:1947.06M (Peak 1947.06M) | Time:00:00.02 | Syncing QA:Vertebra T2
Fra:0 Mem:1947.36M (Peak 1947.36M) | Time:00:00.02 | Syncing QA:Vertebra T3
Fra:0 Mem:1947.67M (Peak 1947.67M) | Time:00:00.02 | Syncing QA:Vertebra T4
Fra:0 Mem:1947.97M (Peak 1947.97M) | Time:00:00.02 | Syncing QA:Vertebra T5
Fra:0 Mem:1948.27M (Peak 1948.27M) | Time:00:00.02 | Syncing QA:Vertebra T6
Fra:0 Mem:1948.54M (Peak 1948.54M) | Time:00:00.02 | Syncing QA:Vertebra T7
Fra:0 Mem:1948.88M (Peak 1948.88M) | Time:00:00.02 | Syncing QA:Vertebra T8
Fra:0 Mem:1949.15M (Peak 1949.15M) | Time:00:00.02 | Syncing QA:Vertebra T9
Fra:0 Mem:1949.50M (Peak 1949.50M) | Time:00:00.02 | Syncing QA:Vomer
Fra:0 Mem:1949.72M (Peak 1949.72M) | Time:00:00.02 | Syncing QA:Xiphoid process
Fra:0 Mem:1949.93M (Peak 1949.93M) | Time:00:00.02 | Syncing QA:Zygomatic bone.l
Fra:0 Mem:1950.18M (Peak 1950.18M) | Time:00:00.02 | Syncing QA:Zygomatic bone.r
Fra:0 Mem:1950.41M (Peak 1950.41M) | Time:00:00.02 | Syncing T98 camera
Fra:0 Mem:1950.41M (Peak 1950.41M) | Time:00:00.02 | Syncing T98 light
Fra:0 Mem:1950.41M (Peak 1950.41M) | Time:00:00.02 | Syncing T98 light.001
Fra:0 Mem:1949.56M (Peak 1950.41M) | Time:00:00.02 | Rendering 1 / 16 samples
Fra:0 Mem:1904.46M (Peak 1950.41M) | Time:00:00.10 | Rendering 16 / 16 samples
Saved: '/Users/daniel/Downloads/SIM /HUMAN ATLAS/work/evidence/T98/astra-resolution-2026-09-29/bone-front.png'
 Time: 00:00.14 (Saving: 00:00.03)

T98_BASE_PROBE_OK 960 {'vertices': 1518153, 'triangles': 3025614, 'indexedPositionNormalIndexBytes': 72743040, 'flatPositionNormalIndexBytes': 254151576}

Blender quit
Error: Not freed memory blocks: 322, total unfreed memory 0.002457 MB
