/Users/daniel/Downloads/SIM /HUMAN ATLAS/work/evidence/T98/astra-resolution-2026-09-29/inspect_base.py:80: RuntimeWarning: divide by zero encountered in matmul
  points = positions.astype(np.float64) @ matrix[:3, :3].T + matrix[:3, 3]
/Users/daniel/Downloads/SIM /HUMAN ATLAS/work/evidence/T98/astra-resolution-2026-09-29/inspect_base.py:80: RuntimeWarning: overflow encountered in matmul
  points = positions.astype(np.float64) @ matrix[:3, :3].T + matrix[:3, 3]
/Users/daniel/Downloads/SIM /HUMAN ATLAS/work/evidence/T98/astra-resolution-2026-09-29/inspect_base.py:80: RuntimeWarning: invalid value encountered in matmul
  points = positions.astype(np.float64) @ matrix[:3, :3].T + matrix[:3, 3]
T98_PROBE 100
T98_PROBE 200
T98_PROBE 300
T98_PROBE 400
T98_PROBE 500
T98_PROBE 600
T98_PROBE 700
T98_PROBE 800
T98_PROBE 900
Blender 3.5.0 (hash 1be25cfff18b built 2023-03-29 06:34:18)
Device with name Apple M5 supports metal minimum requirements
Read blend: /Users/daniel/Downloads/SIM /HUMAN ATLAS/atlas-data/source-cache/z-anatomy/t97/extracted/Z-Anatomy/Startup.blend
scripts disabled for "/Users/daniel/Downloads/SIM /HUMAN ATLAS/atlas-data/source-cache/z-anatomy/t97/extracted/Z-Anatomy/Startup.blend", skipping 'z-anatomy.py'
Dependency cycle detected:
  OBOesophagus-profile/TRANSFORM_INIT() depends on
  OBOesophagus/GEOMETRY_EVAL() via 'Curve Follow Parent'
  OBOesophagus/MODIFIER(Solidify) via 'modifier stack order'
  OBOesophagus/GEOMETRY_EVAL_INIT() via 'Modifier'
  CUOesophagus/GEOMETRY_EVAL_DONE() via 'Object Geometry Base Data'
  CUOesophagus/GEOMETRY_EVAL() via 'ObData Geom Eval Done'
  OBOesophagus-profile/TRANSFORM_FINAL() via 'Curve Bevel Transform'
  OBOesophagus-profile/TRANSFORM_SIMULATION_INIT() via 'Simulation -> Final Transform'
  OBOesophagus-profile/TRANSFORM_EVAL() via 'Transform Eval -> Simulation Init'
  OBOesophagus-profile/TRANSFORM_PARENT() via 'Eval'
  OBOesophagus-profile/TRANSFORM_LOCAL() via 'ObLocal -> ObParent'
  OBOesophagus-profile/TRANSFORM_INIT() via 'Transform Init'
Detected 1 dependency cycles
Dependency cycle detected:
  OBOesophagus-profile/TRANSFORM_INIT() depends on
  OBOesophagus/GEOMETRY_EVAL() via 'Curve Follow Parent'
  OBOesophagus/MODIFIER(Solidify) via 'modifier stack order'
  OBOesophagus/GEOMETRY_EVAL_INIT() via 'Modifier'
  CUOesophagus/GEOMETRY_EVAL_DONE() via 'Object Geometry Base Data'
  CUOesophagus/GEOMETRY_EVAL() via 'ObData Geom Eval Done'
  OBOesophagus-profile/TRANSFORM_FINAL() via 'Curve Bevel Transform'
  OBOesophagus-profile/TRANSFORM_SIMULATION_INIT() via 'Simulation -> Final Transform'
  OBOesophagus-profile/TRANSFORM_EVAL() via 'Transform Eval -> Simulation Init'
  OBOesophagus-profile/TRANSFORM_PARENT() via 'Eval'
  OBOesophagus-profile/TRANSFORM_LOCAL() via 'ObLocal -> ObParent'
  OBOesophagus-profile/TRANSFORM_INIT() via 'Transform Init'
Detected 1 dependency cycles
METAL API - DETECTED GPU: Apple M5
Fra:0 Mem:2021.80M (Peak 2022.65M) | Time:00:00.27 | Syncing QA:(Abdominal part of pectoralis 
Fra:0 Mem:2022.12M (Peak 2022.65M) | Time:00:00.27 | Syncing QA:(Abdominal part of pectoralis 
Fra:0 Mem:2022.39M (Peak 2022.65M) | Time:00:00.27 | Syncing QA:(Adductor minimus).l
Fra:0 Mem:2022.62M (Peak 2022.65M) | Time:00:00.27 | Syncing QA:(Adductor minimus).r
Fra:0 Mem:2022.85M (Peak 2022.85M) | Time:00:00.27 | Syncing QA:(Iliopectineal bursa).l
Fra:0 Mem:2023.10M (Peak 2023.10M) | Time:00:00.27 | Syncing QA:(Iliopectineal bursa).r
Fra:0 Mem:2023.35M (Peak 2023.35M) | Time:00:00.27 | Syncing QA:(Opponens digiti minimi muscle
Fra:0 Mem:2023.52M (Peak 2023.52M) | Time:00:00.27 | Syncing QA:(Opponens digiti minimi muscle
Fra:0 Mem:2023.69M (Peak 2023.69M) | Time:00:00.27 | Syncing QA:Abductor digiti minimi of foot
Fra:0 Mem:2023.95M (Peak 2023.95M) | Time:00:00.27 | Syncing QA:Abductor digiti minimi of foot
Fra:0 Mem:2024.20M (Peak 2024.20M) | Time:00:00.27 | Syncing QA:Abductor digiti minimi of hand
Fra:0 Mem:2024.41M (Peak 2024.41M) | Time:00:00.27 | Syncing QA:Abductor digiti minimi of hand
Fra:0 Mem:2024.62M (Peak 2024.62M) | Time:00:00.27 | Syncing QA:Abductor hallucis.l
Fra:0 Mem:2024.91M (Peak 2024.91M) | Time:00:00.27 | Syncing QA:Abductor hallucis.r
Fra:0 Mem:2025.20M (Peak 2025.20M) | Time:00:00.27 | Syncing QA:Abductor pollicis brevis.l
Fra:0 Mem:2025.41M (Peak 2025.41M) | Time:00:00.27 | Syncing QA:Abductor pollicis brevis.r
Fra:0 Mem:2025.61M (Peak 2025.61M) | Time:00:00.27 | Syncing QA:Abductor pollicis longus.l
Fra:0 Mem:2025.97M (Peak 2025.97M) | Time:00:00.27 | Syncing QA:Abductor pollicis longus.r
Fra:0 Mem:2026.32M (Peak 2026.32M) | Time:00:00.27 | Syncing QA:Acromial part of deltoid muscl
Fra:0 Mem:2026.72M (Peak 2026.72M) | Time:00:00.27 | Syncing QA:Acromial part of deltoid muscl
Fra:0 Mem:2027.12M (Peak 2027.12M) | Time:00:00.28 | Syncing QA:Adductor brevis.l
Fra:0 Mem:2027.45M (Peak 2027.45M) | Time:00:00.28 | Syncing QA:Adductor brevis.r
Fra:0 Mem:2027.78M (Peak 2027.78M) | Time:00:00.28 | Syncing QA:Adductor longus.l
Fra:0 Mem:2028.25M (Peak 2028.25M) | Time:00:00.28 | Syncing QA:Adductor longus.r
Fra:0 Mem:2028.71M (Peak 2028.71M) | Time:00:00.28 | Syncing QA:Adductor magnus.l
Fra:0 Mem:2029.55M (Peak 2029.55M) | Time:00:00.28 | Syncing QA:Adductor magnus.r
Fra:0 Mem:2030.39M (Peak 2030.39M) | Time:00:00.28 | Syncing QA:Anconeus muscle.l
Fra:0 Mem:2030.66M (Peak 2030.66M) | Time:00:00.28 | Syncing QA:Anconeus muscle.r
Fra:0 Mem:2030.93M (Peak 2030.93M) | Time:00:00.28 | Syncing QA:Anserine bursa.l
Fra:0 Mem:2031.16M (Peak 2031.16M) | Time:00:00.28 | Syncing QA:Anserine bursa.r
Fra:0 Mem:2031.39M (Peak 2031.39M) | Time:00:00.28 | Syncing QA:Antebrachial fascia.l
Fra:0 Mem:2031.94M (Peak 2031.94M) | Time:00:00.28 | Syncing QA:Antebrachial fascia.r
Fra:0 Mem:2032.48M (Peak 2032.48M) | Time:00:00.28 | Syncing QA:Anterior belly of digastric mu
Fra:0 Mem:2032.66M (Peak 2032.66M) | Time:00:00.28 | Syncing QA:Anterior belly of digastric mu
Fra:0 Mem:2032.85M (Peak 2032.85M) | Time:00:00.28 | Syncing QA:Anterior cells of ethmoid bone
Fra:0 Mem:2033.05M (Peak 2033.05M) | Time:00:00.28 | Syncing QA:Anterior cells of ethmoid bone
Fra:0 Mem:2033.25M (Peak 2033.25M) | Time:00:00.28 | Syncing QA:Anterior intermuscular septum 
Fra:0 Mem:2033.42M (Peak 2033.42M) | Time:00:00.28 | Syncing QA:Anterior intermuscular septum 
Fra:0 Mem:2033.60M (Peak 2033.60M) | Time:00:00.28 | Syncing QA:Anterior layer of thoracolumba
Fra:0 Mem:2033.76M (Peak 2033.76M) | Time:00:00.28 | Syncing QA:Anterior layer of thoracolumba
Fra:0 Mem:2033.93M (Peak 2033.93M) | Time:00:00.28 | Syncing QA:Ary-epiglottic part of oblique
Fra:0 Mem:2034.20M (Peak 2034.20M) | Time:00:00.28 | Syncing QA:Ary-epiglottic part of oblique
Fra:0 Mem:2034.47M (Peak 2034.47M) | Time:00:00.28 | Syncing QA:Arytenoid cartilage.l
Fra:0 Mem:2034.95M (Peak 2034.95M) | Time:00:00.28 | Syncing QA:Arytenoid cartilage.r
Fra:0 Mem:2035.44M (Peak 2035.44M) | Time:00:00.28 | Syncing QA:Ascending part of trapezius mu
Fra:0 Mem:2035.97M (Peak 2035.97M) | Time:00:00.28 | Syncing QA:Ascending part of trapezius mu
Fra:0 Mem:2036.51M (Peak 2036.51M) | Time:00:00.28 | Syncing QA:Atlas (C1)
Fra:0 Mem:2036.84M (Peak 2036.84M) | Time:00:00.28 | Syncing QA:Axis (C2)
Fra:0 Mem:2037.19M (Peak 2037.19M) | Time:00:00.28 | Syncing QA:Bicipitoradial bursa.l
Fra:0 Mem:2037.43M (Peak 2037.43M) | Time:00:00.28 | Syncing QA:Bicipitoradial bursa.r
Fra:0 Mem:2037.68M (Peak 2037.68M) | Time:00:00.28 | Syncing QA:Body of sternum
Fra:0 Mem:2038.21M (Peak 2038.21M) | Time:00:00.28 | Syncing QA:Brachial fascia.l
Fra:0 Mem:2038.62M (Peak 2038.62M) | Time:00:00.28 | Syncing QA:Brachial fascia.r
Fra:0 Mem:2039.04M (Peak 2039.04M) | Time:00:00.28 | Syncing QA:Brachialis muscle.l
Fra:0 Mem:2039.48M (Peak 2039.48M) | Time:00:00.28 | Syncing QA:Brachialis muscle.r
Fra:0 Mem:2039.93M (Peak 2039.93M) | Time:00:00.28 | Syncing QA:Brachioradialis muscle.l
Fra:0 Mem:2040.69M (Peak 2040.69M) | Time:00:00.28 | Syncing QA:Brachioradialis muscle.r
Fra:0 Mem:2041.46M (Peak 2041.46M) | Time:00:00.28 | Syncing QA:Bucinator.l
Fra:0 Mem:2041.68M (Peak 2041.68M) | Time:00:00.28 | Syncing QA:Bucinator.r
Fra:0 Mem:2041.91M (Peak 2041.91M) | Time:00:00.28 | Syncing QA:Bursa of piriformis muscle.l
Fra:0 Mem:2042.15M (Peak 2042.15M) | Time:00:00.28 | Syncing QA:Bursa of piriformis muscle.r
Fra:0 Mem:2042.40M (Peak 2042.40M) | Time:00:00.28 | Syncing QA:Calcaneal tendon.l
Fra:0 Mem:2042.92M (Peak 2042.92M) | Time:00:00.28 | Syncing QA:Calcaneal tendon.r
Fra:0 Mem:2043.43M (Peak 2043.43M) | Time:00:00.28 | Syncing QA:Calcaneus.l
Fra:0 Mem:2043.71M (Peak 2043.71M) | Time:00:00.28 | Syncing QA:Calcaneus.r
Fra:0 Mem:2043.98M (Peak 2043.98M) | Time:00:00.28 | Syncing QA:Capitate bone.l
Fra:0 Mem:2044.17M (Peak 2044.17M) | Time:00:00.28 | Syncing QA:Capitate bone.r
Fra:0 Mem:2044.36M (Peak 2044.36M) | Time:00:00.28 | Syncing QA:Clavicle.l
Fra:0 Mem:2044.64M (Peak 2044.64M) | Time:00:00.28 | Syncing QA:Clavicle.r
Fra:0 Mem:2044.92M (Peak 2044.92M) | Time:00:00.28 | Syncing QA:Clavicular head of pectoralis 
Fra:0 Mem:2045.14M (Peak 2045.14M) | Time:00:00.28 | Syncing QA:Clavicular head of pectoralis 
Fra:0 Mem:2045.37M (Peak 2045.37M) | Time:00:00.28 | Syncing QA:Clavicular part of deltoid mus
Fra:0 Mem:2045.76M (Peak 2045.76M) | Time:00:00.28 | Syncing QA:Clavicular part of deltoid mus
Fra:0 Mem:2046.16M (Peak 2046.16M) | Time:00:00.28 | Syncing QA:Clavipectoral fascia.l
Fra:0 Mem:2046.39M (Peak 2046.39M) | Time:00:00.28 | Syncing QA:Clavipectoral fascia.r
Fra:0 Mem:2046.62M (Peak 2046.62M) | Time:00:00.28 | Syncing QA:Coccygeus muscle.l
Fra:0 Mem:2046.86M (Peak 2046.86M) | Time:00:00.28 | Syncing QA:Coccygeus muscle.r
Fra:0 Mem:2047.10M (Peak 2047.10M) | Time:00:00.28 | Syncing QA:Coccyx
Fra:0 Mem:2047.34M (Peak 2047.34M) | Time:00:00.28 | Syncing QA:Common flexor tendon sheath.l
Fra:0 Mem:2047.55M (Peak 2047.55M) | Time:00:00.28 | Syncing QA:Common flexor tendon sheath.r
Fra:0 Mem:2048.61M (Peak 2048.66M) | Time:00:00.28 | Syncing QA:Common tendinous ring.l
Fra:0 Mem:2048.80M (Peak 2048.80M) | Time:00:00.28 | Syncing QA:Common tendinous ring.r
Fra:0 Mem:2049.00M (Peak 2049.00M) | Time:00:00.28 | Syncing QA:Common tendon sheath of fibula
Fra:0 Mem:2049.25M (Peak 2049.25M) | Time:00:00.28 | Syncing QA:Common tendon sheath of fibula
Fra:0 Mem:2049.50M (Peak 2049.50M) | Time:00:00.29 | Syncing QA:Coracobrachial bursa.l
Fra:0 Mem:2049.74M (Peak 2049.74M) | Time:00:00.29 | Syncing QA:Coracobrachial bursa.r
Fra:0 Mem:2049.99M (Peak 2049.99M) | Time:00:00.29 | Syncing QA:Coracobrachialis muscle.l
Fra:0 Mem:2050.24M (Peak 2050.24M) | Time:00:00.29 | Syncing QA:Coracobrachialis muscle.r
Fra:0 Mem:2050.49M (Peak 2050.49M) | Time:00:00.29 | Syncing QA:Corniculate cartilage.l
Fra:0 Mem:2050.65M (Peak 2050.65M) | Time:00:00.29 | Syncing QA:Corniculate cartilage.r
Fra:0 Mem:2050.82M (Peak 2050.82M) | Time:00:00.29 | Syncing QA:Corrugator supercilii.l
Fra:0 Mem:2050.99M (Peak 2050.99M) | Time:00:00.29 | Syncing QA:Corrugator supercilii.r
Fra:0 Mem:2051.17M (Peak 2051.17M) | Time:00:00.29 | Syncing QA:Costal cartilage of eighth rib
Fra:0 Mem:2051.49M (Peak 2051.49M) | Time:00:00.29 | Syncing QA:Costal cartilage of eighth rib
Fra:0 Mem:2051.81M (Peak 2051.81M) | Time:00:00.29 | Syncing QA:Costal cartilage of fifth rib.
Fra:0 Mem:2052.38M (Peak 2052.38M) | Time:00:00.29 | Syncing QA:Costal cartilage of fifth rib.
Fra:0 Mem:2052.95M (Peak 2052.95M) | Time:00:00.29 | Syncing QA:Costal cartilage of first rib.
Fra:0 Mem:2053.28M (Peak 2053.28M) | Time:00:00.29 | Syncing QA:Costal cartilage of first rib.
Fra:0 Mem:2053.62M (Peak 2053.62M) | Time:00:00.29 | Syncing QA:Costal cartilage of fourth rib
Fra:0 Mem:2054.06M (Peak 2054.06M) | Time:00:00.29 | Syncing QA:Costal cartilage of fourth rib
Fra:0 Mem:2054.50M (Peak 2054.50M) | Time:00:00.29 | Syncing QA:Costal cartilage of ninth rib.
Fra:0 Mem:2054.78M (Peak 2054.78M) | Time:00:00.29 | Syncing QA:Costal cartilage of ninth rib.
Fra:0 Mem:2055.05M (Peak 2055.05M) | Time:00:00.29 | Syncing QA:Costal cartilage of second rib
Fra:0 Mem:2055.43M (Peak 2055.43M) | Time:00:00.29 | Syncing QA:Costal cartilage of second rib
Fra:0 Mem:2055.80M (Peak 2055.80M) | Time:00:00.29 | Syncing QA:Costal cartilage of seventh ri
Fra:0 Mem:2056.84M (Peak 2056.89M) | Time:00:00.29 | Syncing QA:Costal cartilage of seventh ri
Fra:0 Mem:2057.89M (Peak 2057.94M) | Time:00:00.29 | Syncing QA:Costal cartilage of sixth rib.
Fra:0 Mem:2058.57M (Peak 2058.57M) | Time:00:00.29 | Syncing QA:Costal cartilage of sixth rib.
Fra:0 Mem:2059.24M (Peak 2059.24M) | Time:00:00.29 | Syncing QA:Costal cartilage of tenth rib.
Fra:0 Mem:2059.49M (Peak 2059.49M) | Time:00:00.29 | Syncing QA:Costal cartilage of tenth rib.
Fra:0 Mem:2059.74M (Peak 2059.74M) | Time:00:00.29 | Syncing QA:Costal cartilage of third rib.
Fra:0 Mem:2060.13M (Peak 2060.13M) | Time:00:00.29 | Syncing QA:Costal cartilage of third rib.
Fra:0 Mem:2060.51M (Peak 2060.51M) | Time:00:00.29 | Syncing QA:Cricoid cartilage
Fra:0 Mem:2060.88M (Peak 2060.88M) | Time:00:00.29 | Syncing QA:Cruciform part of fibrous shea
Fra:0 Mem:2061.34M (Peak 2061.34M) | Time:00:00.29 | Syncing QA:Cruciform part of fibrous shea
Fra:0 Mem:2061.80M (Peak 2061.80M) | Time:00:00.29 | Syncing QA:Crural fascia.l
Fra:0 Mem:2062.91M (Peak 2062.91M) | Time:00:00.29 | Syncing QA:Crural fascia.r
Fra:0 Mem:2064.02M (Peak 2064.02M) | Time:00:00.29 | Syncing QA:Cuboid bone.l
Fra:0 Mem:2064.25M (Peak 2064.25M) | Time:00:00.29 | Syncing QA:Cuboid bone.r
Fra:0 Mem:2064.49M (Peak 2064.49M) | Time:00:00.29 | Syncing QA:Deep head of flexor pollicis b
Fra:0 Mem:2064.70M (Peak 2064.70M) | Time:00:00.29 | Syncing QA:Deep head of flexor pollicis b
Fra:0 Mem:2064.91M (Peak 2064.91M) | Time:00:00.29 | Syncing QA:Deep head of pronator teres.l
Fra:0 Mem:2065.16M (Peak 2065.16M) | Time:00:00.29 | Syncing QA:Deep head of pronator teres.r
Fra:0 Mem:2065.40M (Peak 2065.40M) | Time:00:00.29 | Syncing QA:Deep infrapatellar bursa.l
Fra:0 Mem:2065.62M (Peak 2065.62M) | Time:00:00.29 | Syncing QA:Deep infrapatellar bursa.r
Fra:0 Mem:2065.83M (Peak 2065.83M) | Time:00:00.29 | Syncing QA:Deep part of masseter.l
Fra:0 Mem:2066.07M (Peak 2066.07M) | Time:00:00.29 | Syncing QA:Deep part of masseter.r
Fra:0 Mem:2066.30M (Peak 2066.30M) | Time:00:00.29 | Syncing QA:Deltoid fascia.l
Fra:0 Mem:2066.77M (Peak 2066.77M) | Time:00:00.29 | Syncing QA:Deltoid fascia.r
Fra:0 Mem:2067.23M (Peak 2067.23M) | Time:00:00.29 | Syncing QA:Depressor anguli oris.l
Fra:0 Mem:2067.43M (Peak 2067.43M) | Time:00:00.29 | Syncing QA:Depressor anguli oris.r
Fra:0 Mem:2067.63M (Peak 2067.63M) | Time:00:00.29 | Syncing QA:Depressor labii inferioris.l
Fra:0 Mem:2067.86M (Peak 2067.86M) | Time:00:00.29 | Syncing QA:Depressor labii inferioris.r
Fra:0 Mem:2068.08M (Peak 2068.08M) | Time:00:00.29 | Syncing QA:Depressor septi nasi.l
Fra:0 Mem:2068.25M (Peak 2068.25M) | Time:00:00.29 | Syncing QA:Depressor septi nasi.r
Fra:0 Mem:2068.42M (Peak 2068.42M) | Time:00:00.29 | Syncing QA:Descending part of trapezius m
Fra:0 Mem:2069.14M (Peak 2069.14M) | Time:00:00.29 | Syncing QA:Descending part of trapezius m
Fra:0 Mem:2069.86M (Peak 2069.86M) | Time:00:00.29 | Syncing QA:Diaphragm
Fra:0 Mem:2072.54M (Peak 2072.54M) | Time:00:00.29 | Syncing QA:Diaphragmatic fascia
Fra:0 Mem:2073.10M (Peak 2073.10M) | Time:00:00.29 | Syncing QA:Distal phalanx of fifth finger
Fra:0 Mem:2073.27M (Peak 2073.27M) | Time:00:00.29 | Syncing QA:Distal phalanx of fifth finger
Fra:0 Mem:2073.44M (Peak 2073.44M) | Time:00:00.29 | Syncing QA:Distal phalanx of fifth finger
Fra:0 Mem:2073.61M (Peak 2073.61M) | Time:00:00.29 | Syncing QA:Distal phalanx of fifth finger
Fra:0 Mem:2073.78M (Peak 2073.78M) | Time:00:00.29 | Syncing QA:Distal phalanx of first finger
Fra:0 Mem:2073.97M (Peak 2073.97M) | Time:00:00.29 | Syncing QA:Distal phalanx of first finger
Fra:0 Mem:2074.16M (Peak 2074.16M) | Time:00:00.29 | Syncing QA:Distal phalanx of first finger
Fra:0 Mem:2074.33M (Peak 2074.33M) | Time:00:00.29 | Syncing QA:Distal phalanx of first finger
Fra:0 Mem:2074.50M (Peak 2074.50M) | Time:00:00.29 | Syncing QA:Distal phalanx of fourth finge
Fra:0 Mem:2074.67M (Peak 2074.67M) | Time:00:00.29 | Syncing QA:Distal phalanx of fourth finge
Fra:0 Mem:2074.84M (Peak 2074.84M) | Time:00:00.29 | Syncing QA:Distal phalanx of fourth finge
Fra:0 Mem:2075.01M (Peak 2075.01M) | Time:00:00.29 | Syncing QA:Distal phalanx of fourth finge
Fra:0 Mem:2075.17M (Peak 2075.17M) | Time:00:00.29 | Syncing QA:Distal phalanx of second finge
Fra:0 Mem:2075.34M (Peak 2075.34M) | Time:00:00.29 | Syncing QA:Distal phalanx of second finge
Fra:0 Mem:2075.51M (Peak 2075.51M) | Time:00:00.29 | Syncing QA:Distal phalanx of second finge
Fra:0 Mem:2075.68M (Peak 2075.68M) | Time:00:00.29 | Syncing QA:Distal phalanx of second finge
Fra:0 Mem:2075.85M (Peak 2075.85M) | Time:00:00.29 | Syncing QA:Distal phalanx of third finger
Fra:0 Mem:2076.03M (Peak 2076.03M) | Time:00:00.29 | Syncing QA:Distal phalanx of third finger
Fra:0 Mem:2076.21M (Peak 2076.21M) | Time:00:00.29 | Syncing QA:Distal phalanx of third finger
Fra:0 Mem:2076.37M (Peak 2076.37M) | Time:00:00.29 | Syncing QA:Distal phalanx of third finger
Fra:0 Mem:2076.54M (Peak 2076.54M) | Time:00:00.29 | Syncing QA:Dorsal fascia of hand.l
Fra:0 Mem:2076.82M (Peak 2076.82M) | Time:00:00.30 | Syncing QA:Dorsal fascia of hand.r
Fra:0 Mem:2077.10M (Peak 2077.10M) | Time:00:00.30 | Syncing QA:Dorsal interossei muscles of f
Fra:0 Mem:2077.41M (Peak 2077.41M) | Time:00:00.30 | Syncing QA:Dorsal interossei muscles of f
Fra:0 Mem:2077.73M (Peak 2077.73M) | Time:00:00.30 | Syncing QA:Dorsal interossei muscles of h
Fra:0 Mem:2077.99M (Peak 2077.99M) | Time:00:00.30 | Syncing QA:Dorsal interossei muscles of h
Fra:0 Mem:2078.26M (Peak 2078.26M) | Time:00:00.30 | Syncing QA:Dorsal parts of lateral intert
Fra:0 Mem:2078.47M (Peak 2078.47M) | Time:00:00.30 | Syncing QA:Dorsal parts of lateral intert
Fra:0 Mem:2078.68M (Peak 2078.68M) | Time:00:00.30 | Syncing QA:Eighth rib.l
Fra:0 Mem:2079.52M (Peak 2079.52M) | Time:00:00.30 | Syncing QA:Eighth rib.r
Fra:0 Mem:2080.37M (Peak 2080.37M) | Time:00:00.30 | Syncing QA:Eleventh rib.l
Fra:0 Mem:2080.94M (Peak 2080.94M) | Time:00:00.30 | Syncing QA:Eleventh rib.r
Fra:0 Mem:2081.52M (Peak 2081.52M) | Time:00:00.30 | Syncing QA:Epicranial aponeurosis.l
Fra:0 Mem:2083.36M (Peak 2083.36M) | Time:00:00.30 | Syncing QA:Epicranial aponeurosis.r
Fra:0 Mem:2085.20M (Peak 2085.20M) | Time:00:00.30 | Syncing QA:Ethmoid bone
Fra:0 Mem:2086.07M (Peak 2086.07M) | Time:00:00.30 | Syncing QA:Extensor carpi radialis brevis
Fra:0 Mem:2086.49M (Peak 2086.49M) | Time:00:00.30 | Syncing QA:Extensor carpi radialis brevis
Fra:0 Mem:2086.90M (Peak 2086.90M) | Time:00:00.30 | Syncing QA:Extensor carpi radialis longus
Fra:0 Mem:2087.36M (Peak 2087.36M) | Time:00:00.30 | Syncing QA:Extensor carpi radialis longus
Fra:0 Mem:2087.83M (Peak 2087.83M) | Time:00:00.30 | Syncing QA:Extensor digiti minimi.l
Fra:0 Mem:2088.16M (Peak 2088.16M) | Time:00:00.30 | Syncing QA:Extensor digiti minimi.r
Fra:0 Mem:2088.49M (Peak 2088.49M) | Time:00:00.30 | Syncing QA:Extensor digitorum brevis.l
Fra:0 Mem:2088.91M (Peak 2088.91M) | Time:00:00.30 | Syncing QA:Extensor digitorum brevis.r
Fra:0 Mem:2089.33M (Peak 2089.33M) | Time:00:00.30 | Syncing QA:Extensor digitorum longus.l
Fra:0 Mem:2089.74M (Peak 2089.74M) | Time:00:00.30 | Syncing QA:Extensor digitorum longus.r
Fra:0 Mem:2090.16M (Peak 2090.16M) | Time:00:00.30 | Syncing QA:Extensor digitorum.l
Fra:0 Mem:2090.85M (Peak 2090.85M) | Time:00:00.30 | Syncing QA:Extensor digitorum.r
Fra:0 Mem:2091.54M (Peak 2091.54M) | Time:00:00.30 | Syncing QA:Extensor hallucis brevis.l
Fra:0 Mem:2091.79M (Peak 2091.79M) | Time:00:00.30 | Syncing QA:Extensor hallucis brevis.r
Fra:0 Mem:2092.03M (Peak 2092.03M) | Time:00:00.30 | Syncing QA:Extensor hallucis longus.l
Fra:0 Mem:2092.38M (Peak 2092.38M) | Time:00:00.30 | Syncing QA:Extensor hallucis longus.r
Fra:0 Mem:2092.73M (Peak 2092.73M) | Time:00:00.30 | Syncing QA:Extensor indicis.l
Fra:0 Mem:2092.98M (Peak 2092.98M) | Time:00:00.30 | Syncing QA:Extensor indicis.r
Fra:0 Mem:2093.22M (Peak 2093.22M) | Time:00:00.30 | Syncing QA:Extensor pollicis brevis.l
Fra:0 Mem:2093.47M (Peak 2093.47M) | Time:00:00.30 | Syncing QA:Extensor pollicis brevis.r
Fra:0 Mem:2093.72M (Peak 2093.72M) | Time:00:00.30 | Syncing QA:Extensor pollicis longus.l
Fra:0 Mem:2094.01M (Peak 2094.01M) | Time:00:00.30 | Syncing QA:Extensor pollicis longus.r
Fra:0 Mem:2094.29M (Peak 2094.29M) | Time:00:00.30 | Syncing QA:Extensor retinaculum of wrist.
Fra:0 Mem:2094.47M (Peak 2094.47M) | Time:00:00.30 | Syncing QA:Extensor retinaculum of wrist.
Fra:0 Mem:2094.66M (Peak 2094.66M) | Time:00:00.30 | Syncing QA:External abdominal oblique mus
Fra:0 Mem:2097.30M (Peak 2097.30M) | Time:00:00.30 | Syncing QA:External abdominal oblique mus
Fra:0 Mem:2099.94M (Peak 2099.94M) | Time:00:00.30 | Syncing QA:External anal sphincter.l
Fra:0 Mem:2100.11M (Peak 2100.11M) | Time:00:00.30 | Syncing QA:External anal sphincter.r
Fra:0 Mem:2100.28M (Peak 2100.28M) | Time:00:00.30 | Syncing QA:External intercostal muscles.l
Fra:0 Mem:2103.91M (Peak 2104.06M) | Time:00:00.30 | Syncing QA:External intercostal muscles.r
Fra:0 Mem:2107.54M (Peak 2107.69M) | Time:00:00.31 | Syncing QA:External part of thyro-aryteno
Fra:0 Mem:2107.95M (Peak 2107.95M) | Time:00:00.31 | Syncing QA:External part of thyro-aryteno
Fra:0 Mem:2108.37M (Peak 2108.37M) | Time:00:00.31 | Syncing QA:Fascia lata.l
Fra:0 Mem:2109.66M (Peak 2109.66M) | Time:00:00.31 | Syncing QA:Fascia lata.r
Fra:0 Mem:2110.95M (Peak 2110.95M) | Time:00:00.31 | Syncing QA:Femur.l
Fra:0 Mem:2111.42M (Peak 2111.42M) | Time:00:00.31 | Syncing QA:Femur.r
Fra:0 Mem:2111.89M (Peak 2111.89M) | Time:00:00.31 | Syncing QA:Fibula.l
Fra:0 Mem:2112.14M (Peak 2112.14M) | Time:00:00.31 | Syncing QA:Fibula.r
Fra:0 Mem:2112.40M (Peak 2112.40M) | Time:00:00.31 | Syncing QA:Fibularis brevis muscle.l
Fra:0 Mem:2112.84M (Peak 2112.84M) | Time:00:00.31 | Syncing QA:Fibularis brevis muscle.r
Fra:0 Mem:2113.28M (Peak 2113.28M) | Time:00:00.31 | Syncing QA:Fibularis longus muscle.l
Fra:0 Mem:2113.90M (Peak 2113.90M) | Time:00:00.31 | Syncing QA:Fibularis longus muscle.r
Fra:0 Mem:2114.51M (Peak 2114.51M) | Time:00:00.31 | Syncing QA:Fibularis tertius muscle.l
Fra:0 Mem:2114.71M (Peak 2114.71M) | Time:00:00.31 | Syncing QA:Fibularis tertius muscle.r
Fra:0 Mem:2114.91M (Peak 2114.91M) | Time:00:00.31 | Syncing QA:Fifth metacarpal bone.l
Fra:0 Mem:2115.11M (Peak 2115.11M) | Time:00:00.31 | Syncing QA:Fifth metacarpal bone.r
Fra:0 Mem:2115.30M (Peak 2115.30M) | Time:00:00.31 | Syncing QA:Fifth metatarsal bone.l
Fra:0 Mem:2115.52M (Peak 2115.52M) | Time:00:00.31 | Syncing QA:Fifth metatarsal bone.r
Fra:0 Mem:2115.75M (Peak 2115.75M) | Time:00:00.31 | Syncing QA:Fifth rib.l
Fra:0 Mem:2116.69M (Peak 2116.69M) | Time:00:00.31 | Syncing QA:Fifth rib.r
Fra:0 Mem:2117.63M (Peak 2117.63M) | Time:00:00.31 | Syncing QA:First metacarpal bone.l
Fra:0 Mem:2117.84M (Peak 2117.84M) | Time:00:00.31 | Syncing QA:First metacarpal bone.r
Fra:0 Mem:2118.04M (Peak 2118.04M) | Time:00:00.31 | Syncing QA:First metatarsal bone.l
Fra:0 Mem:2118.29M (Peak 2118.29M) | Time:00:00.31 | Syncing QA:First metatarsal bone.r
Fra:0 Mem:2118.53M (Peak 2118.53M) | Time:00:00.31 | Syncing QA:First rib.l
Fra:0 Mem:2118.95M (Peak 2118.95M) | Time:00:00.31 | Syncing QA:First rib.r
Fra:0 Mem:2119.37M (Peak 2119.37M) | Time:00:00.31 | Syncing QA:Flexor carpi radialis.l
Fra:0 Mem:2119.66M (Peak 2119.66M) | Time:00:00.31 | Syncing QA:Flexor carpi radialis.r
Fra:0 Mem:2119.95M (Peak 2119.95M) | Time:00:00.31 | Syncing QA:Flexor digiti minimi of foot.l
Fra:0 Mem:2120.14M (Peak 2120.14M) | Time:00:00.31 | Syncing QA:Flexor digiti minimi of foot.r
Fra:0 Mem:2120.33M (Peak 2120.33M) | Time:00:00.31 | Syncing QA:Flexor digiti minimi of hand.l
Fra:0 Mem:2120.51M (Peak 2120.51M) | Time:00:00.31 | Syncing QA:Flexor digiti minimi of hand.r
Fra:0 Mem:2120.68M (Peak 2120.68M) | Time:00:00.31 | Syncing QA:Flexor digitorum brevis.l
Fra:0 Mem:2121.10M (Peak 2121.10M) | Time:00:00.31 | Syncing QA:Flexor digitorum brevis.r
Fra:0 Mem:2121.53M (Peak 2121.53M) | Time:00:00.31 | Syncing QA:Flexor digitorum longus.l
Fra:0 Mem:2122.25M (Peak 2122.25M) | Time:00:00.31 | Syncing QA:Flexor digitorum longus.r
Fra:0 Mem:2122.98M (Peak 2122.98M) | Time:00:00.31 | Syncing QA:Flexor digitorum profundus.l
Fra:0 Mem:2123.72M (Peak 2123.72M) | Time:00:00.31 | Syncing QA:Flexor digitorum profundus.r
Fra:0 Mem:2124.47M (Peak 2124.47M) | Time:00:00.31 | Syncing QA:Flexor hallucis longus.l
Fra:0 Mem:2125.12M (Peak 2125.12M) | Time:00:00.31 | Syncing QA:Flexor hallucis longus.r
Fra:0 Mem:2125.76M (Peak 2125.76M) | Time:00:00.31 | Syncing QA:Flexor pollicis longus.l
Fra:0 Mem:2126.05M (Peak 2126.05M) | Time:00:00.31 | Syncing QA:Flexor pollicis longus.r
Fra:0 Mem:2126.34M (Peak 2126.34M) | Time:00:00.31 | Syncing QA:Flexor retinaculum of ankle.l
Fra:0 Mem:2126.56M (Peak 2126.56M) | Time:00:00.31 | Syncing QA:Flexor retinaculum of ankle.r
Fra:0 Mem:2126.77M (Peak 2126.77M) | Time:00:00.31 | Syncing QA:Flexor retinaculum of wrist.l
Fra:0 Mem:2126.97M (Peak 2126.97M) | Time:00:00.31 | Syncing QA:Flexor retinaculum of wrist.r
Fra:0 Mem:2127.16M (Peak 2127.16M) | Time:00:00.31 | Syncing QA:Fourth metacarpal bone.l
Fra:0 Mem:2127.37M (Peak 2127.37M) | Time:00:00.31 | Syncing QA:Fourth metacarpal bone.r
Fra:0 Mem:2127.57M (Peak 2127.57M) | Time:00:00.31 | Syncing QA:Fourth metatarsal bone.l
Fra:0 Mem:2127.79M (Peak 2127.79M) | Time:00:00.32 | Syncing QA:Fourth metatarsal bone.r
Fra:0 Mem:2128.01M (Peak 2128.01M) | Time:00:00.32 | Syncing QA:Fourth rib.l
Fra:0 Mem:2128.88M (Peak 2128.88M) | Time:00:00.32 | Syncing QA:Fourth rib.r
Fra:0 Mem:2129.76M (Peak 2129.76M) | Time:00:00.32 | Syncing QA:Frontal bone
Fra:0 Mem:2130.57M (Peak 2130.57M) | Time:00:00.32 | Syncing QA:Frontalis muscle.l
Fra:0 Mem:2131.22M (Peak 2131.22M) | Time:00:00.32 | Syncing QA:Frontalis muscle.r
Fra:0 Mem:2131.86M (Peak 2131.86M) | Time:00:00.32 | Syncing QA:Genioglossus muscle.l
Fra:0 Mem:2132.45M (Peak 2132.45M) | Time:00:00.32 | Syncing QA:Genioglossus muscle.r
Fra:0 Mem:2133.05M (Peak 2133.05M) | Time:00:00.32 | Syncing QA:Geniohyoid muscle.l
Fra:0 Mem:2133.24M (Peak 2133.24M) | Time:00:00.32 | Syncing QA:Geniohyoid muscle.r
Fra:0 Mem:2133.44M (Peak 2133.44M) | Time:00:00.32 | Syncing QA:Gluteus maximus muscle.l
Fra:0 Mem:2133.87M (Peak 2133.87M) | Time:00:00.32 | Syncing QA:Gluteus maximus muscle.r
Fra:0 Mem:2134.30M (Peak 2134.30M) | Time:00:00.32 | Syncing QA:Gluteus medius muscle.l
Fra:0 Mem:2134.89M (Peak 2134.89M) | Time:00:00.32 | Syncing QA:Gluteus medius muscle.r
Fra:0 Mem:2135.47M (Peak 2135.47M) | Time:00:00.32 | Syncing QA:Gluteus minimus muscle.l
Fra:0 Mem:2136.15M (Peak 2136.15M) | Time:00:00.32 | Syncing QA:Gluteus minimus muscle.r
Fra:0 Mem:2136.82M (Peak 2136.82M) | Time:00:00.32 | Syncing QA:Gracilis muscle.l
Fra:0 Mem:2137.38M (Peak 2137.38M) | Time:00:00.32 | Syncing QA:Gracilis muscle.r
Fra:0 Mem:2137.93M (Peak 2137.93M) | Time:00:00.32 | Syncing QA:Hamate bone.l
Fra:0 Mem:2138.13M (Peak 2138.13M) | Time:00:00.32 | Syncing QA:Hamate bone.r
Fra:0 Mem:2138.33M (Peak 2138.33M) | Time:00:00.32 | Syncing QA:Hip bone.l
Fra:0 Mem:2138.79M (Peak 2138.79M) | Time:00:00.32 | Syncing QA:Hip bone.r
Fra:0 Mem:2139.25M (Peak 2139.25M) | Time:00:00.32 | Syncing QA:Humeral head of extensor carpi
Fra:0 Mem:2139.50M (Peak 2139.50M) | Time:00:00.32 | Syncing QA:Humeral head of extensor carpi
Fra:0 Mem:2139.75M (Peak 2139.75M) | Time:00:00.32 | Syncing QA:Humeral head of flexor carpi u
Fra:0 Mem:2140.23M (Peak 2140.23M) | Time:00:00.32 | Syncing QA:Humeral head of flexor carpi u
Fra:0 Mem:2140.71M (Peak 2140.71M) | Time:00:00.32 | Syncing QA:Humero-ulnar head of flexor di
Fra:0 Mem:2141.93M (Peak 2141.93M) | Time:00:00.32 | Syncing QA:Humero-ulnar head of flexor di
Fra:0 Mem:2143.16M (Peak 2143.16M) | Time:00:00.32 | Syncing QA:Humerus.l
Fra:0 Mem:2143.67M (Peak 2143.67M) | Time:00:00.32 | Syncing QA:Humerus.r
Fra:0 Mem:2144.18M (Peak 2144.18M) | Time:00:00.32 | Syncing QA:Hyoglossus muscle.l
Fra:0 Mem:2144.50M (Peak 2144.50M) | Time:00:00.32 | Syncing QA:Hyoglossus muscle.r
Fra:0 Mem:2144.82M (Peak 2144.82M) | Time:00:00.32 | Syncing QA:Hyoid bone
Fra:0 Mem:2145.08M (Peak 2145.08M) | Time:00:00.32 | Syncing QA:Iliacus muscle.l
Fra:0 Mem:2145.60M (Peak 2145.60M) | Time:00:00.32 | Syncing QA:Iliacus muscle.r
Fra:0 Mem:2146.12M (Peak 2146.12M) | Time:00:00.32 | Syncing QA:Iliococcygeus muscle.l
Fra:0 Mem:2146.43M (Peak 2146.43M) | Time:00:00.32 | Syncing QA:Iliococcygeus muscle.r
Fra:0 Mem:2146.75M (Peak 2146.75M) | Time:00:00.32 | Syncing QA:Iliocostalis colli muscle
Fra:0 Mem:2147.07M (Peak 2147.07M) | Time:00:00.32 | Syncing QA:Iliocostalis colli muscle.r
Fra:0 Mem:2147.39M (Peak 2147.39M) | Time:00:00.32 | Syncing QA:Iliocostalis lumborum muscle.l
Fra:0 Mem:2148.39M (Peak 2148.42M) | Time:00:00.32 | Syncing QA:Iliocostalis lumborum muscle.r
Fra:0 Mem:2149.38M (Peak 2149.42M) | Time:00:00.32 | Syncing QA:Iliocostalis thoracis muscle.l
Fra:0 Mem:2150.02M (Peak 2150.02M) | Time:00:00.33 | Syncing QA:Iliocostalis thoracis muscle.r
Fra:0 Mem:2150.65M (Peak 2150.65M) | Time:00:00.33 | Syncing QA:Iliopectineal arch.l
Fra:0 Mem:2150.81M (Peak 2150.81M) | Time:00:00.33 | Syncing QA:Iliopectineal arch.r
Fra:0 Mem:2150.98M (Peak 2150.98M) | Time:00:00.33 | Syncing QA:Iliopsoas fascia.l
Fra:0 Mem:2151.28M (Peak 2151.28M) | Time:00:00.33 | Syncing QA:Iliopsoas fascia.r
Fra:0 Mem:2151.57M (Peak 2151.57M) | Time:00:00.33 | Syncing QA:Iliotibial tract.l
Fra:0 Mem:2155.81M (Peak 2155.99M) | Time:00:00.33 | Syncing QA:Iliotibial tract.r
Fra:0 Mem:2160.05M (Peak 2160.23M) | Time:00:00.33 | Syncing QA:Incus.l
Fra:0 Mem:2160.42M (Peak 2160.42M) | Time:00:00.33 | Syncing QA:Incus.r
Fra:0 Mem:2160.79M (Peak 2160.79M) | Time:00:00.33 | Syncing QA:Inferior extensor retinaculum 
Fra:0 Mem:2160.97M (Peak 2160.97M) | Time:00:00.33 | Syncing QA:Inferior extensor retinaculum 
Fra:0 Mem:2161.15M (Peak 2161.15M) | Time:00:00.33 | Syncing QA:Inferior fibular retinaculum.l
Fra:0 Mem:2161.31M (Peak 2161.31M) | Time:00:00.33 | Syncing QA:Inferior fibular retinaculum.r
Fra:0 Mem:2161.46M (Peak 2161.46M) | Time:00:00.33 | Syncing QA:Inferior gemellus muscle.l
Fra:0 Mem:2161.69M (Peak 2161.69M) | Time:00:00.33 | Syncing QA:Inferior gemellus muscle.r
Fra:0 Mem:2161.93M (Peak 2161.93M) | Time:00:00.33 | Syncing QA:Inferior head of lateral ptery
Fra:0 Mem:2162.10M (Peak 2162.10M) | Time:00:00.33 | Syncing QA:Inferior head of lateral ptery
Fra:0 Mem:2162.28M (Peak 2162.28M) | Time:00:00.33 | Syncing QA:Inferior nasal concha bone.l
Fra:0 Mem:2162.47M (Peak 2162.47M) | Time:00:00.33 | Syncing QA:Inferior nasal concha bone.r
Fra:0 Mem:2162.66M (Peak 2162.66M) | Time:00:00.33 | Syncing QA:Inferior oblique muscle.l
Fra:0 Mem:2162.95M (Peak 2162.95M) | Time:00:00.33 | Syncing QA:Inferior oblique muscle.r
Fra:0 Mem:2163.24M (Peak 2163.24M) | Time:00:00.33 | Syncing QA:Inferior pharyngeal constricto
Fra:0 Mem:2163.83M (Peak 2163.83M) | Time:00:00.33 | Syncing QA:Inferior pharyngeal constricto
Fra:0 Mem:2164.41M (Peak 2164.41M) | Time:00:00.33 | Syncing QA:Inferior rectus muscle.l
Fra:0 Mem:2164.77M (Peak 2164.77M) | Time:00:00.33 | Syncing QA:Inferior rectus muscle.r
Fra:0 Mem:2165.13M (Peak 2165.13M) | Time:00:00.33 | Syncing QA:Inferior subtendinous bursa of
Fra:0 Mem:2165.34M (Peak 2165.34M) | Time:00:00.33 | Syncing QA:Inferior subtendinous bursa of
Fra:0 Mem:2165.56M (Peak 2165.56M) | Time:00:00.33 | Syncing QA:Inferior tarsus.l
Fra:0 Mem:2165.72M (Peak 2165.72M) | Time:00:00.33 | Syncing QA:Inferior tarsus.r
Fra:0 Mem:2165.88M (Peak 2165.88M) | Time:00:00.33 | Syncing QA:Infraspinatus muscle.l
Fra:0 Mem:2166.30M (Peak 2166.30M) | Time:00:00.33 | Syncing QA:Infraspinatus muscle.r
Fra:0 Mem:2166.72M (Peak 2166.72M) | Time:00:00.33 | Syncing QA:Inguinal ligament.l
Fra:0 Mem:2166.96M (Peak 2166.96M) | Time:00:00.33 | Syncing QA:Inguinal ligament.r
Fra:0 Mem:2167.20M (Peak 2167.20M) | Time:00:00.33 | Syncing QA:Innermost intercostal muscles.
Fra:0 Mem:2170.56M (Peak 2170.70M) | Time:00:00.34 | Syncing QA:Innermost intercostal muscles.
Fra:0 Mem:2173.93M (Peak 2174.07M) | Time:00:00.34 | Syncing QA:Intermediate cuneiform bone.l
Fra:0 Mem:2174.12M (Peak 2174.12M) | Time:00:00.34 | Syncing QA:Intermediate cuneiform bone.r
Fra:0 Mem:2174.31M (Peak 2174.31M) | Time:00:00.34 | Syncing QA:Intermediate tendon of digastr
Fra:0 Mem:2174.48M (Peak 2174.48M) | Time:00:00.34 | Syncing QA:Intermediate tendon of digastr
Fra:0 Mem:2174.65M (Peak 2174.65M) | Time:00:00.34 | Syncing QA:Intermuscular gluteal bursae.l
Fra:0 Mem:2174.88M (Peak 2174.88M) | Time:00:00.34 | Syncing QA:Intermuscular gluteal bursae.r
Fra:0 Mem:2175.35M (Peak 2175.35M) | Time:00:00.34 | Syncing QA:Internal abdominal oblique mus
Fra:0 Mem:2177.93M (Peak 2177.93M) | Time:00:00.34 | Syncing QA:Internal abdominal oblique mus
Fra:0 Mem:2180.51M (Peak 2180.51M) | Time:00:00.34 | Syncing QA:Internal intercostal muscles.l
Fra:0 Mem:2184.04M (Peak 2184.19M) | Time:00:00.34 | Syncing QA:Internal intercostal muscles.r
Fra:0 Mem:2187.57M (Peak 2187.72M) | Time:00:00.34 | Syncing QA:Interspinales colli muscles.l
Fra:0 Mem:2187.76M (Peak 2187.76M) | Time:00:00.34 | Syncing QA:Interspinales colli muscles.r
Fra:0 Mem:2187.94M (Peak 2187.94M) | Time:00:00.34 | Syncing QA:Interspinales lumborum muscles
Fra:0 Mem:2188.14M (Peak 2188.14M) | Time:00:00.34 | Syncing QA:Interspinales lumborum muscles
Fra:0 Mem:2188.34M (Peak 2188.34M) | Time:00:00.34 | Syncing QA:Interspinales thoracis muscles
Fra:0 Mem:2188.51M (Peak 2188.51M) | Time:00:00.34 | Syncing QA:Interspinales thoracis muscles
Fra:0 Mem:2188.67M (Peak 2188.67M) | Time:00:00.34 | Syncing QA:Intertubercular tendon sheath.
Fra:0 Mem:2188.88M (Peak 2188.88M) | Time:00:00.34 | Syncing QA:Intertubercular tendon sheath.
Fra:0 Mem:2189.08M (Peak 2189.08M) | Time:00:00.34 | Syncing QA:Investing abdominal fascia.l
Fra:0 Mem:2190.21M (Peak 2190.21M) | Time:00:00.34 | Syncing QA:Investing abdominal fascia.r
Fra:0 Mem:2191.34M (Peak 2191.34M) | Time:00:00.35 | Syncing QA:Lacrimal bone.l
Fra:0 Mem:2191.54M (Peak 2191.54M) | Time:00:00.35 | Syncing QA:Lacrimal bone.r
Fra:0 Mem:2191.74M (Peak 2191.74M) | Time:00:00.35 | Syncing QA:Lateral crico-arytenoid muscle
Fra:0 Mem:2192.09M (Peak 2192.09M) | Time:00:00.35 | Syncing QA:Lateral crico-arytenoid muscle
Fra:0 Mem:2192.43M (Peak 2192.43M) | Time:00:00.35 | Syncing QA:Lateral cuneiform bone.l
Fra:0 Mem:2192.66M (Peak 2192.66M) | Time:00:00.35 | Syncing QA:Lateral cuneiform bone.r
Fra:0 Mem:2192.87M (Peak 2192.87M) | Time:00:00.35 | Syncing QA:Lateral femoral intermuscular 
Fra:0 Mem:2193.07M (Peak 2193.07M) | Time:00:00.35 | Syncing QA:Lateral femoral intermuscular 
Fra:0 Mem:2193.27M (Peak 2193.27M) | Time:00:00.35 | Syncing QA:Lateral head of flexor halluci
Fra:0 Mem:2193.50M (Peak 2193.50M) | Time:00:00.35 | Syncing QA:Lateral head of flexor halluci
Fra:0 Mem:2193.74M (Peak 2193.74M) | Time:00:00.35 | Syncing QA:Lateral head of gastrocnemius.
Fra:0 Mem:2194.30M (Peak 2194.30M) | Time:00:00.35 | Syncing QA:Lateral head of gastrocnemius.
Fra:0 Mem:2194.86M (Peak 2194.86M) | Time:00:00.35 | Syncing QA:Lateral head of triceps brachi
Fra:0 Mem:2195.32M (Peak 2195.32M) | Time:00:00.35 | Syncing QA:Lateral head of triceps brachi
Fra:0 Mem:2195.77M (Peak 2195.77M) | Time:00:00.35 | Syncing QA:Lateral intermuscular septum o
Fra:0 Mem:2195.94M (Peak 2195.94M) | Time:00:00.35 | Syncing QA:Lateral intermuscular septum o
Fra:0 Mem:2196.10M (Peak 2196.10M) | Time:00:00.35 | Syncing QA:Lateral patellar retinaculum.l
Fra:0 Mem:2196.26M (Peak 2196.26M) | Time:00:00.35 | Syncing QA:Lateral patellar retinaculum.r
Fra:0 Mem:2196.42M (Peak 2196.42M) | Time:00:00.35 | Syncing QA:Lateral process of nasal septa
Fra:0 Mem:2196.60M (Peak 2196.60M) | Time:00:00.35 | Syncing QA:Lateral process of nasal septa
Fra:0 Mem:2196.78M (Peak 2196.78M) | Time:00:00.35 | Syncing QA:Lateral rectus muscle.l
Fra:0 Mem:2197.12M (Peak 2197.12M) | Time:00:00.35 | Syncing QA:Lateral rectus muscle.r
Fra:0 Mem:2197.46M (Peak 2197.46M) | Time:00:00.35 | Syncing QA:Lateral subtendinous bursa of 
Fra:0 Mem:2197.68M (Peak 2197.68M) | Time:00:00.35 | Syncing QA:Lateral subtendinous bursa of 
Fra:0 Mem:2197.89M (Peak 2197.89M) | Time:00:00.35 | Syncing QA:Latissimus dorsi muscle.l
Fra:0 Mem:2199.86M (Peak 2199.86M) | Time:00:00.35 | Syncing QA:Latissimus dorsi muscle.r
Fra:0 Mem:2201.82M (Peak 2201.82M) | Time:00:00.35 | Syncing QA:Levator anguli oris.l
Fra:0 Mem:2202.00M (Peak 2202.00M) | Time:00:00.35 | Syncing QA:Levator anguli oris.r
Fra:0 Mem:2202.18M (Peak 2202.18M) | Time:00:00.35 | Syncing QA:Levator labii superioris.l
Fra:0 Mem:2202.38M (Peak 2202.38M) | Time:00:00.35 | Syncing QA:Levator labii superioris.r
Fra:0 Mem:2202.57M (Peak 2202.57M) | Time:00:00.35 | Syncing QA:Levator nasolabialis.l
Fra:0 Mem:2202.74M (Peak 2202.74M) | Time:00:00.35 | Syncing QA:Levator nasolabialis.r
Fra:0 Mem:2202.90M (Peak 2202.90M) | Time:00:00.35 | Syncing QA:Levator palpebrae superioris.l
Fra:0 Mem:2203.31M (Peak 2203.31M) | Time:00:00.35 | Syncing QA:Levator palpebrae superioris.r
Fra:0 Mem:2203.71M (Peak 2203.71M) | Time:00:00.35 | Syncing QA:Levator scapulae.l
Fra:0 Mem:2204.12M (Peak 2204.12M) | Time:00:00.35 | Syncing QA:Levator scapulae.r
Fra:0 Mem:2204.53M (Peak 2204.53M) | Time:00:00.35 | Syncing QA:Levatores breves costarum.l
Fra:0 Mem:2204.91M (Peak 2204.91M) | Time:00:00.35 | Syncing QA:Levatores breves costarum.r
Fra:0 Mem:2205.29M (Peak 2205.29M) | Time:00:00.35 | Syncing QA:Levatores longi costarum.l
Fra:0 Mem:2205.94M (Peak 2205.94M) | Time:00:00.35 | Syncing QA:Levatores longi costarum.r
Fra:0 Mem:2206.59M (Peak 2206.59M) | Time:00:00.36 | Syncing QA:Linea alba
Fra:0 Mem:2206.77M (Peak 2206.77M) | Time:00:00.36 | Syncing QA:Long head of biceps brachii.l
Fra:0 Mem:2207.19M (Peak 2207.19M) | Time:00:00.36 | Syncing QA:Long head of biceps brachii.r
Fra:0 Mem:2207.61M (Peak 2207.61M) | Time:00:00.36 | Syncing QA:Long head of biceps femoris.l
Fra:0 Mem:2208.37M (Peak 2208.37M) | Time:00:00.36 | Syncing QA:Long head of biceps femoris.r
Fra:0 Mem:2209.13M (Peak 2209.13M) | Time:00:00.36 | Syncing QA:Long head of triceps brachii.l
Fra:0 Mem:2209.61M (Peak 2209.61M) | Time:00:00.36 | Syncing QA:Long head of triceps brachii.r
Fra:0 Mem:2210.10M (Peak 2210.10M) | Time:00:00.36 | Syncing QA:Longissimus capitis muscle.l
Fra:0 Mem:2210.38M (Peak 2210.38M) | Time:00:00.36 | Syncing QA:Longissimus capitis muscle.r
Fra:0 Mem:2210.66M (Peak 2210.66M) | Time:00:00.36 | Syncing QA:Longissimus colli muscle.l
Fra:0 Mem:2210.97M (Peak 2210.97M) | Time:00:00.36 | Syncing QA:Longissimus colli muscle.r
Fra:0 Mem:2211.27M (Peak 2211.27M) | Time:00:00.36 | Syncing QA:Longissimus thoracis muscle.l
Fra:0 Mem:2212.23M (Peak 2212.23M) | Time:00:00.36 | Syncing QA:Longissimus thoracis muscle.r
Fra:0 Mem:2213.19M (Peak 2213.19M) | Time:00:00.36 | Syncing QA:Longus capitis muscle.l
Fra:0 Mem:2213.51M (Peak 2213.51M) | Time:00:00.36 | Syncing QA:Longus capitis muscle.r
Fra:0 Mem:2213.83M (Peak 2213.83M) | Time:00:00.36 | Syncing QA:Longus colli muscle.l
Fra:0 Mem:2214.51M (Peak 2214.51M) | Time:00:00.36 | Syncing QA:Longus colli muscle.r
Fra:0 Mem:2215.19M (Peak 2215.19M) | Time:00:00.36 | Syncing QA:Lower canine.l
Fra:0 Mem:2215.45M (Peak 2215.45M) | Time:00:00.36 | Syncing QA:Lower canine.r
Fra:0 Mem:2215.70M (Peak 2215.70M) | Time:00:00.36 | Syncing QA:Lower first molar tooth.l
Fra:0 Mem:2216.23M (Peak 2216.23M) | Time:00:00.36 | Syncing QA:Lower first molar tooth.r
Fra:0 Mem:2216.76M (Peak 2216.76M) | Time:00:00.36 | Syncing QA:Lower first premolar.l
Fra:0 Mem:2217.01M (Peak 2217.01M) | Time:00:00.36 | Syncing QA:Lower first premolar.r
Fra:0 Mem:2217.27M (Peak 2217.27M) | Time:00:00.36 | Syncing QA:Lower lateral incisor.l
Fra:0 Mem:2217.50M (Peak 2217.50M) | Time:00:00.36 | Syncing QA:Lower lateral incisor.r
Fra:0 Mem:2217.74M (Peak 2217.74M) | Time:00:00.36 | Syncing QA:Lower medial incisor.l
Fra:0 Mem:2217.98M (Peak 2217.98M) | Time:00:00.36 | Syncing QA:Lower medial incisor.r
Fra:0 Mem:2218.21M (Peak 2218.21M) | Time:00:00.36 | Syncing QA:Lower second molar tooth.l
Fra:0 Mem:2218.50M (Peak 2218.50M) | Time:00:00.36 | Syncing QA:Lower second molar tooth.r
Fra:0 Mem:2218.79M (Peak 2218.79M) | Time:00:00.36 | Syncing QA:Lower second premolar.l
Fra:0 Mem:2219.04M (Peak 2219.04M) | Time:00:00.36 | Syncing QA:Lower second premolar.r
Fra:0 Mem:2219.29M (Peak 2219.29M) | Time:00:00.36 | Syncing QA:Lumbrical muscles of foot.l
Fra:0 Mem:2219.48M (Peak 2219.48M) | Time:00:00.36 | Syncing QA:Lumbrical muscles of foot.r
Fra:0 Mem:2219.66M (Peak 2219.66M) | Time:00:00.36 | Syncing QA:Lumbrical muscles of hand.l
Fra:0 Mem:2219.93M (Peak 2219.93M) | Time:00:00.36 | Syncing QA:Lumbrical muscles of hand.r
Fra:0 Mem:2220.19M (Peak 2220.19M) | Time:00:00.36 | Syncing QA:Lunate bone.l
Fra:0 Mem:2220.48M (Peak 2220.48M) | Time:00:00.36 | Syncing QA:Lunate bone.r
Fra:0 Mem:2220.77M (Peak 2220.77M) | Time:00:00.36 | Syncing QA:Major alar cartilage.l
Fra:0 Mem:2220.94M (Peak 2220.94M) | Time:00:00.36 | Syncing QA:Major alar cartilage.r
Fra:0 Mem:2221.12M (Peak 2221.12M) | Time:00:00.36 | Syncing QA:Malleus.l
Fra:0 Mem:2221.62M (Peak 2221.62M) | Time:00:00.36 | Syncing QA:Malleus.r
Fra:0 Mem:2222.13M (Peak 2222.13M) | Time:00:00.36 | Syncing QA:Mandible
Fra:0 Mem:2223.86M (Peak 2223.86M) | Time:00:00.36 | Syncing QA:Manubrium of sternum
Fra:0 Mem:2224.24M (Peak 2224.24M) | Time:00:00.36 | Syncing QA:Masseteric fascia.l
Fra:0 Mem:2224.42M (Peak 2224.42M) | Time:00:00.36 | Syncing QA:Masseteric fascia.r
Fra:0 Mem:2224.61M (Peak 2224.61M) | Time:00:00.36 | Syncing QA:Maxilla.l
Fra:0 Mem:2225.16M (Peak 2225.16M) | Time:00:00.36 | Syncing QA:Maxilla.r
Fra:0 Mem:2225.72M (Peak 2225.72M) | Time:00:00.36 | Syncing QA:Medial cuneiform bone.l
Fra:0 Mem:2225.95M (Peak 2225.95M) | Time:00:00.36 | Syncing QA:Medial cuneiform bone.r
Fra:0 Mem:2226.18M (Peak 2226.18M) | Time:00:00.36 | Syncing QA:Medial femoral intermuscular s
Fra:0 Mem:2227.01M (Peak 2227.53M) | Time:00:00.37 | Syncing QA:Medial femoral intermuscular s
Fra:0 Mem:2227.84M (Peak 2228.07M) | Time:00:00.37 | Syncing QA:Medial head of flexor hallucis
Fra:0 Mem:2228.03M (Peak 2228.07M) | Time:00:00.37 | Syncing QA:Medial head of flexor hallucis
Fra:0 Mem:2228.23M (Peak 2228.23M) | Time:00:00.37 | Syncing QA:Medial head of gastrocnemius.l
Fra:0 Mem:2228.92M (Peak 2228.92M) | Time:00:00.37 | Syncing QA:Medial head of gastrocnemius.r
Fra:0 Mem:2229.61M (Peak 2229.61M) | Time:00:00.37 | Syncing QA:Medial head of triceps brachii
Fra:0 Mem:2229.99M (Peak 2229.99M) | Time:00:00.37 | Syncing QA:Medial head of triceps brachii
Fra:0 Mem:2230.37M (Peak 2230.37M) | Time:00:00.37 | Syncing QA:Medial intermuscular septum of
Fra:0 Mem:2230.55M (Peak 2230.55M) | Time:00:00.37 | Syncing QA:Medial intermuscular septum of
Fra:0 Mem:2230.72M (Peak 2230.72M) | Time:00:00.37 | Syncing QA:Medial patellar retinaculum.l
Fra:0 Mem:2230.89M (Peak 2230.89M) | Time:00:00.37 | Syncing QA:Medial patellar retinaculum.r
Fra:0 Mem:2231.05M (Peak 2231.05M) | Time:00:00.37 | Syncing QA:Medial pterygoid muscle.l
Fra:0 Mem:2231.24M (Peak 2231.24M) | Time:00:00.37 | Syncing QA:Medial pterygoid muscle.r
Fra:0 Mem:2231.43M (Peak 2231.43M) | Time:00:00.37 | Syncing QA:Medial rectus muscle.l
Fra:0 Mem:2231.73M (Peak 2231.73M) | Time:00:00.37 | Syncing QA:Medial rectus muscle.r
Fra:0 Mem:2232.03M (Peak 2232.03M) | Time:00:00.37 | Syncing QA:Medial subtendinous bursa of g
Fra:0 Mem:2232.24M (Peak 2232.24M) | Time:00:00.37 | Syncing QA:Medial subtendinous bursa of g
Fra:0 Mem:2232.44M (Peak 2232.44M) | Time:00:00.37 | Syncing QA:Mentalis muscle.l
Fra:0 Mem:2232.61M (Peak 2232.61M) | Time:00:00.37 | Syncing QA:Mentalis muscle.r
Fra:0 Mem:2232.77M (Peak 2232.77M) | Time:00:00.37 | Syncing QA:Middle cells of ethmoid bone.l
Fra:0 Mem:2232.99M (Peak 2232.99M) | Time:00:00.37 | Syncing QA:Middle cells of ethmoid bone.r
Fra:0 Mem:2233.20M (Peak 2233.20M) | Time:00:00.37 | Syncing QA:Middle layer of thoracolumbar 
Fra:0 Mem:2233.36M (Peak 2233.36M) | Time:00:00.37 | Syncing QA:Middle layer of thoracolumbar 
Fra:0 Mem:2233.53M (Peak 2233.53M) | Time:00:00.37 | Syncing QA:Middle phalanx of fifth finger
Fra:0 Mem:2233.70M (Peak 2233.70M) | Time:00:00.37 | Syncing QA:Middle phalanx of fifth finger
Fra:0 Mem:2233.87M (Peak 2233.87M) | Time:00:00.37 | Syncing QA:Middle phalanx of fifth finger
Fra:0 Mem:2234.04M (Peak 2234.04M) | Time:00:00.37 | Syncing QA:Middle phalanx of fifth finger
Fra:0 Mem:2234.22M (Peak 2234.22M) | Time:00:00.37 | Syncing QA:Middle phalanx of fourth finge
Fra:0 Mem:2234.40M (Peak 2234.40M) | Time:00:00.37 | Syncing QA:Middle phalanx of fourth finge
Fra:0 Mem:2234.59M (Peak 2234.59M) | Time:00:00.37 | Syncing QA:Middle phalanx of fourth finge
Fra:0 Mem:2234.78M (Peak 2234.78M) | Time:00:00.37 | Syncing QA:Middle phalanx of fourth finge
Fra:0 Mem:2234.97M (Peak 2234.97M) | Time:00:00.37 | Syncing QA:Middle phalanx of second finge
Fra:0 Mem:2235.15M (Peak 2235.15M) | Time:00:00.37 | Syncing QA:Middle phalanx of second finge
Fra:0 Mem:2235.33M (Peak 2235.33M) | Time:00:00.37 | Syncing QA:Middle phalanx of second finge
Fra:0 Mem:2235.50M (Peak 2235.50M) | Time:00:00.37 | Syncing QA:Middle phalanx of second finge
Fra:0 Mem:2235.68M (Peak 2235.68M) | Time:00:00.37 | Syncing QA:Middle phalanx of third finger
Fra:0 Mem:2235.86M (Peak 2235.86M) | Time:00:00.37 | Syncing QA:Middle phalanx of third finger
Fra:0 Mem:2236.05M (Peak 2236.05M) | Time:00:00.37 | Syncing QA:Middle phalanx of third finger
Fra:0 Mem:2236.23M (Peak 2236.23M) | Time:00:00.37 | Syncing QA:Middle phalanx of third finger
Fra:0 Mem:2236.41M (Peak 2236.41M) | Time:00:00.37 | Syncing QA:Middle pharyngeal constrictor.
Fra:0 Mem:2236.91M (Peak 2236.91M) | Time:00:00.37 | Syncing QA:Middle pharyngeal constrictor.
Fra:0 Mem:2237.41M (Peak 2237.41M) | Time:00:00.37 | Syncing QA:Multifidus colli muscle.l
Fra:0 Mem:2237.67M (Peak 2237.67M) | Time:00:00.37 | Syncing QA:Multifidus colli muscle.r
Fra:0 Mem:2237.94M (Peak 2237.94M) | Time:00:00.37 | Syncing QA:Multifidus lumborum muscle.l
Fra:0 Mem:2238.33M (Peak 2238.33M) | Time:00:00.37 | Syncing QA:Multifidus lumborum muscle.r
Fra:0 Mem:2238.72M (Peak 2238.72M) | Time:00:00.37 | Syncing QA:Multifidus thoracis muscle.l
Fra:0 Mem:2239.20M (Peak 2239.20M) | Time:00:00.37 | Syncing QA:Multifidus thoracis muscle.r
Fra:0 Mem:2239.68M (Peak 2239.68M) | Time:00:00.37 | Syncing QA:Mylohyoid muscle.l
Fra:0 Mem:2239.92M (Peak 2239.92M) | Time:00:00.37 | Syncing QA:Mylohyoid muscle.r
Fra:0 Mem:2240.17M (Peak 2240.17M) | Time:00:00.37 | Syncing QA:Nasal bone.l
Fra:0 Mem:2240.34M (Peak 2240.34M) | Time:00:00.37 | Syncing QA:Nasal bone.r
Fra:0 Mem:2240.52M (Peak 2240.52M) | Time:00:00.37 | Syncing QA:Nasal septal cartilage
Fra:0 Mem:2240.70M (Peak 2240.70M) | Time:00:00.37 | Syncing QA:Nasalis muscle.l
Fra:0 Mem:2240.91M (Peak 2240.91M) | Time:00:00.37 | Syncing QA:Nasalis muscle.r
Fra:0 Mem:2241.12M (Peak 2241.12M) | Time:00:00.37 | Syncing QA:Navicular bone.l
Fra:0 Mem:2241.33M (Peak 2241.33M) | Time:00:00.37 | Syncing QA:Navicular bone.r
Fra:0 Mem:2241.54M (Peak 2241.54M) | Time:00:00.37 | Syncing QA:Ninth rib.l
Fra:0 Mem:2242.34M (Peak 2242.34M) | Time:00:00.37 | Syncing QA:Ninth rib.r
Fra:0 Mem:2243.15M (Peak 2243.15M) | Time:00:00.37 | Syncing QA:Oblique head of adductor hallu
Fra:0 Mem:2243.37M (Peak 2243.37M) | Time:00:00.37 | Syncing QA:Oblique head of adductor hallu
Fra:0 Mem:2243.60M (Peak 2243.60M) | Time:00:00.37 | Syncing QA:Oblique head of adductor polli
Fra:0 Mem:2243.79M (Peak 2243.79M) | Time:00:00.37 | Syncing QA:Oblique head of adductor polli
Fra:0 Mem:2243.98M (Peak 2243.98M) | Time:00:00.37 | Syncing QA:Oblique part of cricothyroid m
Fra:0 Mem:2244.37M (Peak 2244.37M) | Time:00:00.37 | Syncing QA:Oblique part of cricothyroid m
Fra:0 Mem:2244.77M (Peak 2244.77M) | Time:00:00.37 | Syncing QA:Obliquus inferior capitis musc
Fra:0 Mem:2244.96M (Peak 2244.96M) | Time:00:00.37 | Syncing QA:Obliquus inferior capitis musc
Fra:0 Mem:2245.16M (Peak 2245.16M) | Time:00:00.37 | Syncing QA:Obliquus superior capitis musc
Fra:0 Mem:2245.36M (Peak 2245.36M) | Time:00:00.37 | Syncing QA:Obliquus superior capitis musc
Fra:0 Mem:2245.57M (Peak 2245.57M) | Time:00:00.37 | Syncing QA:Obturator externus.l
Fra:0 Mem:2245.82M (Peak 2245.82M) | Time:00:00.37 | Syncing QA:Obturator externus.r
Fra:0 Mem:2246.06M (Peak 2246.06M) | Time:00:00.37 | Syncing QA:Obturator internus.l
Fra:0 Mem:2246.64M (Peak 2246.64M) | Time:00:00.37 | Syncing QA:Obturator internus.r
Fra:0 Mem:2247.11M (Peak 2247.11M) | Time:00:00.37 | Syncing QA:Occipital bone
Fra:0 Mem:2247.90M (Peak 2247.90M) | Time:00:00.37 | Syncing QA:Occipitalis muscle.l
Fra:0 Mem:2248.27M (Peak 2248.27M) | Time:00:00.37 | Syncing QA:Occipitalis muscle.r
Fra:0 Mem:2248.64M (Peak 2248.64M) | Time:00:00.37 | Syncing QA:Omohyoid muscle.l
Fra:0 Mem:2249.02M (Peak 2249.02M) | Time:00:00.37 | Syncing QA:Omohyoid muscle.r
Fra:0 Mem:2249.40M (Peak 2249.40M) | Time:00:00.37 | Syncing QA:Opponens digiti minimi muscle 
Fra:0 Mem:2249.58M (Peak 2249.58M) | Time:00:00.37 | Syncing QA:Opponens digiti minimi muscle 
Fra:0 Mem:2249.77M (Peak 2249.77M) | Time:00:00.37 | Syncing QA:Opponens pollicis muscle.l
Fra:0 Mem:2249.95M (Peak 2249.95M) | Time:00:00.37 | Syncing QA:Opponens pollicis muscle.r
Fra:0 Mem:2250.13M (Peak 2250.13M) | Time:00:00.37 | Syncing QA:Orbicularis oris muscle.l
Fra:0 Mem:2250.44M (Peak 2250.44M) | Time:00:00.37 | Syncing QA:Orbicularis oris muscle.r
Fra:0 Mem:2250.75M (Peak 2250.75M) | Time:00:00.37 | Syncing QA:Orbital part of orbicularis oc
Fra:0 Mem:2251.10M (Peak 2251.10M) | Time:00:00.38 | Syncing QA:Orbital part of orbicularis oc
Fra:0 Mem:2251.46M (Peak 2251.46M) | Time:00:00.38 | Syncing QA:Palatine bone.l
Fra:0 Mem:2251.73M (Peak 2251.73M) | Time:00:00.38 | Syncing QA:Palatine bone.r
Fra:0 Mem:2252.00M (Peak 2252.00M) | Time:00:00.38 | Syncing QA:Palatopharyngeus muscle.l
Fra:0 Mem:2253.96M (Peak 2254.07M) | Time:00:00.38 | Syncing QA:Palatopharyngeus muscle.r
Fra:0 Mem:2255.92M (Peak 2256.03M) | Time:00:00.38 | Syncing QA:Palmar aponeurosis.l
Fra:0 Mem:2256.19M (Peak 2256.19M) | Time:00:00.38 | Syncing QA:Palmar aponeurosis.r
Fra:0 Mem:2256.45M (Peak 2256.45M) | Time:00:00.38 | Syncing QA:Palmar interossei muscles.l
Fra:0 Mem:2256.62M (Peak 2256.62M) | Time:00:00.38 | Syncing QA:Palmar interossei muscles.r
Fra:0 Mem:2256.78M (Peak 2256.78M) | Time:00:00.38 | Syncing QA:Palmaris longus muscle.l
Fra:0 Mem:2257.30M (Peak 2257.30M) | Time:00:00.38 | Syncing QA:Palmaris longus muscle.r
Fra:0 Mem:2257.82M (Peak 2257.82M) | Time:00:00.38 | Syncing QA:Palpebral part of orbicularis 
Fra:0 Mem:2258.04M (Peak 2258.04M) | Time:00:00.38 | Syncing QA:Palpebral part of orbicularis 
Fra:0 Mem:2258.26M (Peak 2258.26M) | Time:00:00.38 | Syncing QA:Parietal bone.l
Fra:0 Mem:2258.99M (Peak 2258.99M) | Time:00:00.38 | Syncing QA:Parietal bone.r
Fra:0 Mem:2259.71M (Peak 2259.71M) | Time:00:00.38 | Syncing QA:Patella.l
Fra:0 Mem:2259.88M (Peak 2259.88M) | Time:00:00.38 | Syncing QA:Patella.r
Fra:0 Mem:2260.06M (Peak 2260.06M) | Time:00:00.38 | Syncing QA:Pectineus muscle.l
Fra:0 Mem:2260.37M (Peak 2260.37M) | Time:00:00.38 | Syncing QA:Pectineus muscle.r
Fra:0 Mem:2260.69M (Peak 2260.69M) | Time:00:00.38 | Syncing QA:Pectoral fascia.l
Fra:0 Mem:2261.07M (Peak 2261.07M) | Time:00:00.38 | Syncing QA:Pectoral fascia.r
Fra:0 Mem:2261.46M (Peak 2261.46M) | Time:00:00.38 | Syncing QA:Pectoralis minor muscle.l
Fra:0 Mem:2261.96M (Peak 2261.96M) | Time:00:00.38 | Syncing QA:Pectoralis minor muscle.r
Fra:0 Mem:2262.46M (Peak 2262.46M) | Time:00:00.38 | Syncing QA:Piriformis fascia.l
Fra:0 Mem:2262.70M (Peak 2262.70M) | Time:00:00.38 | Syncing QA:Piriformis fascia.r
Fra:0 Mem:2262.93M (Peak 2262.93M) | Time:00:00.38 | Syncing QA:Piriformis muscle.l
Fra:0 Mem:2263.20M (Peak 2263.20M) | Time:00:00.38 | Syncing QA:Piriformis muscle.r
Fra:0 Mem:2263.48M (Peak 2263.48M) | Time:00:00.38 | Syncing QA:Pisiform bone.l
Fra:0 Mem:2263.74M (Peak 2263.74M) | Time:00:00.38 | Syncing QA:Pisiform bone.r
Fra:0 Mem:2264.00M (Peak 2264.00M) | Time:00:00.38 | Syncing QA:Plantar aponeurosis.l
Fra:0 Mem:2264.19M (Peak 2264.19M) | Time:00:00.38 | Syncing QA:Plantar aponeurosis.r
Fra:0 Mem:2264.37M (Peak 2264.37M) | Time:00:00.38 | Syncing QA:Plantar interossei muscles.l
Fra:0 Mem:2264.63M (Peak 2264.63M) | Time:00:00.38 | Syncing QA:Plantar interossei muscles.r
Fra:0 Mem:2264.88M (Peak 2264.88M) | Time:00:00.38 | Syncing QA:Plantar tendon sheath of fibul
Fra:0 Mem:2265.07M (Peak 2265.07M) | Time:00:00.38 | Syncing QA:Plantar tendon sheath of fibul
Fra:0 Mem:2265.27M (Peak 2265.27M) | Time:00:00.38 | Syncing QA:Plantaris muscle.l
Fra:0 Mem:2265.81M (Peak 2265.81M) | Time:00:00.38 | Syncing QA:Plantaris muscle.r
Fra:0 Mem:2266.36M (Peak 2266.36M) | Time:00:00.38 | Syncing QA:Platysma.l
Fra:0 Mem:2267.06M (Peak 2267.06M) | Time:00:00.38 | Syncing QA:Platysma.r
Fra:0 Mem:2267.76M (Peak 2267.76M) | Time:00:00.38 | Syncing QA:Popliteal fascia.l
Fra:0 Mem:2267.95M (Peak 2267.95M) | Time:00:00.38 | Syncing QA:Popliteal fascia.r
Fra:0 Mem:2268.15M (Peak 2268.15M) | Time:00:00.38 | Syncing QA:Popliteus muscle.l
Fra:0 Mem:2268.39M (Peak 2268.39M) | Time:00:00.38 | Syncing QA:Popliteus muscle.r
Fra:0 Mem:2268.64M (Peak 2268.64M) | Time:00:00.38 | Syncing QA:Posterior belly of digastric m
Fra:0 Mem:2268.90M (Peak 2268.90M) | Time:00:00.39 | Syncing QA:Posterior belly of digastric m
Fra:0 Mem:2269.16M (Peak 2269.16M) | Time:00:00.39 | Syncing QA:Posterior cells of ethmoid bon
Fra:0 Mem:2269.38M (Peak 2269.38M) | Time:00:00.39 | Syncing QA:Posterior cells of ethmoid bon
Fra:0 Mem:2269.61M (Peak 2269.61M) | Time:00:00.39 | Syncing QA:Posterior crico-arytenoid musc
Fra:0 Mem:2269.98M (Peak 2269.98M) | Time:00:00.39 | Syncing QA:Posterior crico-arytenoid musc
Fra:0 Mem:2270.34M (Peak 2270.34M) | Time:00:00.39 | Syncing QA:Posterior intermuscular septum
Fra:0 Mem:2270.53M (Peak 2270.53M) | Time:00:00.39 | Syncing QA:Posterior intermuscular septum
Fra:0 Mem:2270.71M (Peak 2270.71M) | Time:00:00.39 | Syncing QA:Posterior layer of thoracolumb
Fra:0 Mem:2270.89M (Peak 2270.89M) | Time:00:00.39 | Syncing QA:Posterior layer of thoracolumb
Fra:0 Mem:2271.06M (Peak 2271.06M) | Time:00:00.39 | Syncing QA:Procerus muscle.l
Fra:0 Mem:2271.26M (Peak 2271.26M) | Time:00:00.39 | Syncing QA:Procerus muscle.r
Fra:0 Mem:2271.46M (Peak 2271.46M) | Time:00:00.39 | Syncing QA:Pronator quadratus.l
Fra:0 Mem:2271.69M (Peak 2271.69M) | Time:00:00.39 | Syncing QA:Pronator quadratus.r
Fra:0 Mem:2271.93M (Peak 2271.93M) | Time:00:00.39 | Syncing QA:Proximal phalanx of fifth fing
Fra:0 Mem:2272.12M (Peak 2272.12M) | Time:00:00.39 | Syncing QA:Proximal phalanx of fifth fing
Fra:0 Mem:2272.32M (Peak 2272.32M) | Time:00:00.39 | Syncing QA:Proximal phalanx of fifth fing
Fra:0 Mem:2272.52M (Peak 2272.52M) | Time:00:00.39 | Syncing QA:Proximal phalanx of fifth fing
Fra:0 Mem:2272.71M (Peak 2272.71M) | Time:00:00.39 | Syncing QA:Proximal phalanx of first fing
Fra:0 Mem:2272.91M (Peak 2272.91M) | Time:00:00.39 | Syncing QA:Proximal phalanx of first fing
Fra:0 Mem:2273.10M (Peak 2273.10M) | Time:00:00.39 | Syncing QA:Proximal phalanx of first fing
Fra:0 Mem:2273.28M (Peak 2273.28M) | Time:00:00.39 | Syncing QA:Proximal phalanx of first fing
Fra:0 Mem:2273.46M (Peak 2273.46M) | Time:00:00.39 | Syncing QA:Proximal phalanx of fourth fin
Fra:0 Mem:2273.65M (Peak 2273.65M) | Time:00:00.39 | Syncing QA:Proximal phalanx of fourth fin
Fra:0 Mem:2273.84M (Peak 2273.84M) | Time:00:00.39 | Syncing QA:Proximal phalanx of fourth fin
Fra:0 Mem:2274.02M (Peak 2274.02M) | Time:00:00.39 | Syncing QA:Proximal phalanx of fourth fin
Fra:0 Mem:2274.20M (Peak 2274.20M) | Time:00:00.39 | Syncing QA:Proximal phalanx of second fin
Fra:0 Mem:2274.39M (Peak 2274.39M) | Time:00:00.39 | Syncing QA:Proximal phalanx of second fin
Fra:0 Mem:2274.57M (Peak 2274.57M) | Time:00:00.39 | Syncing QA:Proximal phalanx of second fin
Fra:0 Mem:2274.76M (Peak 2274.76M) | Time:00:00.39 | Syncing QA:Proximal phalanx of second fin
Fra:0 Mem:2274.94M (Peak 2274.94M) | Time:00:00.39 | Syncing QA:Proximal phalanx of third fing
Fra:0 Mem:2275.13M (Peak 2275.13M) | Time:00:00.39 | Syncing QA:Proximal phalanx of third fing
Fra:0 Mem:2275.32M (Peak 2275.32M) | Time:00:00.39 | Syncing QA:Proximal phalanx of third fing
Fra:0 Mem:2275.51M (Peak 2275.51M) | Time:00:00.39 | Syncing QA:Proximal phalanx of third fing
Fra:0 Mem:2275.70M (Peak 2275.70M) | Time:00:00.39 | Syncing QA:Psoas major.l
Fra:0 Mem:2276.31M (Peak 2276.31M) | Time:00:00.39 | Syncing QA:Psoas major.r
Fra:0 Mem:2276.92M (Peak 2276.92M) | Time:00:00.39 | Syncing QA:Pubo-analis muscle.l
Fra:0 Mem:2277.19M (Peak 2277.19M) | Time:00:00.39 | Syncing QA:Pubo-analis muscle.r
Fra:0 Mem:2277.46M (Peak 2277.46M) | Time:00:00.39 | Syncing QA:Pubococcygeus muscle.l
Fra:0 Mem:2277.83M (Peak 2277.83M) | Time:00:00.39 | Syncing QA:Pubococcygeus muscle.r
Fra:0 Mem:2278.19M (Peak 2278.19M) | Time:00:00.39 | Syncing QA:Pyramidalis muscle.l
Fra:0 Mem:2278.43M (Peak 2278.43M) | Time:00:00.39 | Syncing QA:Pyramidalis muscle.r
Fra:0 Mem:2278.68M (Peak 2278.68M) | Time:00:00.39 | Syncing QA:Quadratus femoris muscle.l
Fra:0 Mem:2278.96M (Peak 2278.96M) | Time:00:00.39 | Syncing QA:Quadratus femoris muscle.r
Fra:0 Mem:2279.25M (Peak 2279.25M) | Time:00:00.39 | Syncing QA:Quadratus lumborum muscle.l
Fra:0 Mem:2279.64M (Peak 2279.64M) | Time:00:00.39 | Syncing QA:Quadratus lumborum muscle.r
Fra:0 Mem:2280.03M (Peak 2280.03M) | Time:00:00.39 | Syncing QA:Quadratus plantae muscle.l
Fra:0 Mem:2280.28M (Peak 2280.28M) | Time:00:00.39 | Syncing QA:Quadratus plantae muscle.r
Fra:0 Mem:2280.53M (Peak 2280.53M) | Time:00:00.39 | Syncing QA:Radial head of flexor digitoru
Fra:0 Mem:2280.79M (Peak 2280.79M) | Time:00:00.39 | Syncing QA:Radial head of flexor digitoru
Fra:0 Mem:2281.05M (Peak 2281.05M) | Time:00:00.39 | Syncing QA:Radius.l
Fra:0 Mem:2281.26M (Peak 2281.26M) | Time:00:00.39 | Syncing QA:Radius.r
Fra:0 Mem:2281.47M (Peak 2281.47M) | Time:00:00.39 | Syncing QA:Rectus abdominis muscle.l
Fra:0 Mem:2283.36M (Peak 2283.36M) | Time:00:00.39 | Syncing QA:Rectus abdominis muscle.r
Fra:0 Mem:2285.24M (Peak 2285.24M) | Time:00:00.39 | Syncing QA:Rectus anterior capitis muscle
Fra:0 Mem:2285.42M (Peak 2285.42M) | Time:00:00.39 | Syncing QA:Rectus anterior capitis muscle
Fra:0 Mem:2285.61M (Peak 2285.61M) | Time:00:00.39 | Syncing QA:Rectus femoris muscle.l
Fra:0 Mem:2286.45M (Peak 2286.45M) | Time:00:00.39 | Syncing QA:Rectus femoris muscle.r
Fra:0 Mem:2287.30M (Peak 2287.30M) | Time:00:00.39 | Syncing QA:Rectus lateralis capitis muscl
Fra:0 Mem:2287.48M (Peak 2287.48M) | Time:00:00.39 | Syncing QA:Rectus lateralis capitis muscl
Fra:0 Mem:2287.66M (Peak 2287.66M) | Time:00:00.39 | Syncing QA:Rectus posterior major capitis
Fra:0 Mem:2287.88M (Peak 2287.88M) | Time:00:00.39 | Syncing QA:Rectus posterior major capitis
Fra:0 Mem:2288.10M (Peak 2288.10M) | Time:00:00.39 | Syncing QA:Rectus posterior minor capitis
Fra:0 Mem:2288.28M (Peak 2288.28M) | Time:00:00.39 | Syncing QA:Rectus posterior minor capitis
Fra:0 Mem:2288.47M (Peak 2288.47M) | Time:00:00.39 | Syncing QA:Rhomboid major muscle.l
Fra:0 Mem:2289.02M (Peak 2289.02M) | Time:00:00.39 | Syncing QA:Rhomboid major muscle.r
Fra:0 Mem:2289.58M (Peak 2289.58M) | Time:00:00.39 | Syncing QA:Rhomboid minor muscle.l
Fra:0 Mem:2289.86M (Peak 2289.86M) | Time:00:00.39 | Syncing QA:Rhomboid minor muscle.r
Fra:0 Mem:2290.13M (Peak 2290.13M) | Time:00:00.39 | Syncing QA:Risorius muscle.l
Fra:0 Mem:2290.33M (Peak 2290.33M) | Time:00:00.39 | Syncing QA:Risorius muscle.r
Fra:0 Mem:2290.53M (Peak 2290.53M) | Time:00:00.39 | Syncing QA:Rotatores.l
Fra:0 Mem:2291.23M (Peak 2291.23M) | Time:00:00.39 | Syncing QA:Rotatores.r
Fra:0 Mem:2291.93M (Peak 2291.93M) | Time:00:00.39 | Syncing QA:Sacrum
Fra:0 Mem:2292.94M (Peak 2292.98M) | Time:00:00.40 | Syncing QA:Sartorius muscle.l
Fra:0 Mem:2293.51M (Peak 2293.51M) | Time:00:00.40 | Syncing QA:Sartorius muscle.r
Fra:0 Mem:2294.08M (Peak 2294.08M) | Time:00:00.40 | Syncing QA:Scalenus anterior muscle.l
Fra:0 Mem:2294.35M (Peak 2294.35M) | Time:00:00.40 | Syncing QA:Scalenus anterior muscle.r
Fra:0 Mem:2294.61M (Peak 2294.61M) | Time:00:00.40 | Syncing QA:Scalenus medius muscle.l
Fra:0 Mem:2294.94M (Peak 2294.94M) | Time:00:00.40 | Syncing QA:Scalenus medius muscle.r
Fra:0 Mem:2295.26M (Peak 2295.26M) | Time:00:00.40 | Syncing QA:Scalenus posterior muscle.l
Fra:0 Mem:2295.53M (Peak 2295.53M) | Time:00:00.40 | Syncing QA:Scalenus posterior muscle.r
Fra:0 Mem:2295.79M (Peak 2295.79M) | Time:00:00.40 | Syncing QA:Scaphoid bone.l
Fra:0 Mem:2295.97M (Peak 2295.97M) | Time:00:00.40 | Syncing QA:Scaphoid bone.r
Fra:0 Mem:2296.15M (Peak 2296.15M) | Time:00:00.40 | Syncing QA:Scapula.l
Fra:0 Mem:2298.43M (Peak 2298.43M) | Time:00:00.40 | Syncing QA:Scapula.r
Fra:0 Mem:2300.71M (Peak 2300.71M) | Time:00:00.40 | Syncing QA:Scapular spinal part of deltoi
Fra:0 Mem:2301.23M (Peak 2301.23M) | Time:00:00.40 | Syncing QA:Scapular spinal part of deltoi
Fra:0 Mem:2301.75M (Peak 2301.75M) | Time:00:00.40 | Syncing QA:Sciatic bursa of gluteus maxim
Fra:0 Mem:2301.99M (Peak 2301.99M) | Time:00:00.40 | Syncing QA:Sciatic bursa of gluteus maxim
Fra:0 Mem:2302.24M (Peak 2302.24M) | Time:00:00.40 | Syncing QA:Sciatic bursa of obturator int
Fra:0 Mem:2302.49M (Peak 2302.49M) | Time:00:00.40 | Syncing QA:Sciatic bursa of obturator int
Fra:0 Mem:2302.73M (Peak 2302.73M) | Time:00:00.40 | Syncing QA:Second metacarpal bone.l
Fra:0 Mem:2302.95M (Peak 2302.95M) | Time:00:00.40 | Syncing QA:Second metacarpal bone.r
Fra:0 Mem:2303.16M (Peak 2303.16M) | Time:00:00.40 | Syncing QA:Second metatarsal bone.l
Fra:0 Mem:2303.37M (Peak 2303.37M) | Time:00:00.40 | Syncing QA:Second metatarsal bone.r
Fra:0 Mem:2303.58M (Peak 2303.58M) | Time:00:00.40 | Syncing QA:Second rib.l
Fra:0 Mem:2304.18M (Peak 2304.18M) | Time:00:00.40 | Syncing QA:Second rib.r
Fra:0 Mem:2304.78M (Peak 2304.78M) | Time:00:00.40 | Syncing QA:Semimembranosus bursa.l
Fra:0 Mem:2305.00M (Peak 2305.00M) | Time:00:00.40 | Syncing QA:Semimembranosus bursa.r
Fra:0 Mem:2305.21M (Peak 2305.21M) | Time:00:00.40 | Syncing QA:Semimembranosus muscle.l
Fra:0 Mem:2305.99M (Peak 2305.99M) | Time:00:00.40 | Syncing QA:Semimembranosus muscle.r
Fra:0 Mem:2306.77M (Peak 2306.77M) | Time:00:00.40 | Syncing QA:Semispinalis colli muscle.l
Fra:0 Mem:2307.13M (Peak 2307.13M) | Time:00:00.40 | Syncing QA:Semispinalis colli muscle.r
Fra:0 Mem:2307.50M (Peak 2307.50M) | Time:00:00.40 | Syncing QA:Semispinalis thoracis muscle.l
Fra:0 Mem:2308.07M (Peak 2308.07M) | Time:00:00.40 | Syncing QA:Semispinalis thoracis muscle.r
Fra:0 Mem:2308.64M (Peak 2308.64M) | Time:00:00.40 | Syncing QA:Semitendinosus muscle.l
Fra:0 Mem:2309.15M (Peak 2309.15M) | Time:00:00.40 | Syncing QA:Semitendinosus muscle.r
Fra:0 Mem:2309.67M (Peak 2309.67M) | Time:00:00.40 | Syncing QA:Serratus anterior muscle.l
Fra:0 Mem:2311.94M (Peak 2311.94M) | Time:00:00.40 | Syncing QA:Serratus anterior muscle.r
Fra:0 Mem:2314.21M (Peak 2314.21M) | Time:00:00.40 | Syncing QA:Serratus posterior inferior mu
Fra:0 Mem:2315.12M (Peak 2315.12M) | Time:00:00.40 | Syncing QA:Serratus posterior inferior mu
Fra:0 Mem:2316.02M (Peak 2316.02M) | Time:00:00.40 | Syncing QA:Serratus posterior superior mu
Fra:0 Mem:2316.64M (Peak 2316.64M) | Time:00:00.40 | Syncing QA:Serratus posterior superior mu
Fra:0 Mem:2317.25M (Peak 2317.25M) | Time:00:00.41 | Syncing QA:Sesamoid bones of foot.l
Fra:0 Mem:2317.43M (Peak 2317.43M) | Time:00:00.41 | Syncing QA:Sesamoid bones of foot.r
Fra:0 Mem:2317.60M (Peak 2317.60M) | Time:00:00.41 | Syncing QA:Seventh rib.l
Fra:0 Mem:2318.57M (Peak 2318.60M) | Time:00:00.41 | Syncing QA:Seventh rib.r
Fra:0 Mem:2319.54M (Peak 2319.58M) | Time:00:00.41 | Syncing QA:Short head of biceps brachii.l
Fra:0 Mem:2319.92M (Peak 2319.92M) | Time:00:00.41 | Syncing QA:Short head of biceps brachii.r
Fra:0 Mem:2320.30M (Peak 2320.30M) | Time:00:00.41 | Syncing QA:Short head of biceps femoris.l
Fra:0 Mem:2320.66M (Peak 2320.66M) | Time:00:00.41 | Syncing QA:Short head of biceps femoris.r
Fra:0 Mem:2321.02M (Peak 2321.02M) | Time:00:00.41 | Syncing QA:Sinus of frontal bone
Fra:0 Mem:2321.26M (Peak 2321.26M) | Time:00:00.41 | Syncing QA:Sinus of sphenoid bone
Fra:0 Mem:2321.45M (Peak 2321.45M) | Time:00:00.41 | Syncing QA:Sixth rib.l
Fra:0 Mem:2322.45M (Peak 2322.48M) | Time:00:00.41 | Syncing QA:Sixth rib.r
Fra:0 Mem:2323.45M (Peak 2323.48M) | Time:00:00.41 | Syncing QA:Soleus muscle.l
Fra:0 Mem:2324.17M (Peak 2324.17M) | Time:00:00.41 | Syncing QA:Soleus muscle.r
Fra:0 Mem:2324.89M (Peak 2324.89M) | Time:00:00.41 | Syncing QA:Sphenoid bone
Fra:0 Mem:2325.66M (Peak 2325.66M) | Time:00:00.41 | Syncing QA:Spinalis capitis muscle.l
Fra:0 Mem:2326.02M (Peak 2326.02M) | Time:00:00.41 | Syncing QA:Spinalis capitis muscle.r
Fra:0 Mem:2326.42M (Peak 2326.42M) | Time:00:00.41 | Syncing QA:Spinalis colli muscle.l
Fra:0 Mem:2326.62M (Peak 2326.62M) | Time:00:00.41 | Syncing QA:Spinalis colli muscle.r
Fra:0 Mem:2326.82M (Peak 2326.82M) | Time:00:00.41 | Syncing QA:Spinalis thoracis muscle.l
Fra:0 Mem:2327.44M (Peak 2327.44M) | Time:00:00.41 | Syncing QA:Spinalis thoracis muscle.r
Fra:0 Mem:2328.05M (Peak 2328.05M) | Time:00:00.41 | Syncing QA:Splenius capitis muscle.l
Fra:0 Mem:2328.64M (Peak 2328.64M) | Time:00:00.41 | Syncing QA:Splenius capitis muscle.r
Fra:0 Mem:2329.24M (Peak 2329.24M) | Time:00:00.41 | Syncing QA:Splenius colli muscle.l
Fra:0 Mem:2329.75M (Peak 2329.75M) | Time:00:00.41 | Syncing QA:Splenius colli muscle.r
Fra:0 Mem:2330.26M (Peak 2330.26M) | Time:00:00.41 | Syncing QA:Stapes.l
Fra:0 Mem:2330.80M (Peak 2330.80M) | Time:00:00.41 | Syncing QA:Stapes.r
Fra:0 Mem:2331.33M (Peak 2331.33M) | Time:00:00.41 | Syncing QA:Sternocleidomastoid muscle.l
Fra:0 Mem:2331.90M (Peak 2331.90M) | Time:00:00.41 | Syncing QA:Sternocleidomastoid muscle.r
Fra:0 Mem:2332.46M (Peak 2332.46M) | Time:00:00.41 | Syncing QA:Sternocostal head of pectorali
Fra:0 Mem:2332.88M (Peak 2332.88M) | Time:00:00.41 | Syncing QA:Sternocostal head of pectorali
Fra:0 Mem:2333.31M (Peak 2333.31M) | Time:00:00.41 | Syncing QA:Sternohyoid muscle.l
Fra:0 Mem:2333.57M (Peak 2333.57M) | Time:00:00.41 | Syncing QA:Sternohyoid muscle.r
Fra:0 Mem:2333.84M (Peak 2333.84M) | Time:00:00.41 | Syncing QA:Sternothyroid muscle.l
Fra:0 Mem:2334.08M (Peak 2334.08M) | Time:00:00.41 | Syncing QA:Sternothyroid muscle.r
Fra:0 Mem:2334.33M (Peak 2334.33M) | Time:00:00.41 | Syncing QA:Straight part of cricothyroid 
Fra:0 Mem:2334.62M (Peak 2334.62M) | Time:00:00.41 | Syncing QA:Straight part of cricothyroid 
Fra:0 Mem:2334.91M (Peak 2334.91M) | Time:00:00.42 | Syncing QA:Stylohyoid muscle.l
Fra:0 Mem:2335.12M (Peak 2335.12M) | Time:00:00.42 | Syncing QA:Stylohyoid muscle.r
Fra:0 Mem:2335.32M (Peak 2335.32M) | Time:00:00.42 | Syncing QA:Stylopharyngeus muscle.l
Fra:0 Mem:2336.60M (Peak 2336.66M) | Time:00:00.42 | Syncing QA:Stylopharyngeus muscle.r
Fra:0 Mem:2337.87M (Peak 2337.94M) | Time:00:00.42 | Syncing QA:Subacromial bursa.l
Fra:0 Mem:2338.12M (Peak 2338.12M) | Time:00:00.42 | Syncing QA:Subacromial bursa.r
Fra:0 Mem:2338.36M (Peak 2338.36M) | Time:00:00.42 | Syncing QA:Subclavius muscle.l
Fra:0 Mem:2338.58M (Peak 2338.58M) | Time:00:00.42 | Syncing QA:Subclavius muscle.r
Fra:0 Mem:2338.80M (Peak 2338.80M) | Time:00:00.42 | Syncing QA:Subcutaneous acromial bursa.l
Fra:0 Mem:2339.04M (Peak 2339.04M) | Time:00:00.42 | Syncing QA:Subcutaneous acromial bursa.r
Fra:0 Mem:2339.29M (Peak 2339.29M) | Time:00:00.42 | Syncing QA:Subcutaneous bursa of lateral 
Fra:0 Mem:2339.48M (Peak 2339.48M) | Time:00:00.42 | Syncing QA:Subcutaneous bursa of lateral 
Fra:0 Mem:2339.68M (Peak 2339.68M) | Time:00:00.42 | Syncing QA:Subcutaneous bursa of medial m
Fra:0 Mem:2339.87M (Peak 2339.87M) | Time:00:00.42 | Syncing QA:Subcutaneous bursa of medial m
Fra:0 Mem:2340.06M (Peak 2340.06M) | Time:00:00.42 | Syncing QA:Subcutaneous bursa of tuberosi
Fra:0 Mem:2340.31M (Peak 2340.31M) | Time:00:00.42 | Syncing QA:Subcutaneous bursa of tuberosi
Fra:0 Mem:2340.56M (Peak 2340.56M) | Time:00:00.42 | Syncing QA:Subcutaneous calcaneal bursa.l
Fra:0 Mem:2340.74M (Peak 2340.74M) | Time:00:00.42 | Syncing QA:Subcutaneous calcaneal bursa.r
Fra:0 Mem:2340.93M (Peak 2340.93M) | Time:00:00.42 | Syncing QA:Subcutaneous infrapatellar bur
Fra:0 Mem:2341.17M (Peak 2341.17M) | Time:00:00.42 | Syncing QA:Subcutaneous infrapatellar bur
Fra:0 Mem:2341.42M (Peak 2341.42M) | Time:00:00.42 | Syncing QA:Subcutaneous prepatellar bursa
Fra:0 Mem:2341.63M (Peak 2341.63M) | Time:00:00.42 | Syncing QA:Subcutaneous prepatellar bursa
Fra:0 Mem:2341.85M (Peak 2341.85M) | Time:00:00.42 | Syncing QA:Subcutaneous trochanteric burs
Fra:0 Mem:2342.10M (Peak 2342.10M) | Time:00:00.42 | Syncing QA:Subcutaneous trochanteric burs
Fra:0 Mem:2342.34M (Peak 2342.34M) | Time:00:00.42 | Syncing QA:Subdeltoid bursa.l
Fra:0 Mem:2342.59M (Peak 2342.59M) | Time:00:00.42 | Syncing QA:Subdeltoid bursa.r
Fra:0 Mem:2342.83M (Peak 2342.83M) | Time:00:00.42 | Syncing QA:Subfacial prepatellar bursa.l
Fra:0 Mem:2343.05M (Peak 2343.05M) | Time:00:00.42 | Syncing QA:Subfacial prepatellar bursa.r
Fra:0 Mem:2343.26M (Peak 2343.26M) | Time:00:00.42 | Syncing QA:Subscapularis muscle.l
Fra:0 Mem:2343.66M (Peak 2343.66M) | Time:00:00.42 | Syncing QA:Subscapularis muscle.r
Fra:0 Mem:2344.06M (Peak 2344.06M) | Time:00:00.42 | Syncing QA:Subtendinous bursa of iliacus 
Fra:0 Mem:2344.24M (Peak 2344.24M) | Time:00:00.42 | Syncing QA:Subtendinous bursa of iliacus 
Fra:0 Mem:2344.41M (Peak 2344.41M) | Time:00:00.42 | Syncing QA:Subtendinous bursa of infraspi
Fra:0 Mem:2344.66M (Peak 2344.66M) | Time:00:00.42 | Syncing QA:Subtendinous bursa of infraspi
Fra:0 Mem:2344.90M (Peak 2344.90M) | Time:00:00.42 | Syncing QA:Subtendinous bursa of obturato
Fra:0 Mem:2345.15M (Peak 2345.15M) | Time:00:00.42 | Syncing QA:Subtendinous bursa of obturato
Fra:0 Mem:2345.40M (Peak 2345.40M) | Time:00:00.42 | Syncing QA:Subtendinous bursa of sartoriu
Fra:0 Mem:2345.63M (Peak 2345.63M) | Time:00:00.42 | Syncing QA:Subtendinous bursa of sartoriu
Fra:0 Mem:2345.87M (Peak 2345.87M) | Time:00:00.42 | Syncing QA:Subtendinous bursa of teres ma
Fra:0 Mem:2346.11M (Peak 2346.11M) | Time:00:00.42 | Syncing QA:Subtendinous bursa of teres ma
Fra:0 Mem:2346.36M (Peak 2346.36M) | Time:00:00.42 | Syncing QA:Subtendinous bursa of tibialis
Fra:0 Mem:2346.55M (Peak 2346.55M) | Time:00:00.42 | Syncing QA:Subtendinous bursa of tibialis
Fra:0 Mem:2346.75M (Peak 2346.75M) | Time:00:00.42 | Syncing QA:Subtendinous bursa of trapeziu
Fra:0 Mem:2347.28M (Peak 2347.28M) | Time:00:00.42 | Syncing QA:Subtendinous bursa of trapeziu
Fra:0 Mem:2347.53M (Peak 2347.53M) | Time:00:00.42 | Syncing QA:Subtendinous bursa of triceps 
Fra:0 Mem:2347.78M (Peak 2347.78M) | Time:00:00.42 | Syncing QA:Subtendinous bursa of triceps 
Fra:0 Mem:2348.02M (Peak 2348.02M) | Time:00:00.42 | Syncing QA:Subtendinous calcaneal bursa.l
Fra:0 Mem:2348.21M (Peak 2348.21M) | Time:00:00.42 | Syncing QA:Subtendinous calcaneal bursa.r
Fra:0 Mem:2348.39M (Peak 2348.39M) | Time:00:00.42 | Syncing QA:Subtendinous prepatellar bursa
Fra:0 Mem:2348.61M (Peak 2348.61M) | Time:00:00.42 | Syncing QA:Subtendinous prepatellar bursa
Fra:0 Mem:2348.82M (Peak 2348.82M) | Time:00:00.42 | Syncing QA:Superficial head of flexor pol
Fra:0 Mem:2349.00M (Peak 2349.00M) | Time:00:00.42 | Syncing QA:Superficial head of flexor pol
Fra:0 Mem:2349.17M (Peak 2349.17M) | Time:00:00.42 | Syncing QA:Superficial head of pronator t
Fra:0 Mem:2349.54M (Peak 2349.54M) | Time:00:00.42 | Syncing QA:Superficial head of pronator t
Fra:0 Mem:2349.90M (Peak 2349.90M) | Time:00:00.42 | Syncing QA:Superficial investing cervical
Fra:0 Mem:2350.35M (Peak 2350.35M) | Time:00:00.42 | Syncing QA:Superficial investing cervical
Fra:0 Mem:2350.79M (Peak 2350.79M) | Time:00:00.42 | Syncing QA:Superficial layer of temporal 
Fra:0 Mem:2351.01M (Peak 2351.01M) | Time:00:00.42 | Syncing QA:Superficial layer of temporal 
Fra:0 Mem:2351.22M (Peak 2351.22M) | Time:00:00.42 | Syncing QA:Superficial part of masseter.l
Fra:0 Mem:2351.49M (Peak 2351.49M) | Time:00:00.42 | Syncing QA:Superficial part of masseter.r
Fra:0 Mem:2351.75M (Peak 2351.75M) | Time:00:00.42 | Syncing QA:Superficial transverse metacar
Fra:0 Mem:2351.92M (Peak 2351.92M) | Time:00:00.42 | Syncing QA:Superficial transverse metacar
Fra:0 Mem:2352.09M (Peak 2352.09M) | Time:00:00.42 | Syncing QA:Superficial transverse metatar
Fra:0 Mem:2352.25M (Peak 2352.25M) | Time:00:00.42 | Syncing QA:Superficial transverse metatar
Fra:0 Mem:2352.41M (Peak 2352.41M) | Time:00:00.42 | Syncing QA:Superior bursa of biceps femor
Fra:0 Mem:2352.66M (Peak 2352.66M) | Time:00:00.42 | Syncing QA:Superior bursa of biceps femor
Fra:0 Mem:2352.90M (Peak 2352.90M) | Time:00:00.43 | Syncing QA:Superior extensor retinaculum 
Fra:0 Mem:2353.08M (Peak 2353.08M) | Time:00:00.43 | Syncing QA:Superior extensor retinaculum 
Fra:0 Mem:2353.25M (Peak 2353.25M) | Time:00:00.43 | Syncing QA:Superior fibular retinaculum.l
Fra:0 Mem:2353.46M (Peak 2353.46M) | Time:00:00.43 | Syncing QA:Superior fibular retinaculum.r
Fra:0 Mem:2353.67M (Peak 2353.67M) | Time:00:00.43 | Syncing QA:Superior gemellus muscle.l
Fra:0 Mem:2353.85M (Peak 2353.85M) | Time:00:00.43 | Syncing QA:Superior gemellus muscle.r
Fra:0 Mem:2354.04M (Peak 2354.04M) | Time:00:00.43 | Syncing QA:Superior head of lateral ptery
Fra:0 Mem:2354.21M (Peak 2354.21M) | Time:00:00.43 | Syncing QA:Superior head of lateral ptery
Fra:0 Mem:2354.38M (Peak 2354.38M) | Time:00:00.43 | Syncing QA:Superior oblique muscle.l
Fra:0 Mem:2354.73M (Peak 2354.73M) | Time:00:00.43 | Syncing QA:Superior oblique muscle.r
Fra:0 Mem:2355.09M (Peak 2355.09M) | Time:00:00.43 | Syncing QA:Superior pharyngeal constricto
Fra:0 Mem:2355.87M (Peak 2356.16M) | Time:00:00.43 | Syncing QA:Superior pharyngeal constricto
Fra:0 Mem:2356.66M (Peak 2356.94M) | Time:00:00.43 | Syncing QA:Superior rectus muscle.l
Fra:0 Mem:2356.96M (Peak 2356.96M) | Time:00:00.43 | Syncing QA:Superior rectus muscle.r
Fra:0 Mem:2357.26M (Peak 2357.26M) | Time:00:00.43 | Syncing QA:Superior tarsus.l
Fra:0 Mem:2357.43M (Peak 2357.43M) | Time:00:00.43 | Syncing QA:Superior tarsus.r
Fra:0 Mem:2357.60M (Peak 2357.60M) | Time:00:00.43 | Syncing QA:Supinator.l
Fra:0 Mem:2357.99M (Peak 2357.99M) | Time:00:00.43 | Syncing QA:Supinator.r
Fra:0 Mem:2358.37M (Peak 2358.37M) | Time:00:00.43 | Syncing QA:Suprapatellar bursa.l
Fra:0 Mem:2358.60M (Peak 2358.60M) | Time:00:00.43 | Syncing QA:Suprapatellar bursa.r
Fra:0 Mem:2358.84M (Peak 2358.84M) | Time:00:00.43 | Syncing QA:Supraspinatus muscle.l
Fra:0 Mem:2359.11M (Peak 2359.11M) | Time:00:00.43 | Syncing QA:Supraspinatus muscle.r
Fra:0 Mem:2359.38M (Peak 2359.38M) | Time:00:00.43 | Syncing QA:Synovial sheaths of digits of 
Fra:0 Mem:2359.98M (Peak 2359.98M) | Time:00:00.43 | Syncing QA:Synovial sheaths of digits of 
Fra:0 Mem:2360.59M (Peak 2360.59M) | Time:00:00.43 | Syncing QA:Talus.l
Fra:0 Mem:2360.85M (Peak 2360.85M) | Time:00:00.43 | Syncing QA:Talus.r
Fra:0 Mem:2361.11M (Peak 2361.11M) | Time:00:00.43 | Syncing QA:Temporal bone.l
Fra:0 Mem:2362.45M (Peak 2362.45M) | Time:00:00.43 | Syncing QA:Temporal bone.r
Fra:0 Mem:2363.79M (Peak 2363.79M) | Time:00:00.43 | Syncing QA:Temporalis muscle.l
Fra:0 Mem:2364.80M (Peak 2364.83M) | Time:00:00.43 | Syncing QA:Temporalis muscle.r
Fra:0 Mem:2365.81M (Peak 2365.85M) | Time:00:00.43 | Syncing QA:Temporoparietalis muscle.l
Fra:0 Mem:2366.97M (Peak 2366.97M) | Time:00:00.43 | Syncing QA:Temporoparietalis muscle.r
Fra:0 Mem:2368.13M (Peak 2368.13M) | Time:00:00.43 | Syncing QA:Tendinous arch of levator ani.
Fra:0 Mem:2368.34M (Peak 2368.34M) | Time:00:00.43 | Syncing QA:Tendinous arch of levator ani.
Fra:0 Mem:2368.55M (Peak 2368.55M) | Time:00:00.43 | Syncing QA:Tendon of extensor digitorum l
Fra:0 Mem:2369.14M (Peak 2369.14M) | Time:00:00.43 | Syncing QA:Tendon of extensor digitorum l
Fra:0 Mem:2369.73M (Peak 2369.73M) | Time:00:00.43 | Syncing QA:Tendon sheath - abd. pollicis 
Fra:0 Mem:2369.92M (Peak 2369.92M) | Time:00:00.43 | Syncing QA:Tendon sheath - abd. pollicis 
Fra:0 Mem:2370.12M (Peak 2370.12M) | Time:00:00.43 | Syncing QA:Tendon sheath of extensor carp
Fra:0 Mem:2370.33M (Peak 2370.33M) | Time:00:00.43 | Syncing QA:Tendon sheath of extensor carp
Fra:0 Mem:2370.54M (Peak 2370.54M) | Time:00:00.43 | Syncing QA:Tendon sheath of extensor digi
Fra:0 Mem:2370.73M (Peak 2370.73M) | Time:00:00.43 | Syncing QA:Tendon sheath of extensor digi
Fra:0 Mem:2370.92M (Peak 2370.92M) | Time:00:00.44 | Syncing QA:Tendon sheath of extensor digi
Fra:0 Mem:2371.23M (Peak 2371.23M) | Time:00:00.44 | Syncing QA:Tendon sheath of extensor digi
Fra:0 Mem:2371.53M (Peak 2371.53M) | Time:00:00.44 | Syncing QA:Tendon sheath of extensor digi
Fra:0 Mem:2371.82M (Peak 2371.82M) | Time:00:00.44 | Syncing QA:Tendon sheath of extensor digi
Fra:0 Mem:2372.10M (Peak 2372.10M) | Time:00:00.44 | Syncing QA:Tendon sheath of extensor hall
Fra:0 Mem:2372.29M (Peak 2372.29M) | Time:00:00.44 | Syncing QA:Tendon sheath of extensor hall
Fra:0 Mem:2372.48M (Peak 2372.48M) | Time:00:00.44 | Syncing QA:Tendon sheath of extensor poll
Fra:0 Mem:2372.66M (Peak 2372.66M) | Time:00:00.44 | Syncing QA:Tendon sheath of extensor poll
Fra:0 Mem:2372.84M (Peak 2372.84M) | Time:00:00.44 | Syncing QA:Tendon sheath of extensors car
Fra:0 Mem:2373.14M (Peak 2373.14M) | Time:00:00.44 | Syncing QA:Tendon sheath of extensors car
Fra:0 Mem:2373.44M (Peak 2373.44M) | Time:00:00.44 | Syncing QA:Tendon sheath of flexor carpi 
Fra:0 Mem:2373.66M (Peak 2373.66M) | Time:00:00.44 | Syncing QA:Tendon sheath of flexor carpi 
Fra:0 Mem:2373.88M (Peak 2373.88M) | Time:00:00.44 | Syncing QA:Tendon sheath of flexor digito
Fra:0 Mem:2374.05M (Peak 2374.05M) | Time:00:00.44 | Syncing QA:Tendon sheath of flexor digito
Fra:0 Mem:2374.21M (Peak 2374.21M) | Time:00:00.44 | Syncing QA:Tendon sheath of flexor halluc
Fra:0 Mem:2374.48M (Peak 2374.48M) | Time:00:00.44 | Syncing QA:Tendon sheath of flexor halluc
Fra:0 Mem:2374.74M (Peak 2374.74M) | Time:00:00.44 | Syncing QA:Tendon sheath of flexor pollic
Fra:0 Mem:2375.09M (Peak 2375.09M) | Time:00:00.44 | Syncing QA:Tendon sheath of flexor pollic
Fra:0 Mem:2375.45M (Peak 2375.45M) | Time:00:00.44 | Syncing QA:Tendon sheath of tibialis ante
Fra:0 Mem:2375.61M (Peak 2375.61M) | Time:00:00.44 | Syncing QA:Tendon sheath of tibialis ante
Fra:0 Mem:2375.78M (Peak 2375.78M) | Time:00:00.44 | Syncing QA:Tendon sheath of tibialis post
Fra:0 Mem:2375.95M (Peak 2375.95M) | Time:00:00.44 | Syncing QA:Tendon sheath of tibialis post
Fra:0 Mem:2376.12M (Peak 2376.12M) | Time:00:00.44 | Syncing QA:Tensor fasciae latae.l
Fra:0 Mem:2376.43M (Peak 2376.43M) | Time:00:00.44 | Syncing QA:Tensor fasciae latae.r
Fra:0 Mem:2376.73M (Peak 2376.73M) | Time:00:00.44 | Syncing QA:Tenth rib.l
Fra:0 Mem:2377.47M (Peak 2377.47M) | Time:00:00.44 | Syncing QA:Tenth rib.r
Fra:0 Mem:2378.21M (Peak 2378.21M) | Time:00:00.44 | Syncing QA:Teres major muscle.l
Fra:0 Mem:2378.46M (Peak 2378.46M) | Time:00:00.44 | Syncing QA:Teres major muscle.r
Fra:0 Mem:2378.71M (Peak 2378.71M) | Time:00:00.44 | Syncing QA:Teres minor muscle.l
Fra:0 Mem:2378.99M (Peak 2378.99M) | Time:00:00.44 | Syncing QA:Teres minor muscle.r
Fra:0 Mem:2379.27M (Peak 2379.27M) | Time:00:00.44 | Syncing QA:Third metacarpal bone.l
Fra:0 Mem:2379.48M (Peak 2379.48M) | Time:00:00.44 | Syncing QA:Third metacarpal bone.r
Fra:0 Mem:2379.69M (Peak 2379.69M) | Time:00:00.44 | Syncing QA:Third metatarsal bone.l
Fra:0 Mem:2379.91M (Peak 2379.91M) | Time:00:00.44 | Syncing QA:Third metatarsal bone.r
Fra:0 Mem:2380.12M (Peak 2380.12M) | Time:00:00.44 | Syncing QA:Third rib.l
Fra:0 Mem:2380.86M (Peak 2380.86M) | Time:00:00.44 | Syncing QA:Third rib.r
Fra:0 Mem:2381.60M (Peak 2381.60M) | Time:00:00.44 | Syncing QA:Thyro-epiglottic part of thyro
Fra:0 Mem:2382.12M (Peak 2382.12M) | Time:00:00.44 | Syncing QA:Thyro-epiglottic part of thyro
Fra:0 Mem:2382.63M (Peak 2382.63M) | Time:00:00.44 | Syncing QA:Thyrohyoid muscle.l
Fra:0 Mem:2382.84M (Peak 2382.84M) | Time:00:00.44 | Syncing QA:Thyrohyoid muscle.r
Fra:0 Mem:2383.05M (Peak 2383.05M) | Time:00:00.44 | Syncing QA:Thyroid cartilage
Fra:0 Mem:2383.58M (Peak 2383.58M) | Time:00:00.44 | Syncing QA:Tibia.l
Fra:0 Mem:2383.87M (Peak 2383.87M) | Time:00:00.44 | Syncing QA:Tibia.r
Fra:0 Mem:2384.16M (Peak 2384.16M) | Time:00:00.44 | Syncing QA:Tibialis anterior muscle.l
Fra:0 Mem:2384.61M (Peak 2384.61M) | Time:00:00.44 | Syncing QA:Tibialis anterior muscle.r
Fra:0 Mem:2385.05M (Peak 2385.05M) | Time:00:00.44 | Syncing QA:Tibialis posterior muscle.l
Fra:0 Mem:2385.67M (Peak 2385.67M) | Time:00:00.44 | Syncing QA:Tibialis posterior muscle.r
Fra:0 Mem:2386.28M (Peak 2386.28M) | Time:00:00.44 | Syncing QA:Transversalis fascia
Fra:0 Mem:2386.81M (Peak 2386.81M) | Time:00:00.44 | Syncing QA:Transverse arytenoid muscle
Fra:0 Mem:2387.17M (Peak 2387.17M) | Time:00:00.44 | Syncing QA:Transverse head of adductor ha
Fra:0 Mem:2387.36M (Peak 2387.36M) | Time:00:00.44 | Syncing QA:Transverse head of adductor ha
Fra:0 Mem:2387.54M (Peak 2387.54M) | Time:00:00.44 | Syncing QA:Transverse head of adductor po
Fra:0 Mem:2387.77M (Peak 2387.77M) | Time:00:00.44 | Syncing QA:Transverse head of adductor po
Fra:0 Mem:2388.01M (Peak 2388.01M) | Time:00:00.44 | Syncing QA:Transverse intermuscular septu
Fra:0 Mem:2388.22M (Peak 2388.22M) | Time:00:00.44 | Syncing QA:Transverse intermuscular septu
Fra:0 Mem:2388.43M (Peak 2388.43M) | Time:00:00.44 | Syncing QA:Transverse part of trapezius m
Fra:0 Mem:2388.83M (Peak 2388.83M) | Time:00:00.44 | Syncing QA:Transverse part of trapezius m
Fra:0 Mem:2389.23M (Peak 2389.23M) | Time:00:00.44 | Syncing QA:Transversus abdominis muscle.l
Fra:0 Mem:2392.27M (Peak 2392.27M) | Time:00:00.45 | Syncing QA:Transversus abdominis muscle.r
Fra:0 Mem:2395.31M (Peak 2395.31M) | Time:00:00.45 | Syncing QA:Transversus thoracis muscle.l
Fra:0 Mem:2395.60M (Peak 2395.60M) | Time:00:00.45 | Syncing QA:Transversus thoracis muscle.r
Fra:0 Mem:2395.89M (Peak 2395.89M) | Time:00:00.45 | Syncing QA:Trapezium bone.l
Fra:0 Mem:2396.08M (Peak 2396.08M) | Time:00:00.45 | Syncing QA:Trapezium bone.r
Fra:0 Mem:2396.27M (Peak 2396.27M) | Time:00:00.45 | Syncing QA:Trapezoid bone.l
Fra:0 Mem:2396.46M (Peak 2396.46M) | Time:00:00.45 | Syncing QA:Trapezoid bone.r
Fra:0 Mem:2396.64M (Peak 2396.64M) | Time:00:00.45 | Syncing QA:Triquetrum bone.l
Fra:0 Mem:2396.80M (Peak 2396.80M) | Time:00:00.45 | Syncing QA:Triquetrum bone.r
Fra:0 Mem:2396.97M (Peak 2396.97M) | Time:00:00.45 | Syncing QA:Trochanteric bursa of gluteus 
Fra:0 Mem:2397.21M (Peak 2397.21M) | Time:00:00.45 | Syncing QA:Trochanteric bursa of gluteus 
Fra:0 Mem:2397.46M (Peak 2397.46M) | Time:00:00.45 | Syncing QA:Trochanteric bursa of gluteus 
Fra:0 Mem:2397.71M (Peak 2397.71M) | Time:00:00.45 | Syncing QA:Trochanteric bursa of gluteus 
Fra:0 Mem:2397.95M (Peak 2397.95M) | Time:00:00.45 | Syncing QA:Trochanteric bursa of gluteus 
Fra:0 Mem:2398.20M (Peak 2398.20M) | Time:00:00.45 | Syncing QA:Trochanteric bursa of gluteus 
Fra:0 Mem:2398.44M (Peak 2398.44M) | Time:00:00.45 | Syncing QA:Trochlea of superior oblique m
Fra:0 Mem:2398.62M (Peak 2398.62M) | Time:00:00.45 | Syncing QA:Trochlea of superior oblique m
Fra:0 Mem:2398.79M (Peak 2398.79M) | Time:00:00.45 | Syncing QA:Twelfth rib.l
Fra:0 Mem:2399.19M (Peak 2399.19M) | Time:00:00.45 | Syncing QA:Twelfth rib.r
Fra:0 Mem:2399.60M (Peak 2399.60M) | Time:00:00.45 | Syncing QA:Ulna.l
Fra:0 Mem:2399.82M (Peak 2399.82M) | Time:00:00.45 | Syncing QA:Ulna.r
Fra:0 Mem:2400.05M (Peak 2400.05M) | Time:00:00.45 | Syncing QA:Ulnar head of extensor carpi u
Fra:0 Mem:2400.27M (Peak 2400.27M) | Time:00:00.45 | Syncing QA:Ulnar head of extensor carpi u
Fra:0 Mem:2400.49M (Peak 2400.49M) | Time:00:00.45 | Syncing QA:Ulnar head of flexor carpi uln
Fra:0 Mem:2400.76M (Peak 2400.76M) | Time:00:00.45 | Syncing QA:Ulnar head of flexor carpi uln
Fra:0 Mem:2401.03M (Peak 2401.03M) | Time:00:00.45 | Syncing QA:Upper canine.l
Fra:0 Mem:2401.31M (Peak 2401.31M) | Time:00:00.45 | Syncing QA:Upper canine.r
Fra:0 Mem:2401.58M (Peak 2401.58M) | Time:00:00.45 | Syncing QA:Upper first molar tooth.l
Fra:0 Mem:2401.91M (Peak 2401.91M) | Time:00:00.45 | Syncing QA:Upper first molar tooth.r
Fra:0 Mem:2402.25M (Peak 2402.25M) | Time:00:00.45 | Syncing QA:Upper first premolar.l
Fra:0 Mem:2402.54M (Peak 2402.54M) | Time:00:00.45 | Syncing QA:Upper first premolar.r
Fra:0 Mem:2402.83M (Peak 2402.83M) | Time:00:00.45 | Syncing QA:Upper lateral incisor.l
Fra:0 Mem:2403.10M (Peak 2403.10M) | Time:00:00.45 | Syncing QA:Upper lateral incisor.r
Fra:0 Mem:2403.37M (Peak 2403.37M) | Time:00:00.45 | Syncing QA:Upper medial incisor.l
Fra:0 Mem:2403.64M (Peak 2403.64M) | Time:00:00.45 | Syncing QA:Upper medial incisor.r
Fra:0 Mem:2403.90M (Peak 2403.90M) | Time:00:00.45 | Syncing QA:Upper second molar tooth.l
Fra:0 Mem:2404.21M (Peak 2404.21M) | Time:00:00.45 | Syncing QA:Upper second molar tooth.r
Fra:0 Mem:2404.51M (Peak 2404.51M) | Time:00:00.45 | Syncing QA:Upper second premolar.l
Fra:0 Mem:2404.79M (Peak 2404.79M) | Time:00:00.45 | Syncing QA:Upper second premolar.r
Fra:0 Mem:2405.07M (Peak 2405.07M) | Time:00:00.45 | Syncing QA:Vastus intermedius muscle.l
Fra:0 Mem:2405.74M (Peak 2405.74M) | Time:00:00.45 | Syncing QA:Vastus intermedius muscle.r
Fra:0 Mem:2406.41M (Peak 2406.41M) | Time:00:00.45 | Syncing QA:Vastus lateralis muscle.l
Fra:0 Mem:2407.35M (Peak 2407.35M) | Time:00:00.45 | Syncing QA:Vastus lateralis muscle.r
Fra:0 Mem:2408.29M (Peak 2408.29M) | Time:00:00.45 | Syncing QA:Vastus medialis muscle.l
Fra:0 Mem:2408.98M (Peak 2408.98M) | Time:00:00.45 | Syncing QA:Vastus medialis muscle.r
Fra:0 Mem:2409.67M (Peak 2409.67M) | Time:00:00.45 | Syncing QA:Ventral parts of lateral inter
Fra:0 Mem:2409.91M (Peak 2409.91M) | Time:00:00.45 | Syncing QA:Ventral parts of lateral inter
Fra:0 Mem:2410.14M (Peak 2410.14M) | Time:00:00.46 | Syncing QA:Vertebra C3
Fra:0 Mem:2410.50M (Peak 2410.50M) | Time:00:00.46 | Syncing QA:Vertebra C4
Fra:0 Mem:2410.81M (Peak 2410.81M) | Time:00:00.46 | Syncing QA:Vertebra C5
Fra:0 Mem:2411.15M (Peak 2411.15M) | Time:00:00.46 | Syncing QA:Vertebra C6
Fra:0 Mem:2411.49M (Peak 2411.49M) | Time:00:00.46 | Syncing QA:Vertebra C7
Fra:0 Mem:2411.82M (Peak 2411.82M) | Time:00:00.46 | Syncing QA:Vertebra L1
Fra:0 Mem:2412.24M (Peak 2412.24M) | Time:00:00.46 | Syncing QA:Vertebra L2
Fra:0 Mem:2412.61M (Peak 2412.61M) | Time:00:00.46 | Syncing QA:Vertebra L3
Fra:0 Mem:2413.02M (Peak 2413.02M) | Time:00:00.46 | Syncing QA:Vertebra L4
Fra:0 Mem:2413.49M (Peak 2413.49M) | Time:00:00.46 | Syncing QA:Vertebra L5
Fra:0 Mem:2413.97M (Peak 2413.97M) | Time:00:00.46 | Syncing QA:Vertebra T1
Fra:0 Mem:2414.29M (Peak 2414.29M) | Time:00:00.46 | Syncing QA:Vertebra T10
Fra:0 Mem:2414.69M (Peak 2414.69M) | Time:00:00.46 | Syncing QA:Vertebra T11
Fra:0 Mem:2414.99M (Peak 2414.99M) | Time:00:00.46 | Syncing QA:Vertebra T12
Fra:0 Mem:2415.36M (Peak 2415.36M) | Time:00:00.46 | Syncing QA:Vertebra T2
Fra:0 Mem:2415.68M (Peak 2415.68M) | Time:00:00.46 | Syncing QA:Vertebra T3
Fra:0 Mem:2416.03M (Peak 2416.03M) | Time:00:00.46 | Syncing QA:Vertebra T4
Fra:0 Mem:2416.37M (Peak 2416.37M) | Time:00:00.47 | Syncing QA:Vertebra T5
Fra:0 Mem:2416.70M (Peak 2416.70M) | Time:00:00.47 | Syncing QA:Vertebra T6
Fra:0 Mem:2417.00M (Peak 2417.00M) | Time:00:00.47 | Syncing QA:Vertebra T7
Fra:0 Mem:2417.38M (Peak 2417.38M) | Time:00:00.47 | Syncing QA:Vertebra T8
Fra:0 Mem:2417.68M (Peak 2417.68M) | Time:00:00.47 | Syncing QA:Vertebra T9
Fra:0 Mem:2418.08M (Peak 2418.08M) | Time:00:00.47 | Syncing QA:Vomer
Fra:0 Mem:2418.31M (Peak 2418.31M) | Time:00:00.47 | Syncing QA:Xiphoid process
Fra:0 Mem:2418.54M (Peak 2418.54M) | Time:00:00.47 | Syncing QA:Zygomatic bone.l
Fra:0 Mem:2418.80M (Peak 2418.80M) | Time:00:00.47 | Syncing QA:Zygomatic bone.r
Fra:0 Mem:2419.06M (Peak 2419.06M) | Time:00:00.47 | Syncing QA:Zygomaticus major muscle.l
Fra:0 Mem:2419.28M (Peak 2419.28M) | Time:00:00.47 | Syncing QA:Zygomaticus major muscle.r
Fra:0 Mem:2419.50M (Peak 2419.50M) | Time:00:00.47 | Syncing QA:Zygomaticus minor muscle.l
Fra:0 Mem:2419.68M (Peak 2419.68M) | Time:00:00.47 | Syncing QA:Zygomaticus minor muscle.r
Fra:0 Mem:2419.87M (Peak 2419.87M) | Time:00:00.47 | Syncing T98 camera
Fra:0 Mem:2419.87M (Peak 2419.87M) | Time:00:00.47 | Syncing T98 light
Fra:0 Mem:2419.87M (Peak 2419.87M) | Time:00:00.47 | Syncing T98 light.001
Fra:0 Mem:2410.39M (Peak 2419.87M) | Time:00:00.47 | Rendering 1 / 16 samples
Fra:0 Mem:2212.97M (Peak 2419.87M) | Time:00:00.79 | Rendering 16 / 16 samples
Saved: '/Users/daniel/Downloads/SIM /HUMAN ATLAS/work/evidence/T98/astra-resolution-2026-09-29/source-minus-y.png'
 Time: 00:00.87 (Saving: 00:00.06)

Fra:0 Mem:2068.62M (Peak 2068.62M) | Time:00:00.04 | Syncing QA:(Abdominal part of pectoralis 
Fra:0 Mem:2068.88M (Peak 2068.88M) | Time:00:00.04 | Syncing QA:(Abdominal part of pectoralis 
Fra:0 Mem:2069.13M (Peak 2069.13M) | Time:00:00.04 | Syncing QA:(Adductor minimus).l
Fra:0 Mem:2069.35M (Peak 2069.35M) | Time:00:00.04 | Syncing QA:(Adductor minimus).r
Fra:0 Mem:2069.56M (Peak 2069.56M) | Time:00:00.04 | Syncing QA:(Iliopectineal bursa).l
Fra:0 Mem:2069.79M (Peak 2069.79M) | Time:00:00.04 | Syncing QA:(Iliopectineal bursa).r
Fra:0 Mem:2070.01M (Peak 2070.01M) | Time:00:00.04 | Syncing QA:(Opponens digiti minimi muscle
Fra:0 Mem:2070.18M (Peak 2070.18M) | Time:00:00.04 | Syncing QA:(Opponens digiti minimi muscle
Fra:0 Mem:2070.34M (Peak 2070.34M) | Time:00:00.04 | Syncing QA:Abductor digiti minimi of foot
Fra:0 Mem:2070.58M (Peak 2070.58M) | Time:00:00.04 | Syncing QA:Abductor digiti minimi of foot
Fra:0 Mem:2070.82M (Peak 2070.82M) | Time:00:00.04 | Syncing QA:Abductor digiti minimi of hand
Fra:0 Mem:2071.02M (Peak 2071.02M) | Time:00:00.04 | Syncing QA:Abductor digiti minimi of hand
Fra:0 Mem:2071.22M (Peak 2071.22M) | Time:00:00.04 | Syncing QA:Abductor hallucis.l
Fra:0 Mem:2071.48M (Peak 2071.48M) | Time:00:00.04 | Syncing QA:Abductor hallucis.r
Fra:0 Mem:2071.75M (Peak 2071.75M) | Time:00:00.04 | Syncing QA:Abductor pollicis brevis.l
Fra:0 Mem:2071.94M (Peak 2071.94M) | Time:00:00.04 | Syncing QA:Abductor pollicis brevis.r
Fra:0 Mem:2072.13M (Peak 2072.13M) | Time:00:00.04 | Syncing QA:Abductor pollicis longus.l
Fra:0 Mem:2072.45M (Peak 2072.45M) | Time:00:00.04 | Syncing QA:Abductor pollicis longus.r
Fra:0 Mem:2072.77M (Peak 2072.77M) | Time:00:00.04 | Syncing QA:Acromial part of deltoid muscl
Fra:0 Mem:2073.13M (Peak 2073.13M) | Time:00:00.04 | Syncing QA:Acromial part of deltoid muscl
Fra:0 Mem:2073.48M (Peak 2073.48M) | Time:00:00.04 | Syncing QA:Adductor brevis.l
Fra:0 Mem:2073.78M (Peak 2073.78M) | Time:00:00.04 | Syncing QA:Adductor brevis.r
Fra:0 Mem:2074.08M (Peak 2074.08M) | Time:00:00.04 | Syncing QA:Adductor longus.l
Fra:0 Mem:2074.48M (Peak 2074.48M) | Time:00:00.04 | Syncing QA:Adductor longus.r
Fra:0 Mem:2074.89M (Peak 2074.89M) | Time:00:00.04 | Syncing QA:Adductor magnus.l
Fra:0 Mem:2075.60M (Peak 2075.60M) | Time:00:00.04 | Syncing QA:Adductor magnus.r
Fra:0 Mem:2076.31M (Peak 2076.31M) | Time:00:00.05 | Syncing QA:Anconeus muscle.l
Fra:0 Mem:2076.56M (Peak 2076.56M) | Time:00:00.05 | Syncing QA:Anconeus muscle.r
Fra:0 Mem:2076.81M (Peak 2076.81M) | Time:00:00.05 | Syncing QA:Anserine bursa.l
Fra:0 Mem:2077.02M (Peak 2077.02M) | Time:00:00.05 | Syncing QA:Anserine bursa.r
Fra:0 Mem:2077.23M (Peak 2077.23M) | Time:00:00.05 | Syncing QA:Antebrachial fascia.l
Fra:0 Mem:2077.71M (Peak 2077.71M) | Time:00:00.05 | Syncing QA:Antebrachial fascia.r
Fra:0 Mem:2078.18M (Peak 2078.18M) | Time:00:00.05 | Syncing QA:Anterior belly of digastric mu
Fra:0 Mem:2078.36M (Peak 2078.36M) | Time:00:00.05 | Syncing QA:Anterior belly of digastric mu
Fra:0 Mem:2078.54M (Peak 2078.54M) | Time:00:00.05 | Syncing QA:Anterior cells of ethmoid bone
Fra:0 Mem:2078.73M (Peak 2078.73M) | Time:00:00.05 | Syncing QA:Anterior cells of ethmoid bone
Fra:0 Mem:2078.92M (Peak 2078.92M) | Time:00:00.05 | Syncing QA:Anterior intermuscular septum 
Fra:0 Mem:2079.09M (Peak 2079.09M) | Time:00:00.05 | Syncing QA:Anterior intermuscular septum 
Fra:0 Mem:2079.26M (Peak 2079.26M) | Time:00:00.05 | Syncing QA:Anterior layer of thoracolumba
Fra:0 Mem:2079.42M (Peak 2079.42M) | Time:00:00.05 | Syncing QA:Anterior layer of thoracolumba
Fra:0 Mem:2079.59M (Peak 2079.59M) | Time:00:00.05 | Syncing QA:Ary-epiglottic part of oblique
Fra:0 Mem:2079.84M (Peak 2079.84M) | Time:00:00.05 | Syncing QA:Ary-epiglottic part of oblique
Fra:0 Mem:2080.10M (Peak 2080.10M) | Time:00:00.05 | Syncing QA:Arytenoid cartilage.l
Fra:0 Mem:2080.52M (Peak 2080.52M) | Time:00:00.05 | Syncing QA:Arytenoid cartilage.r
Fra:0 Mem:2080.95M (Peak 2080.95M) | Time:00:00.05 | Syncing QA:Ascending part of trapezius mu
Fra:0 Mem:2081.41M (Peak 2081.41M) | Time:00:00.05 | Syncing QA:Ascending part of trapezius mu
Fra:0 Mem:2081.88M (Peak 2081.88M) | Time:00:00.05 | Syncing QA:Atlas (C1)
Fra:0 Mem:2082.18M (Peak 2082.18M) | Time:00:00.05 | Syncing QA:Axis (C2)
Fra:0 Mem:2082.49M (Peak 2082.49M) | Time:00:00.05 | Syncing QA:Bicipitoradial bursa.l
Fra:0 Mem:2082.71M (Peak 2082.71M) | Time:00:00.05 | Syncing QA:Bicipitoradial bursa.r
Fra:0 Mem:2082.93M (Peak 2082.93M) | Time:00:00.05 | Syncing QA:Body of sternum
Fra:0 Mem:2083.39M (Peak 2083.39M) | Time:00:00.05 | Syncing QA:Brachial fascia.l
Fra:0 Mem:2083.76M (Peak 2083.76M) | Time:00:00.05 | Syncing QA:Brachial fascia.r
Fra:0 Mem:2084.13M (Peak 2084.13M) | Time:00:00.05 | Syncing QA:Brachialis muscle.l
Fra:0 Mem:2084.52M (Peak 2084.52M) | Time:00:00.05 | Syncing QA:Brachialis muscle.r
Fra:0 Mem:2084.91M (Peak 2084.91M) | Time:00:00.05 | Syncing QA:Brachioradialis muscle.l
Fra:0 Mem:2085.56M (Peak 2085.56M) | Time:00:00.05 | Syncing QA:Brachioradialis muscle.r
Fra:0 Mem:2086.22M (Peak 2086.22M) | Time:00:00.05 | Syncing QA:Bucinator.l
Fra:0 Mem:2086.43M (Peak 2086.43M) | Time:00:00.05 | Syncing QA:Bucinator.r
Fra:0 Mem:2086.64M (Peak 2086.64M) | Time:00:00.05 | Syncing QA:Bursa of piriformis muscle.l
Fra:0 Mem:2086.86M (Peak 2086.86M) | Time:00:00.05 | Syncing QA:Bursa of piriformis muscle.r
Fra:0 Mem:2087.09M (Peak 2087.09M) | Time:00:00.05 | Syncing QA:Calcaneal tendon.l
Fra:0 Mem:2087.54M (Peak 2087.54M) | Time:00:00.05 | Syncing QA:Calcaneal tendon.r
Fra:0 Mem:2087.99M (Peak 2087.99M) | Time:00:00.05 | Syncing QA:Calcaneus.l
Fra:0 Mem:2088.24M (Peak 2088.24M) | Time:00:00.05 | Syncing QA:Calcaneus.r
Fra:0 Mem:2088.49M (Peak 2088.49M) | Time:00:00.05 | Syncing QA:Capitate bone.l
Fra:0 Mem:2088.67M (Peak 2088.67M) | Time:00:00.05 | Syncing QA:Capitate bone.r
Fra:0 Mem:2088.85M (Peak 2088.85M) | Time:00:00.05 | Syncing QA:Clavicle.l
Fra:0 Mem:2089.11M (Peak 2089.11M) | Time:00:00.05 | Syncing QA:Clavicle.r
Fra:0 Mem:2089.37M (Peak 2089.37M) | Time:00:00.05 | Syncing QA:Clavicular head of pectoralis 
Fra:0 Mem:2089.58M (Peak 2089.58M) | Time:00:00.05 | Syncing QA:Clavicular head of pectoralis 
Fra:0 Mem:2089.78M (Peak 2089.78M) | Time:00:00.05 | Syncing QA:Clavicular part of deltoid mus
Fra:0 Mem:2090.13M (Peak 2090.13M) | Time:00:00.05 | Syncing QA:Clavicular part of deltoid mus
Fra:0 Mem:2090.48M (Peak 2090.48M) | Time:00:00.05 | Syncing QA:Clavipectoral fascia.l
Fra:0 Mem:2090.70M (Peak 2090.70M) | Time:00:00.05 | Syncing QA:Clavipectoral fascia.r
Fra:0 Mem:2090.91M (Peak 2090.91M) | Time:00:00.05 | Syncing QA:Coccygeus muscle.l
Fra:0 Mem:2091.14M (Peak 2091.14M) | Time:00:00.05 | Syncing QA:Coccygeus muscle.r
Fra:0 Mem:2091.36M (Peak 2091.36M) | Time:00:00.05 | Syncing QA:Coccyx
Fra:0 Mem:2091.58M (Peak 2091.58M) | Time:00:00.05 | Syncing QA:Common flexor tendon sheath.l
Fra:0 Mem:2091.78M (Peak 2091.78M) | Time:00:00.05 | Syncing QA:Common flexor tendon sheath.r
Fra:0 Mem:2092.62M (Peak 2092.62M) | Time:00:00.05 | Syncing QA:Common tendinous ring.l
Fra:0 Mem:2092.81M (Peak 2092.81M) | Time:00:00.05 | Syncing QA:Common tendinous ring.r
Fra:0 Mem:2093.00M (Peak 2093.00M) | Time:00:00.05 | Syncing QA:Common tendon sheath of fibula
Fra:0 Mem:2093.22M (Peak 2093.22M) | Time:00:00.05 | Syncing QA:Common tendon sheath of fibula
Fra:0 Mem:2093.45M (Peak 2093.45M) | Time:00:00.05 | Syncing QA:Coracobrachial bursa.l
Fra:0 Mem:2093.67M (Peak 2093.67M) | Time:00:00.05 | Syncing QA:Coracobrachial bursa.r
Fra:0 Mem:2093.90M (Peak 2093.90M) | Time:00:00.05 | Syncing QA:Coracobrachialis muscle.l
Fra:0 Mem:2094.13M (Peak 2094.13M) | Time:00:00.05 | Syncing QA:Coracobrachialis muscle.r
Fra:0 Mem:2094.36M (Peak 2094.36M) | Time:00:00.05 | Syncing QA:Corniculate cartilage.l
Fra:0 Mem:2094.52M (Peak 2094.52M) | Time:00:00.05 | Syncing QA:Corniculate cartilage.r
Fra:0 Mem:2094.69M (Peak 2094.69M) | Time:00:00.05 | Syncing QA:Corrugator supercilii.l
Fra:0 Mem:2094.86M (Peak 2094.86M) | Time:00:00.05 | Syncing QA:Corrugator supercilii.r
Fra:0 Mem:2095.03M (Peak 2095.03M) | Time:00:00.05 | Syncing QA:Costal cartilage of eighth rib
Fra:0 Mem:2095.31M (Peak 2095.31M) | Time:00:00.05 | Syncing QA:Costal cartilage of eighth rib
Fra:0 Mem:2095.59M (Peak 2095.59M) | Time:00:00.05 | Syncing QA:Costal cartilage of fifth rib.
Fra:0 Mem:2096.06M (Peak 2096.06M) | Time:00:00.05 | Syncing QA:Costal cartilage of fifth rib.
Fra:0 Mem:2096.53M (Peak 2096.53M) | Time:00:00.05 | Syncing QA:Costal cartilage of first rib.
Fra:0 Mem:2096.82M (Peak 2096.82M) | Time:00:00.05 | Syncing QA:Costal cartilage of first rib.
Fra:0 Mem:2097.11M (Peak 2097.11M) | Time:00:00.05 | Syncing QA:Costal cartilage of fourth rib
Fra:0 Mem:2097.48M (Peak 2097.48M) | Time:00:00.05 | Syncing QA:Costal cartilage of fourth rib
Fra:0 Mem:2097.85M (Peak 2097.85M) | Time:00:00.05 | Syncing QA:Costal cartilage of ninth rib.
Fra:0 Mem:2098.10M (Peak 2098.10M) | Time:00:00.05 | Syncing QA:Costal cartilage of ninth rib.
Fra:0 Mem:2098.35M (Peak 2098.35M) | Time:00:00.05 | Syncing QA:Costal cartilage of second rib
Fra:0 Mem:2098.67M (Peak 2098.67M) | Time:00:00.05 | Syncing QA:Costal cartilage of second rib
Fra:0 Mem:2098.99M (Peak 2098.99M) | Time:00:00.05 | Syncing QA:Costal cartilage of seventh ri
Fra:0 Mem:2099.82M (Peak 2099.82M) | Time:00:00.05 | Syncing QA:Costal cartilage of seventh ri
Fra:0 Mem:2100.65M (Peak 2100.65M) | Time:00:00.05 | Syncing QA:Costal cartilage of sixth rib.
Fra:0 Mem:2101.21M (Peak 2101.21M) | Time:00:00.05 | Syncing QA:Costal cartilage of sixth rib.
Fra:0 Mem:2101.76M (Peak 2101.76M) | Time:00:00.05 | Syncing QA:Costal cartilage of tenth rib.
Fra:0 Mem:2101.99M (Peak 2101.99M) | Time:00:00.05 | Syncing QA:Costal cartilage of tenth rib.
Fra:0 Mem:2102.21M (Peak 2102.21M) | Time:00:00.05 | Syncing QA:Costal cartilage of third rib.
Fra:0 Mem:2102.54M (Peak 2102.54M) | Time:00:00.05 | Syncing QA:Costal cartilage of third rib.
Fra:0 Mem:2102.87M (Peak 2102.87M) | Time:00:00.05 | Syncing QA:Cricoid cartilage
Fra:0 Mem:2103.21M (Peak 2103.21M) | Time:00:00.05 | Syncing QA:Cruciform part of fibrous shea
Fra:0 Mem:2103.60M (Peak 2103.60M) | Time:00:00.06 | Syncing QA:Cruciform part of fibrous shea
Fra:0 Mem:2103.98M (Peak 2103.98M) | Time:00:00.06 | Syncing QA:Crural fascia.l
Fra:0 Mem:2104.93M (Peak 2105.14M) | Time:00:00.06 | Syncing QA:Crural fascia.r
Fra:0 Mem:2105.87M (Peak 2105.99M) | Time:00:00.06 | Syncing QA:Cuboid bone.l
Fra:0 Mem:2106.09M (Peak 2106.09M) | Time:00:00.06 | Syncing QA:Cuboid bone.r
Fra:0 Mem:2106.31M (Peak 2106.31M) | Time:00:00.06 | Syncing QA:Deep head of flexor pollicis b
Fra:0 Mem:2106.51M (Peak 2106.51M) | Time:00:00.06 | Syncing QA:Deep head of flexor pollicis b
Fra:0 Mem:2106.71M (Peak 2106.71M) | Time:00:00.06 | Syncing QA:Deep head of pronator teres.l
Fra:0 Mem:2106.94M (Peak 2106.94M) | Time:00:00.06 | Syncing QA:Deep head of pronator teres.r
Fra:0 Mem:2107.17M (Peak 2107.17M) | Time:00:00.06 | Syncing QA:Deep infrapatellar bursa.l
Fra:0 Mem:2107.36M (Peak 2107.36M) | Time:00:00.06 | Syncing QA:Deep infrapatellar bursa.r
Fra:0 Mem:2107.56M (Peak 2107.56M) | Time:00:00.06 | Syncing QA:Deep part of masseter.l
Fra:0 Mem:2107.78M (Peak 2107.78M) | Time:00:00.06 | Syncing QA:Deep part of masseter.r
Fra:0 Mem:2108.00M (Peak 2108.00M) | Time:00:00.06 | Syncing QA:Deltoid fascia.l
Fra:0 Mem:2108.41M (Peak 2108.41M) | Time:00:00.06 | Syncing QA:Deltoid fascia.r
Fra:0 Mem:2108.83M (Peak 2108.83M) | Time:00:00.06 | Syncing QA:Depressor anguli oris.l
Fra:0 Mem:2109.02M (Peak 2109.02M) | Time:00:00.06 | Syncing QA:Depressor anguli oris.r
Fra:0 Mem:2109.21M (Peak 2109.21M) | Time:00:00.06 | Syncing QA:Depressor labii inferioris.l
Fra:0 Mem:2109.42M (Peak 2109.42M) | Time:00:00.06 | Syncing QA:Depressor labii inferioris.r
Fra:0 Mem:2109.62M (Peak 2109.62M) | Time:00:00.06 | Syncing QA:Depressor septi nasi.l
Fra:0 Mem:2109.79M (Peak 2109.79M) | Time:00:00.06 | Syncing QA:Depressor septi nasi.r
Fra:0 Mem:2109.96M (Peak 2109.96M) | Time:00:00.06 | Syncing QA:Descending part of trapezius m
Fra:0 Mem:2110.58M (Peak 2110.58M) | Time:00:00.06 | Syncing QA:Descending part of trapezius m
Fra:0 Mem:2111.19M (Peak 2111.19M) | Time:00:00.06 | Syncing QA:Diaphragm
Fra:0 Mem:2113.27M (Peak 2113.27M) | Time:00:00.06 | Syncing QA:Diaphragmatic fascia
Fra:0 Mem:2113.76M (Peak 2113.76M) | Time:00:00.06 | Syncing QA:Distal phalanx of fifth finger
Fra:0 Mem:2113.93M (Peak 2113.93M) | Time:00:00.06 | Syncing QA:Distal phalanx of fifth finger
Fra:0 Mem:2114.10M (Peak 2114.10M) | Time:00:00.06 | Syncing QA:Distal phalanx of fifth finger
Fra:0 Mem:2114.26M (Peak 2114.26M) | Time:00:00.06 | Syncing QA:Distal phalanx of fifth finger
Fra:0 Mem:2114.42M (Peak 2114.42M) | Time:00:00.06 | Syncing QA:Distal phalanx of first finger
Fra:0 Mem:2114.61M (Peak 2114.61M) | Time:00:00.06 | Syncing QA:Distal phalanx of first finger
Fra:0 Mem:2114.79M (Peak 2114.79M) | Time:00:00.06 | Syncing QA:Distal phalanx of first finger
Fra:0 Mem:2114.96M (Peak 2114.96M) | Time:00:00.06 | Syncing QA:Distal phalanx of first finger
Fra:0 Mem:2115.12M (Peak 2115.12M) | Time:00:00.06 | Syncing QA:Distal phalanx of fourth finge
Fra:0 Mem:2115.29M (Peak 2115.29M) | Time:00:00.06 | Syncing QA:Distal phalanx of fourth finge
Fra:0 Mem:2115.46M (Peak 2115.46M) | Time:00:00.06 | Syncing QA:Distal phalanx of fourth finge
Fra:0 Mem:2115.62M (Peak 2115.62M) | Time:00:00.06 | Syncing QA:Distal phalanx of fourth finge
Fra:0 Mem:2115.78M (Peak 2115.78M) | Time:00:00.06 | Syncing QA:Distal phalanx of second finge
Fra:0 Mem:2115.95M (Peak 2115.95M) | Time:00:00.06 | Syncing QA:Distal phalanx of second finge
Fra:0 Mem:2116.11M (Peak 2116.11M) | Time:00:00.06 | Syncing QA:Distal phalanx of second finge
Fra:0 Mem:2116.28M (Peak 2116.28M) | Time:00:00.06 | Syncing QA:Distal phalanx of second finge
Fra:0 Mem:2116.45M (Peak 2116.45M) | Time:00:00.06 | Syncing QA:Distal phalanx of third finger
Fra:0 Mem:2116.62M (Peak 2116.62M) | Time:00:00.06 | Syncing QA:Distal phalanx of third finger
Fra:0 Mem:2116.79M (Peak 2116.79M) | Time:00:00.06 | Syncing QA:Distal phalanx of third finger
Fra:0 Mem:2116.96M (Peak 2116.96M) | Time:00:00.06 | Syncing QA:Distal phalanx of third finger
Fra:0 Mem:2117.12M (Peak 2117.12M) | Time:00:00.06 | Syncing QA:Dorsal fascia of hand.l
Fra:0 Mem:2117.38M (Peak 2117.38M) | Time:00:00.06 | Syncing QA:Dorsal fascia of hand.r
Fra:0 Mem:2117.64M (Peak 2117.64M) | Time:00:00.06 | Syncing QA:Dorsal interossei muscles of f
Fra:0 Mem:2117.92M (Peak 2117.92M) | Time:00:00.06 | Syncing QA:Dorsal interossei muscles of f
Fra:0 Mem:2118.20M (Peak 2118.20M) | Time:00:00.06 | Syncing QA:Dorsal interossei muscles of h
Fra:0 Mem:2118.45M (Peak 2118.45M) | Time:00:00.06 | Syncing QA:Dorsal interossei muscles of h
Fra:0 Mem:2118.69M (Peak 2118.69M) | Time:00:00.06 | Syncing QA:Dorsal parts of lateral intert
Fra:0 Mem:2118.89M (Peak 2118.89M) | Time:00:00.06 | Syncing QA:Dorsal parts of lateral intert
Fra:0 Mem:2119.09M (Peak 2119.09M) | Time:00:00.06 | Syncing QA:Eighth rib.l
Fra:0 Mem:2119.81M (Peak 2119.81M) | Time:00:00.06 | Syncing QA:Eighth rib.r
Fra:0 Mem:2120.53M (Peak 2120.53M) | Time:00:00.06 | Syncing QA:Eleventh rib.l
Fra:0 Mem:2121.02M (Peak 2121.02M) | Time:00:00.06 | Syncing QA:Eleventh rib.r
Fra:0 Mem:2121.52M (Peak 2121.52M) | Time:00:00.06 | Syncing QA:Epicranial aponeurosis.l
Fra:0 Mem:2123.05M (Peak 2123.05M) | Time:00:00.06 | Syncing QA:Epicranial aponeurosis.r
Fra:0 Mem:2124.58M (Peak 2124.58M) | Time:00:00.06 | Syncing QA:Ethmoid bone
Fra:0 Mem:2125.30M (Peak 2125.30M) | Time:00:00.06 | Syncing QA:Extensor carpi radialis brevis
Fra:0 Mem:2125.67M (Peak 2125.67M) | Time:00:00.06 | Syncing QA:Extensor carpi radialis brevis
Fra:0 Mem:2126.03M (Peak 2126.03M) | Time:00:00.06 | Syncing QA:Extensor carpi radialis longus
Fra:0 Mem:2126.44M (Peak 2126.44M) | Time:00:00.06 | Syncing QA:Extensor carpi radialis longus
Fra:0 Mem:2126.84M (Peak 2126.84M) | Time:00:00.06 | Syncing QA:Extensor digiti minimi.l
Fra:0 Mem:2127.14M (Peak 2127.14M) | Time:00:00.06 | Syncing QA:Extensor digiti minimi.r
Fra:0 Mem:2127.44M (Peak 2127.44M) | Time:00:00.06 | Syncing QA:Extensor digitorum brevis.l
Fra:0 Mem:2127.81M (Peak 2127.81M) | Time:00:00.06 | Syncing QA:Extensor digitorum brevis.r
Fra:0 Mem:2128.18M (Peak 2128.18M) | Time:00:00.06 | Syncing QA:Extensor digitorum longus.l
Fra:0 Mem:2128.55M (Peak 2128.55M) | Time:00:00.06 | Syncing QA:Extensor digitorum longus.r
Fra:0 Mem:2128.91M (Peak 2128.91M) | Time:00:00.06 | Syncing QA:Extensor digitorum.l
Fra:0 Mem:2129.51M (Peak 2129.51M) | Time:00:00.06 | Syncing QA:Extensor digitorum.r
Fra:0 Mem:2130.10M (Peak 2130.10M) | Time:00:00.06 | Syncing QA:Extensor hallucis brevis.l
Fra:0 Mem:2130.32M (Peak 2130.32M) | Time:00:00.06 | Syncing QA:Extensor hallucis brevis.r
Fra:0 Mem:2130.55M (Peak 2130.55M) | Time:00:00.06 | Syncing QA:Extensor hallucis longus.l
Fra:0 Mem:2130.86M (Peak 2130.86M) | Time:00:00.06 | Syncing QA:Extensor hallucis longus.r
Fra:0 Mem:2131.18M (Peak 2131.18M) | Time:00:00.06 | Syncing QA:Extensor indicis.l
Fra:0 Mem:2131.41M (Peak 2131.41M) | Time:00:00.06 | Syncing QA:Extensor indicis.r
Fra:0 Mem:2131.63M (Peak 2131.63M) | Time:00:00.06 | Syncing QA:Extensor pollicis brevis.l
Fra:0 Mem:2131.87M (Peak 2131.87M) | Time:00:00.06 | Syncing QA:Extensor pollicis brevis.r
Fra:0 Mem:2132.10M (Peak 2132.10M) | Time:00:00.06 | Syncing QA:Extensor pollicis longus.l
Fra:0 Mem:2132.36M (Peak 2132.36M) | Time:00:00.06 | Syncing QA:Extensor pollicis longus.r
Fra:0 Mem:2132.62M (Peak 2132.62M) | Time:00:00.06 | Syncing QA:Extensor retinaculum of wrist.
Fra:0 Mem:2132.80M (Peak 2132.80M) | Time:00:00.06 | Syncing QA:Extensor retinaculum of wrist.
Fra:0 Mem:2132.97M (Peak 2132.97M) | Time:00:00.06 | Syncing QA:External abdominal oblique mus
Fra:0 Mem:2135.16M (Peak 2135.16M) | Time:00:00.06 | Syncing QA:External abdominal oblique mus
Fra:0 Mem:2137.34M (Peak 2137.34M) | Time:00:00.06 | Syncing QA:External anal sphincter.l
Fra:0 Mem:2137.51M (Peak 2137.51M) | Time:00:00.06 | Syncing QA:External anal sphincter.r
Fra:0 Mem:2137.67M (Peak 2137.67M) | Time:00:00.06 | Syncing QA:External intercostal muscles.l
Fra:0 Mem:2140.66M (Peak 2140.82M) | Time:00:00.07 | Syncing QA:External intercostal muscles.r
Fra:0 Mem:2143.66M (Peak 2143.81M) | Time:00:00.07 | Syncing QA:External part of thyro-aryteno
Fra:0 Mem:2144.04M (Peak 2144.04M) | Time:00:00.07 | Syncing QA:External part of thyro-aryteno
Fra:0 Mem:2144.42M (Peak 2144.42M) | Time:00:00.07 | Syncing QA:Fascia lata.l
Fra:0 Mem:2145.51M (Peak 2145.65M) | Time:00:00.07 | Syncing QA:Fascia lata.r
Fra:0 Mem:2146.60M (Peak 2146.74M) | Time:00:00.07 | Syncing QA:Femur.l
Fra:0 Mem:2147.01M (Peak 2147.01M) | Time:00:00.07 | Syncing QA:Femur.r
Fra:0 Mem:2147.42M (Peak 2147.42M) | Time:00:00.07 | Syncing QA:Fibula.l
Fra:0 Mem:2147.66M (Peak 2147.66M) | Time:00:00.07 | Syncing QA:Fibula.r
Fra:0 Mem:2147.90M (Peak 2147.90M) | Time:00:00.07 | Syncing QA:Fibularis brevis muscle.l
Fra:0 Mem:2148.28M (Peak 2148.28M) | Time:00:00.07 | Syncing QA:Fibularis brevis muscle.r
Fra:0 Mem:2148.67M (Peak 2148.67M) | Time:00:00.07 | Syncing QA:Fibularis longus muscle.l
Fra:0 Mem:2149.20M (Peak 2149.20M) | Time:00:00.07 | Syncing QA:Fibularis longus muscle.r
Fra:0 Mem:2149.73M (Peak 2149.73M) | Time:00:00.07 | Syncing QA:Fibularis tertius muscle.l
Fra:0 Mem:2149.92M (Peak 2149.92M) | Time:00:00.07 | Syncing QA:Fibularis tertius muscle.r
Fra:0 Mem:2150.11M (Peak 2150.11M) | Time:00:00.07 | Syncing QA:Fifth metacarpal bone.l
Fra:0 Mem:2150.30M (Peak 2150.30M) | Time:00:00.07 | Syncing QA:Fifth metacarpal bone.r
Fra:0 Mem:2150.48M (Peak 2150.48M) | Time:00:00.07 | Syncing QA:Fifth metatarsal bone.l
Fra:0 Mem:2150.69M (Peak 2150.69M) | Time:00:00.07 | Syncing QA:Fifth metatarsal bone.r
Fra:0 Mem:2150.91M (Peak 2150.91M) | Time:00:00.07 | Syncing QA:Fifth rib.l
Fra:0 Mem:2151.70M (Peak 2151.70M) | Time:00:00.07 | Syncing QA:Fifth rib.r
Fra:0 Mem:2152.49M (Peak 2152.49M) | Time:00:00.07 | Syncing QA:First metacarpal bone.l
Fra:0 Mem:2152.69M (Peak 2152.69M) | Time:00:00.07 | Syncing QA:First metacarpal bone.r
Fra:0 Mem:2152.89M (Peak 2152.89M) | Time:00:00.07 | Syncing QA:First metatarsal bone.l
Fra:0 Mem:2153.11M (Peak 2153.11M) | Time:00:00.07 | Syncing QA:First metatarsal bone.r
Fra:0 Mem:2153.34M (Peak 2153.34M) | Time:00:00.07 | Syncing QA:First rib.l
Fra:0 Mem:2153.71M (Peak 2153.71M) | Time:00:00.07 | Syncing QA:First rib.r
Fra:0 Mem:2154.08M (Peak 2154.08M) | Time:00:00.07 | Syncing QA:Flexor carpi radialis.l
Fra:0 Mem:2154.35M (Peak 2154.35M) | Time:00:00.07 | Syncing QA:Flexor carpi radialis.r
Fra:0 Mem:2154.61M (Peak 2154.61M) | Time:00:00.07 | Syncing QA:Flexor digiti minimi of foot.l
Fra:0 Mem:2154.79M (Peak 2154.79M) | Time:00:00.07 | Syncing QA:Flexor digiti minimi of foot.r
Fra:0 Mem:2154.98M (Peak 2154.98M) | Time:00:00.07 | Syncing QA:Flexor digiti minimi of hand.l
Fra:0 Mem:2155.15M (Peak 2155.15M) | Time:00:00.07 | Syncing QA:Flexor digiti minimi of hand.r
Fra:0 Mem:2155.32M (Peak 2155.32M) | Time:00:00.07 | Syncing QA:Flexor digitorum brevis.l
Fra:0 Mem:2155.69M (Peak 2155.69M) | Time:00:00.07 | Syncing QA:Flexor digitorum brevis.r
Fra:0 Mem:2156.06M (Peak 2156.06M) | Time:00:00.07 | Syncing QA:Flexor digitorum longus.l
Fra:0 Mem:2156.68M (Peak 2156.68M) | Time:00:00.07 | Syncing QA:Flexor digitorum longus.r
Fra:0 Mem:2157.30M (Peak 2157.30M) | Time:00:00.07 | Syncing QA:Flexor digitorum profundus.l
Fra:0 Mem:2157.94M (Peak 2157.94M) | Time:00:00.07 | Syncing QA:Flexor digitorum profundus.r
Fra:0 Mem:2158.58M (Peak 2158.58M) | Time:00:00.07 | Syncing QA:Flexor hallucis longus.l
Fra:0 Mem:2159.13M (Peak 2159.13M) | Time:00:00.07 | Syncing QA:Flexor hallucis longus.r
Fra:0 Mem:2159.69M (Peak 2159.69M) | Time:00:00.07 | Syncing QA:Flexor pollicis longus.l
Fra:0 Mem:2159.95M (Peak 2159.95M) | Time:00:00.07 | Syncing QA:Flexor pollicis longus.r
Fra:0 Mem:2160.22M (Peak 2160.22M) | Time:00:00.07 | Syncing QA:Flexor retinaculum of ankle.l
Fra:0 Mem:2160.42M (Peak 2160.42M) | Time:00:00.07 | Syncing QA:Flexor retinaculum of ankle.r
Fra:0 Mem:2160.62M (Peak 2160.62M) | Time:00:00.07 | Syncing QA:Flexor retinaculum of wrist.l
Fra:0 Mem:2160.81M (Peak 2160.81M) | Time:00:00.07 | Syncing QA:Flexor retinaculum of wrist.r
Fra:0 Mem:2161.00M (Peak 2161.00M) | Time:00:00.07 | Syncing QA:Fourth metacarpal bone.l
Fra:0 Mem:2161.19M (Peak 2161.19M) | Time:00:00.07 | Syncing QA:Fourth metacarpal bone.r
Fra:0 Mem:2161.39M (Peak 2161.39M) | Time:00:00.07 | Syncing QA:Fourth metatarsal bone.l
Fra:0 Mem:2161.59M (Peak 2161.59M) | Time:00:00.07 | Syncing QA:Fourth metatarsal bone.r
Fra:0 Mem:2161.80M (Peak 2161.80M) | Time:00:00.07 | Syncing QA:Fourth rib.l
Fra:0 Mem:2162.54M (Peak 2162.54M) | Time:00:00.07 | Syncing QA:Fourth rib.r
Fra:0 Mem:2163.29M (Peak 2163.29M) | Time:00:00.07 | Syncing QA:Frontal bone
Fra:0 Mem:2163.97M (Peak 2163.97M) | Time:00:00.07 | Syncing QA:Frontalis muscle.l
Fra:0 Mem:2164.53M (Peak 2164.53M) | Time:00:00.07 | Syncing QA:Frontalis muscle.r
Fra:0 Mem:2165.08M (Peak 2165.08M) | Time:00:00.07 | Syncing QA:Genioglossus muscle.l
Fra:0 Mem:2165.62M (Peak 2165.62M) | Time:00:00.07 | Syncing QA:Genioglossus muscle.r
Fra:0 Mem:2166.16M (Peak 2166.16M) | Time:00:00.07 | Syncing QA:Geniohyoid muscle.l
Fra:0 Mem:2166.34M (Peak 2166.34M) | Time:00:00.07 | Syncing QA:Geniohyoid muscle.r
Fra:0 Mem:2166.53M (Peak 2166.53M) | Time:00:00.07 | Syncing QA:Gluteus maximus muscle.l
Fra:0 Mem:2166.91M (Peak 2166.91M) | Time:00:00.07 | Syncing QA:Gluteus maximus muscle.r
Fra:0 Mem:2167.29M (Peak 2167.29M) | Time:00:00.07 | Syncing QA:Gluteus medius muscle.l
Fra:0 Mem:2167.79M (Peak 2167.79M) | Time:00:00.07 | Syncing QA:Gluteus medius muscle.r
Fra:0 Mem:2168.30M (Peak 2168.30M) | Time:00:00.07 | Syncing QA:Gluteus minimus muscle.l
Fra:0 Mem:2168.88M (Peak 2168.88M) | Time:00:00.07 | Syncing QA:Gluteus minimus muscle.r
Fra:0 Mem:2169.46M (Peak 2169.46M) | Time:00:00.07 | Syncing QA:Gracilis muscle.l
Fra:0 Mem:2169.94M (Peak 2169.94M) | Time:00:00.08 | Syncing QA:Gracilis muscle.r
Fra:0 Mem:2170.42M (Peak 2170.42M) | Time:00:00.08 | Syncing QA:Hamate bone.l
Fra:0 Mem:2170.61M (Peak 2170.61M) | Time:00:00.08 | Syncing QA:Hamate bone.r
Fra:0 Mem:2170.80M (Peak 2170.80M) | Time:00:00.08 | Syncing QA:Hip bone.l
Fra:0 Mem:2171.20M (Peak 2171.20M) | Time:00:00.08 | Syncing QA:Hip bone.r
Fra:0 Mem:2171.60M (Peak 2171.60M) | Time:00:00.08 | Syncing QA:Humeral head of extensor carpi
Fra:0 Mem:2171.84M (Peak 2171.84M) | Time:00:00.08 | Syncing QA:Humeral head of extensor carpi
Fra:0 Mem:2172.08M (Peak 2172.08M) | Time:00:00.08 | Syncing QA:Humeral head of flexor carpi u
Fra:0 Mem:2172.49M (Peak 2172.49M) | Time:00:00.08 | Syncing QA:Humeral head of flexor carpi u
Fra:0 Mem:2172.91M (Peak 2172.91M) | Time:00:00.08 | Syncing QA:Humero-ulnar head of flexor di
Fra:0 Mem:2173.94M (Peak 2173.99M) | Time:00:00.08 | Syncing QA:Humero-ulnar head of flexor di
Fra:0 Mem:2174.97M (Peak 2175.02M) | Time:00:00.08 | Syncing QA:Humerus.l
Fra:0 Mem:2175.42M (Peak 2175.42M) | Time:00:00.08 | Syncing QA:Humerus.r
Fra:0 Mem:2175.86M (Peak 2175.86M) | Time:00:00.08 | Syncing QA:Hyoglossus muscle.l
Fra:0 Mem:2176.16M (Peak 2176.16M) | Time:00:00.08 | Syncing QA:Hyoglossus muscle.r
Fra:0 Mem:2176.46M (Peak 2176.46M) | Time:00:00.08 | Syncing QA:Hyoid bone
Fra:0 Mem:2176.70M (Peak 2176.70M) | Time:00:00.08 | Syncing QA:Iliacus muscle.l
Fra:0 Mem:2177.15M (Peak 2177.15M) | Time:00:00.08 | Syncing QA:Iliacus muscle.r
Fra:0 Mem:2177.60M (Peak 2177.60M) | Time:00:00.08 | Syncing QA:Iliococcygeus muscle.l
Fra:0 Mem:2177.88M (Peak 2177.88M) | Time:00:00.08 | Syncing QA:Iliococcygeus muscle.r
Fra:0 Mem:2178.17M (Peak 2178.17M) | Time:00:00.08 | Syncing QA:Iliocostalis colli muscle
Fra:0 Mem:2178.46M (Peak 2178.46M) | Time:00:00.08 | Syncing QA:Iliocostalis colli muscle.r
Fra:0 Mem:2178.75M (Peak 2178.75M) | Time:00:00.08 | Syncing QA:Iliocostalis lumborum muscle.l
Fra:0 Mem:2179.59M (Peak 2179.59M) | Time:00:00.08 | Syncing QA:Iliocostalis lumborum muscle.r
Fra:0 Mem:2180.43M (Peak 2180.43M) | Time:00:00.08 | Syncing QA:Iliocostalis thoracis muscle.l
Fra:0 Mem:2180.98M (Peak 2180.98M) | Time:00:00.08 | Syncing QA:Iliocostalis thoracis muscle.r
Fra:0 Mem:2181.52M (Peak 2181.52M) | Time:00:00.08 | Syncing QA:Iliopectineal arch.l
Fra:0 Mem:2181.67M (Peak 2181.67M) | Time:00:00.08 | Syncing QA:Iliopectineal arch.r
Fra:0 Mem:2181.85M (Peak 2181.85M) | Time:00:00.08 | Syncing QA:Iliopsoas fascia.l
Fra:0 Mem:2182.11M (Peak 2182.11M) | Time:00:00.08 | Syncing QA:Iliopsoas fascia.r
Fra:0 Mem:2182.38M (Peak 2182.38M) | Time:00:00.08 | Syncing QA:Iliotibial tract.l
Fra:0 Mem:2185.87M (Peak 2186.05M) | Time:00:00.08 | Syncing QA:Iliotibial tract.r
Fra:0 Mem:2189.36M (Peak 2189.54M) | Time:00:00.08 | Syncing QA:Incus.l
Fra:0 Mem:2189.69M (Peak 2189.69M) | Time:00:00.08 | Syncing QA:Incus.r
Fra:0 Mem:2190.03M (Peak 2190.03M) | Time:00:00.08 | Syncing QA:Inferior extensor retinaculum 
Fra:0 Mem:2190.20M (Peak 2190.20M) | Time:00:00.08 | Syncing QA:Inferior extensor retinaculum 
Fra:0 Mem:2190.38M (Peak 2190.38M) | Time:00:00.08 | Syncing QA:Inferior fibular retinaculum.l
Fra:0 Mem:2190.53M (Peak 2190.53M) | Time:00:00.08 | Syncing QA:Inferior fibular retinaculum.r
Fra:0 Mem:2190.69M (Peak 2190.69M) | Time:00:00.08 | Syncing QA:Inferior gemellus muscle.l
Fra:0 Mem:2190.90M (Peak 2190.90M) | Time:00:00.08 | Syncing QA:Inferior gemellus muscle.r
Fra:0 Mem:2191.12M (Peak 2191.12M) | Time:00:00.08 | Syncing QA:Inferior head of lateral ptery
Fra:0 Mem:2191.29M (Peak 2191.29M) | Time:00:00.08 | Syncing QA:Inferior head of lateral ptery
Fra:0 Mem:2191.47M (Peak 2191.47M) | Time:00:00.08 | Syncing QA:Inferior nasal concha bone.l
Fra:0 Mem:2191.65M (Peak 2191.65M) | Time:00:00.08 | Syncing QA:Inferior nasal concha bone.r
Fra:0 Mem:2191.83M (Peak 2191.83M) | Time:00:00.08 | Syncing QA:Inferior oblique muscle.l
Fra:0 Mem:2192.10M (Peak 2192.10M) | Time:00:00.08 | Syncing QA:Inferior oblique muscle.r
Fra:0 Mem:2192.37M (Peak 2192.37M) | Time:00:00.08 | Syncing QA:Inferior pharyngeal constricto
Fra:0 Mem:2192.90M (Peak 2192.90M) | Time:00:00.08 | Syncing QA:Inferior pharyngeal constricto
Fra:0 Mem:2193.43M (Peak 2193.43M) | Time:00:00.08 | Syncing QA:Inferior rectus muscle.l
Fra:0 Mem:2193.76M (Peak 2193.76M) | Time:00:00.08 | Syncing QA:Inferior rectus muscle.r
Fra:0 Mem:2194.09M (Peak 2194.09M) | Time:00:00.08 | Syncing QA:Inferior subtendinous bursa of
Fra:0 Mem:2194.29M (Peak 2194.29M) | Time:00:00.08 | Syncing QA:Inferior subtendinous bursa of
Fra:0 Mem:2194.49M (Peak 2194.49M) | Time:00:00.08 | Syncing QA:Inferior tarsus.l
Fra:0 Mem:2194.65M (Peak 2194.65M) | Time:00:00.08 | Syncing QA:Inferior tarsus.r
Fra:0 Mem:2194.81M (Peak 2194.81M) | Time:00:00.08 | Syncing QA:Infraspinatus muscle.l
Fra:0 Mem:2195.18M (Peak 2195.18M) | Time:00:00.08 | Syncing QA:Infraspinatus muscle.r
Fra:0 Mem:2195.55M (Peak 2195.55M) | Time:00:00.08 | Syncing QA:Inguinal ligament.l
Fra:0 Mem:2195.77M (Peak 2195.77M) | Time:00:00.08 | Syncing QA:Inguinal ligament.r
Fra:0 Mem:2196.00M (Peak 2196.00M) | Time:00:00.08 | Syncing QA:Innermost intercostal muscles.
Fra:0 Mem:2198.77M (Peak 2198.92M) | Time:00:00.08 | Syncing QA:Innermost intercostal muscles.
Fra:0 Mem:2201.55M (Peak 2201.69M) | Time:00:00.09 | Syncing QA:Intermediate cuneiform bone.l
Fra:0 Mem:2201.73M (Peak 2201.73M) | Time:00:00.09 | Syncing QA:Intermediate cuneiform bone.r
Fra:0 Mem:2201.91M (Peak 2201.91M) | Time:00:00.09 | Syncing QA:Intermediate tendon of digastr
Fra:0 Mem:2202.08M (Peak 2202.08M) | Time:00:00.09 | Syncing QA:Intermediate tendon of digastr
Fra:0 Mem:2202.25M (Peak 2202.25M) | Time:00:00.09 | Syncing QA:Intermuscular gluteal bursae.l
Fra:0 Mem:2202.46M (Peak 2202.46M) | Time:00:00.09 | Syncing QA:Intermuscular gluteal bursae.r
Fra:0 Mem:2202.85M (Peak 2202.85M) | Time:00:00.09 | Syncing QA:Internal abdominal oblique mus
Fra:0 Mem:2204.99M (Peak 2204.99M) | Time:00:00.09 | Syncing QA:Internal abdominal oblique mus
Fra:0 Mem:2207.12M (Peak 2207.12M) | Time:00:00.09 | Syncing QA:Internal intercostal muscles.l
Fra:0 Mem:2210.03M (Peak 2210.18M) | Time:00:00.09 | Syncing QA:Internal intercostal muscles.r
Fra:0 Mem:2212.94M (Peak 2213.09M) | Time:00:00.09 | Syncing QA:Interspinales colli muscles.l
Fra:0 Mem:2213.12M (Peak 2213.12M) | Time:00:00.09 | Syncing QA:Interspinales colli muscles.r
Fra:0 Mem:2213.30M (Peak 2213.30M) | Time:00:00.09 | Syncing QA:Interspinales lumborum muscles
Fra:0 Mem:2213.49M (Peak 2213.49M) | Time:00:00.09 | Syncing QA:Interspinales lumborum muscles
Fra:0 Mem:2213.68M (Peak 2213.68M) | Time:00:00.09 | Syncing QA:Interspinales thoracis muscles
Fra:0 Mem:2213.84M (Peak 2213.84M) | Time:00:00.09 | Syncing QA:Interspinales thoracis muscles
Fra:0 Mem:2214.01M (Peak 2214.01M) | Time:00:00.09 | Syncing QA:Intertubercular tendon sheath.
Fra:0 Mem:2214.20M (Peak 2214.20M) | Time:00:00.09 | Syncing QA:Intertubercular tendon sheath.
Fra:0 Mem:2214.39M (Peak 2214.39M) | Time:00:00.09 | Syncing QA:Investing abdominal fascia.l
Fra:0 Mem:2215.35M (Peak 2215.48M) | Time:00:00.09 | Syncing QA:Investing abdominal fascia.r
Fra:0 Mem:2216.31M (Peak 2216.44M) | Time:00:00.09 | Syncing QA:Lacrimal bone.l
Fra:0 Mem:2216.50M (Peak 2216.50M) | Time:00:00.09 | Syncing QA:Lacrimal bone.r
Fra:0 Mem:2216.69M (Peak 2216.69M) | Time:00:00.09 | Syncing QA:Lateral crico-arytenoid muscle
Fra:0 Mem:2217.01M (Peak 2217.01M) | Time:00:00.09 | Syncing QA:Lateral crico-arytenoid muscle
Fra:0 Mem:2217.33M (Peak 2217.33M) | Time:00:00.09 | Syncing QA:Lateral cuneiform bone.l
Fra:0 Mem:2217.55M (Peak 2217.55M) | Time:00:00.09 | Syncing QA:Lateral cuneiform bone.r
Fra:0 Mem:2217.75M (Peak 2217.75M) | Time:00:00.09 | Syncing QA:Lateral femoral intermuscular 
Fra:0 Mem:2217.94M (Peak 2217.94M) | Time:00:00.09 | Syncing QA:Lateral femoral intermuscular 
Fra:0 Mem:2218.14M (Peak 2218.14M) | Time:00:00.09 | Syncing QA:Lateral head of flexor halluci
Fra:0 Mem:2218.35M (Peak 2218.35M) | Time:00:00.09 | Syncing QA:Lateral head of flexor halluci
Fra:0 Mem:2218.57M (Peak 2218.57M) | Time:00:00.09 | Syncing QA:Lateral head of gastrocnemius.
Fra:0 Mem:2219.06M (Peak 2219.06M) | Time:00:00.09 | Syncing QA:Lateral head of gastrocnemius.
Fra:0 Mem:2219.54M (Peak 2219.54M) | Time:00:00.09 | Syncing QA:Lateral head of triceps brachi
Fra:0 Mem:2219.94M (Peak 2219.94M) | Time:00:00.09 | Syncing QA:Lateral head of triceps brachi
Fra:0 Mem:2220.34M (Peak 2220.34M) | Time:00:00.09 | Syncing QA:Lateral intermuscular septum o
Fra:0 Mem:2220.51M (Peak 2220.51M) | Time:00:00.09 | Syncing QA:Lateral intermuscular septum o
Fra:0 Mem:2220.67M (Peak 2220.67M) | Time:00:00.09 | Syncing QA:Lateral patellar retinaculum.l
Fra:0 Mem:2220.83M (Peak 2220.83M) | Time:00:00.09 | Syncing QA:Lateral patellar retinaculum.r
Fra:0 Mem:2220.98M (Peak 2220.98M) | Time:00:00.09 | Syncing QA:Lateral process of nasal septa
Fra:0 Mem:2221.16M (Peak 2221.16M) | Time:00:00.09 | Syncing QA:Lateral process of nasal septa
Fra:0 Mem:2221.33M (Peak 2221.33M) | Time:00:00.09 | Syncing QA:Lateral rectus muscle.l
Fra:0 Mem:2221.65M (Peak 2221.65M) | Time:00:00.09 | Syncing QA:Lateral rectus muscle.r
Fra:0 Mem:2221.96M (Peak 2221.96M) | Time:00:00.09 | Syncing QA:Lateral subtendinous bursa of 
Fra:0 Mem:2222.16M (Peak 2222.16M) | Time:00:00.09 | Syncing QA:Lateral subtendinous bursa of 
Fra:0 Mem:2222.36M (Peak 2222.36M) | Time:00:00.09 | Syncing QA:Latissimus dorsi muscle.l
Fra:0 Mem:2223.99M (Peak 2223.99M) | Time:00:00.09 | Syncing QA:Latissimus dorsi muscle.r
Fra:0 Mem:2225.63M (Peak 2225.63M) | Time:00:00.09 | Syncing QA:Levator anguli oris.l
Fra:0 Mem:2225.80M (Peak 2225.80M) | Time:00:00.09 | Syncing QA:Levator anguli oris.r
Fra:0 Mem:2225.97M (Peak 2225.97M) | Time:00:00.09 | Syncing QA:Levator labii superioris.l
Fra:0 Mem:2226.16M (Peak 2226.16M) | Time:00:00.09 | Syncing QA:Levator labii superioris.r
Fra:0 Mem:2226.35M (Peak 2226.35M) | Time:00:00.09 | Syncing QA:Levator nasolabialis.l
Fra:0 Mem:2226.51M (Peak 2226.51M) | Time:00:00.09 | Syncing QA:Levator nasolabialis.r
Fra:0 Mem:2226.67M (Peak 2226.67M) | Time:00:00.09 | Syncing QA:Levator palpebrae superioris.l
Fra:0 Mem:2227.05M (Peak 2227.05M) | Time:00:00.09 | Syncing QA:Levator palpebrae superioris.r
Fra:0 Mem:2227.42M (Peak 2227.42M) | Time:00:00.09 | Syncing QA:Levator scapulae.l
Fra:0 Mem:2227.78M (Peak 2227.78M) | Time:00:00.09 | Syncing QA:Levator scapulae.r
Fra:0 Mem:2228.14M (Peak 2228.14M) | Time:00:00.09 | Syncing QA:Levatores breves costarum.l
Fra:0 Mem:2228.48M (Peak 2228.48M) | Time:00:00.09 | Syncing QA:Levatores breves costarum.r
Fra:0 Mem:2228.81M (Peak 2228.81M) | Time:00:00.09 | Syncing QA:Levatores longi costarum.l
Fra:0 Mem:2229.37M (Peak 2229.37M) | Time:00:00.09 | Syncing QA:Levatores longi costarum.r
Fra:0 Mem:2229.93M (Peak 2229.93M) | Time:00:00.09 | Syncing QA:Linea alba
Fra:0 Mem:2230.10M (Peak 2230.10M) | Time:00:00.09 | Syncing QA:Long head of biceps brachii.l
Fra:0 Mem:2230.47M (Peak 2230.47M) | Time:00:00.09 | Syncing QA:Long head of biceps brachii.r
Fra:0 Mem:2230.85M (Peak 2230.85M) | Time:00:00.09 | Syncing QA:Long head of biceps femoris.l
Fra:0 Mem:2231.49M (Peak 2231.49M) | Time:00:00.09 | Syncing QA:Long head of biceps femoris.r
Fra:0 Mem:2232.14M (Peak 2232.14M) | Time:00:00.09 | Syncing QA:Long head of triceps brachii.l
Fra:0 Mem:2232.57M (Peak 2232.57M) | Time:00:00.09 | Syncing QA:Long head of triceps brachii.r
Fra:0 Mem:2232.99M (Peak 2232.99M) | Time:00:00.09 | Syncing QA:Longissimus capitis muscle.l
Fra:0 Mem:2233.25M (Peak 2233.25M) | Time:00:00.09 | Syncing QA:Longissimus capitis muscle.r
Fra:0 Mem:2233.50M (Peak 2233.50M) | Time:00:00.09 | Syncing QA:Longissimus colli muscle.l
Fra:0 Mem:2233.78M (Peak 2233.78M) | Time:00:00.09 | Syncing QA:Longissimus colli muscle.r
Fra:0 Mem:2234.06M (Peak 2234.06M) | Time:00:00.09 | Syncing QA:Longissimus thoracis muscle.l
Fra:0 Mem:2234.87M (Peak 2234.87M) | Time:00:00.10 | Syncing QA:Longissimus thoracis muscle.r
Fra:0 Mem:2235.68M (Peak 2235.68M) | Time:00:00.10 | Syncing QA:Longus capitis muscle.l
Fra:0 Mem:2235.97M (Peak 2235.97M) | Time:00:00.10 | Syncing QA:Longus capitis muscle.r
Fra:0 Mem:2236.26M (Peak 2236.26M) | Time:00:00.10 | Syncing QA:Longus colli muscle.l
Fra:0 Mem:2236.84M (Peak 2236.84M) | Time:00:00.10 | Syncing QA:Longus colli muscle.r
Fra:0 Mem:2237.42M (Peak 2237.42M) | Time:00:00.10 | Syncing QA:Lower canine.l
Fra:0 Mem:2237.66M (Peak 2237.66M) | Time:00:00.10 | Syncing QA:Lower canine.r
Fra:0 Mem:2237.90M (Peak 2237.90M) | Time:00:00.10 | Syncing QA:Lower first molar tooth.l
Fra:0 Mem:2238.36M (Peak 2238.36M) | Time:00:00.10 | Syncing QA:Lower first molar tooth.r
Fra:0 Mem:2238.82M (Peak 2238.82M) | Time:00:00.10 | Syncing QA:Lower first premolar.l
Fra:0 Mem:2239.05M (Peak 2239.05M) | Time:00:00.10 | Syncing QA:Lower first premolar.r
Fra:0 Mem:2239.28M (Peak 2239.28M) | Time:00:00.10 | Syncing QA:Lower lateral incisor.l
Fra:0 Mem:2239.51M (Peak 2239.51M) | Time:00:00.10 | Syncing QA:Lower lateral incisor.r
Fra:0 Mem:2239.73M (Peak 2239.73M) | Time:00:00.10 | Syncing QA:Lower medial incisor.l
Fra:0 Mem:2239.95M (Peak 2239.95M) | Time:00:00.10 | Syncing QA:Lower medial incisor.r
Fra:0 Mem:2240.16M (Peak 2240.16M) | Time:00:00.10 | Syncing QA:Lower second molar tooth.l
Fra:0 Mem:2240.43M (Peak 2240.43M) | Time:00:00.10 | Syncing QA:Lower second molar tooth.r
Fra:0 Mem:2240.69M (Peak 2240.69M) | Time:00:00.10 | Syncing QA:Lower second premolar.l
Fra:0 Mem:2240.92M (Peak 2240.92M) | Time:00:00.10 | Syncing QA:Lower second premolar.r
Fra:0 Mem:2241.16M (Peak 2241.16M) | Time:00:00.10 | Syncing QA:Lumbrical muscles of foot.l
Fra:0 Mem:2241.34M (Peak 2241.34M) | Time:00:00.10 | Syncing QA:Lumbrical muscles of foot.r
Fra:0 Mem:2241.51M (Peak 2241.51M) | Time:00:00.10 | Syncing QA:Lumbrical muscles of hand.l
Fra:0 Mem:2241.76M (Peak 2241.76M) | Time:00:00.10 | Syncing QA:Lumbrical muscles of hand.r
Fra:0 Mem:2242.00M (Peak 2242.00M) | Time:00:00.10 | Syncing QA:Lunate bone.l
Fra:0 Mem:2242.26M (Peak 2242.26M) | Time:00:00.10 | Syncing QA:Lunate bone.r
Fra:0 Mem:2242.51M (Peak 2242.51M) | Time:00:00.10 | Syncing QA:Major alar cartilage.l
Fra:0 Mem:2242.69M (Peak 2242.69M) | Time:00:00.10 | Syncing QA:Major alar cartilage.r
Fra:0 Mem:2242.86M (Peak 2242.86M) | Time:00:00.10 | Syncing QA:Malleus.l
Fra:0 Mem:2243.30M (Peak 2243.30M) | Time:00:00.10 | Syncing QA:Malleus.r
Fra:0 Mem:2243.74M (Peak 2243.74M) | Time:00:00.10 | Syncing QA:Mandible
Fra:0 Mem:2245.18M (Peak 2245.18M) | Time:00:00.10 | Syncing QA:Manubrium of sternum
Fra:0 Mem:2245.52M (Peak 2245.52M) | Time:00:00.10 | Syncing QA:Masseteric fascia.l
Fra:0 Mem:2245.70M (Peak 2245.70M) | Time:00:00.10 | Syncing QA:Masseteric fascia.r
Fra:0 Mem:2245.88M (Peak 2245.88M) | Time:00:00.10 | Syncing QA:Maxilla.l
Fra:0 Mem:2246.36M (Peak 2246.36M) | Time:00:00.10 | Syncing QA:Maxilla.r
Fra:0 Mem:2246.84M (Peak 2246.84M) | Time:00:00.10 | Syncing QA:Medial cuneiform bone.l
Fra:0 Mem:2247.05M (Peak 2247.05M) | Time:00:00.10 | Syncing QA:Medial cuneiform bone.r
Fra:0 Mem:2247.27M (Peak 2247.27M) | Time:00:00.10 | Syncing QA:Medial femoral intermuscular s
Fra:0 Mem:2247.98M (Peak 2248.33M) | Time:00:00.10 | Syncing QA:Medial femoral intermuscular s
Fra:0 Mem:2248.69M (Peak 2249.04M) | Time:00:00.10 | Syncing QA:Medial head of flexor hallucis
Fra:0 Mem:2248.88M (Peak 2249.04M) | Time:00:00.10 | Syncing QA:Medial head of flexor hallucis
Fra:0 Mem:2249.06M (Peak 2249.06M) | Time:00:00.10 | Syncing QA:Medial head of gastrocnemius.l
Fra:0 Mem:2249.66M (Peak 2249.66M) | Time:00:00.10 | Syncing QA:Medial head of gastrocnemius.r
Fra:0 Mem:2250.25M (Peak 2250.25M) | Time:00:00.10 | Syncing QA:Medial head of triceps brachii
Fra:0 Mem:2250.59M (Peak 2250.59M) | Time:00:00.10 | Syncing QA:Medial head of triceps brachii
Fra:0 Mem:2250.92M (Peak 2250.92M) | Time:00:00.10 | Syncing QA:Medial intermuscular septum of
Fra:0 Mem:2251.10M (Peak 2251.10M) | Time:00:00.10 | Syncing QA:Medial intermuscular septum of
Fra:0 Mem:2251.27M (Peak 2251.27M) | Time:00:00.10 | Syncing QA:Medial patellar retinaculum.l
Fra:0 Mem:2251.43M (Peak 2251.43M) | Time:00:00.10 | Syncing QA:Medial patellar retinaculum.r
Fra:0 Mem:2251.59M (Peak 2251.59M) | Time:00:00.10 | Syncing QA:Medial pterygoid muscle.l
Fra:0 Mem:2251.77M (Peak 2251.77M) | Time:00:00.10 | Syncing QA:Medial pterygoid muscle.r
Fra:0 Mem:2251.96M (Peak 2251.96M) | Time:00:00.10 | Syncing QA:Medial rectus muscle.l
Fra:0 Mem:2252.24M (Peak 2252.24M) | Time:00:00.10 | Syncing QA:Medial rectus muscle.r
Fra:0 Mem:2252.52M (Peak 2252.52M) | Time:00:00.10 | Syncing QA:Medial subtendinous bursa of g
Fra:0 Mem:2252.71M (Peak 2252.71M) | Time:00:00.10 | Syncing QA:Medial subtendinous bursa of g
Fra:0 Mem:2252.90M (Peak 2252.90M) | Time:00:00.10 | Syncing QA:Mentalis muscle.l
Fra:0 Mem:2253.07M (Peak 2253.07M) | Time:00:00.10 | Syncing QA:Mentalis muscle.r
Fra:0 Mem:2253.23M (Peak 2253.23M) | Time:00:00.10 | Syncing QA:Middle cells of ethmoid bone.l
Fra:0 Mem:2253.43M (Peak 2253.43M) | Time:00:00.10 | Syncing QA:Middle cells of ethmoid bone.r
Fra:0 Mem:2253.62M (Peak 2253.62M) | Time:00:00.10 | Syncing QA:Middle layer of thoracolumbar 
Fra:0 Mem:2253.79M (Peak 2253.79M) | Time:00:00.10 | Syncing QA:Middle layer of thoracolumbar 
Fra:0 Mem:2253.95M (Peak 2253.95M) | Time:00:00.10 | Syncing QA:Middle phalanx of fifth finger
Fra:0 Mem:2254.11M (Peak 2254.11M) | Time:00:00.10 | Syncing QA:Middle phalanx of fifth finger
Fra:0 Mem:2254.28M (Peak 2254.28M) | Time:00:00.10 | Syncing QA:Middle phalanx of fifth finger
Fra:0 Mem:2254.45M (Peak 2254.45M) | Time:00:00.10 | Syncing QA:Middle phalanx of fifth finger
Fra:0 Mem:2254.62M (Peak 2254.62M) | Time:00:00.10 | Syncing QA:Middle phalanx of fourth finge
Fra:0 Mem:2254.80M (Peak 2254.80M) | Time:00:00.10 | Syncing QA:Middle phalanx of fourth finge
Fra:0 Mem:2254.98M (Peak 2254.98M) | Time:00:00.10 | Syncing QA:Middle phalanx of fourth finge
Fra:0 Mem:2255.16M (Peak 2255.16M) | Time:00:00.10 | Syncing QA:Middle phalanx of fourth finge
Fra:0 Mem:2255.34M (Peak 2255.34M) | Time:00:00.10 | Syncing QA:Middle phalanx of second finge
Fra:0 Mem:2255.52M (Peak 2255.52M) | Time:00:00.10 | Syncing QA:Middle phalanx of second finge
Fra:0 Mem:2255.69M (Peak 2255.69M) | Time:00:00.10 | Syncing QA:Middle phalanx of second finge
Fra:0 Mem:2255.86M (Peak 2255.86M) | Time:00:00.10 | Syncing QA:Middle phalanx of second finge
Fra:0 Mem:2256.04M (Peak 2256.04M) | Time:00:00.10 | Syncing QA:Middle phalanx of third finger
Fra:0 Mem:2256.21M (Peak 2256.21M) | Time:00:00.10 | Syncing QA:Middle phalanx of third finger
Fra:0 Mem:2256.39M (Peak 2256.39M) | Time:00:00.10 | Syncing QA:Middle phalanx of third finger
Fra:0 Mem:2256.56M (Peak 2256.56M) | Time:00:00.10 | Syncing QA:Middle phalanx of third finger
Fra:0 Mem:2256.74M (Peak 2256.74M) | Time:00:00.10 | Syncing QA:Middle pharyngeal constrictor.
Fra:0 Mem:2257.19M (Peak 2257.19M) | Time:00:00.10 | Syncing QA:Middle pharyngeal constrictor.
Fra:0 Mem:2257.65M (Peak 2257.65M) | Time:00:00.10 | Syncing QA:Multifidus colli muscle.l
Fra:0 Mem:2257.89M (Peak 2257.89M) | Time:00:00.10 | Syncing QA:Multifidus colli muscle.r
Fra:0 Mem:2258.14M (Peak 2258.14M) | Time:00:00.10 | Syncing QA:Multifidus lumborum muscle.l
Fra:0 Mem:2258.48M (Peak 2258.48M) | Time:00:00.10 | Syncing QA:Multifidus lumborum muscle.r
Fra:0 Mem:2258.83M (Peak 2258.83M) | Time:00:00.10 | Syncing QA:Multifidus thoracis muscle.l
Fra:0 Mem:2259.25M (Peak 2259.25M) | Time:00:00.10 | Syncing QA:Multifidus thoracis muscle.r
Fra:0 Mem:2259.67M (Peak 2259.67M) | Time:00:00.10 | Syncing QA:Mylohyoid muscle.l
Fra:0 Mem:2259.89M (Peak 2259.89M) | Time:00:00.10 | Syncing QA:Mylohyoid muscle.r
Fra:0 Mem:2260.12M (Peak 2260.12M) | Time:00:00.10 | Syncing QA:Nasal bone.l
Fra:0 Mem:2260.29M (Peak 2260.29M) | Time:00:00.10 | Syncing QA:Nasal bone.r
Fra:0 Mem:2260.46M (Peak 2260.46M) | Time:00:00.10 | Syncing QA:Nasal septal cartilage
Fra:0 Mem:2260.64M (Peak 2260.64M) | Time:00:00.10 | Syncing QA:Nasalis muscle.l
Fra:0 Mem:2260.84M (Peak 2260.84M) | Time:00:00.10 | Syncing QA:Nasalis muscle.r
Fra:0 Mem:2261.03M (Peak 2261.03M) | Time:00:00.10 | Syncing QA:Navicular bone.l
Fra:0 Mem:2261.24M (Peak 2261.24M) | Time:00:00.10 | Syncing QA:Navicular bone.r
Fra:0 Mem:2261.44M (Peak 2261.44M) | Time:00:00.10 | Syncing QA:Ninth rib.l
Fra:0 Mem:2262.12M (Peak 2262.12M) | Time:00:00.10 | Syncing QA:Ninth rib.r
Fra:0 Mem:2262.80M (Peak 2262.80M) | Time:00:00.10 | Syncing QA:Oblique head of adductor hallu
Fra:0 Mem:2263.02M (Peak 2263.02M) | Time:00:00.10 | Syncing QA:Oblique head of adductor hallu
Fra:0 Mem:2263.23M (Peak 2263.23M) | Time:00:00.10 | Syncing QA:Oblique head of adductor polli
Fra:0 Mem:2263.41M (Peak 2263.41M) | Time:00:00.10 | Syncing QA:Oblique head of adductor polli
Fra:0 Mem:2263.59M (Peak 2263.59M) | Time:00:00.10 | Syncing QA:Oblique part of cricothyroid m
Fra:0 Mem:2263.95M (Peak 2263.95M) | Time:00:00.10 | Syncing QA:Oblique part of cricothyroid m
Fra:0 Mem:2264.32M (Peak 2264.32M) | Time:00:00.11 | Syncing QA:Obliquus inferior capitis musc
Fra:0 Mem:2264.50M (Peak 2264.50M) | Time:00:00.11 | Syncing QA:Obliquus inferior capitis musc
Fra:0 Mem:2264.69M (Peak 2264.69M) | Time:00:00.11 | Syncing QA:Obliquus superior capitis musc
Fra:0 Mem:2264.89M (Peak 2264.89M) | Time:00:00.11 | Syncing QA:Obliquus superior capitis musc
Fra:0 Mem:2265.08M (Peak 2265.08M) | Time:00:00.11 | Syncing QA:Obturator externus.l
Fra:0 Mem:2265.31M (Peak 2265.31M) | Time:00:00.11 | Syncing QA:Obturator externus.r
Fra:0 Mem:2265.54M (Peak 2265.54M) | Time:00:00.11 | Syncing QA:Obturator internus.l
Fra:0 Mem:2266.06M (Peak 2266.06M) | Time:00:00.11 | Syncing QA:Obturator internus.r
Fra:0 Mem:2266.47M (Peak 2266.47M) | Time:00:00.11 | Syncing QA:Occipital bone
Fra:0 Mem:2267.15M (Peak 2267.15M) | Time:00:00.11 | Syncing QA:Occipitalis muscle.l
Fra:0 Mem:2267.48M (Peak 2267.48M) | Time:00:00.11 | Syncing QA:Occipitalis muscle.r
Fra:0 Mem:2267.81M (Peak 2267.81M) | Time:00:00.11 | Syncing QA:Omohyoid muscle.l
Fra:0 Mem:2268.14M (Peak 2268.14M) | Time:00:00.11 | Syncing QA:Omohyoid muscle.r
Fra:0 Mem:2268.48M (Peak 2268.48M) | Time:00:00.11 | Syncing QA:Opponens digiti minimi muscle 
Fra:0 Mem:2268.66M (Peak 2268.66M) | Time:00:00.11 | Syncing QA:Opponens digiti minimi muscle 
Fra:0 Mem:2268.84M (Peak 2268.84M) | Time:00:00.11 | Syncing QA:Opponens pollicis muscle.l
Fra:0 Mem:2269.01M (Peak 2269.01M) | Time:00:00.11 | Syncing QA:Opponens pollicis muscle.r
Fra:0 Mem:2269.19M (Peak 2269.19M) | Time:00:00.11 | Syncing QA:Orbicularis oris muscle.l
Fra:0 Mem:2269.47M (Peak 2269.47M) | Time:00:00.11 | Syncing QA:Orbicularis oris muscle.r
Fra:0 Mem:2269.75M (Peak 2269.75M) | Time:00:00.11 | Syncing QA:Orbital part of orbicularis oc
Fra:0 Mem:2270.07M (Peak 2270.07M) | Time:00:00.11 | Syncing QA:Orbital part of orbicularis oc
Fra:0 Mem:2270.38M (Peak 2270.38M) | Time:00:00.11 | Syncing QA:Palatine bone.l
Fra:0 Mem:2270.63M (Peak 2270.63M) | Time:00:00.11 | Syncing QA:Palatine bone.r
Fra:0 Mem:2270.88M (Peak 2270.88M) | Time:00:00.11 | Syncing QA:Palatopharyngeus muscle.l
Fra:0 Mem:2272.61M (Peak 2272.95M) | Time:00:00.11 | Syncing QA:Palatopharyngeus muscle.r
Fra:0 Mem:2274.33M (Peak 2274.68M) | Time:00:00.11 | Syncing QA:Palmar aponeurosis.l
Fra:0 Mem:2274.58M (Peak 2274.68M) | Time:00:00.11 | Syncing QA:Palmar aponeurosis.r
Fra:0 Mem:2274.82M (Peak 2274.82M) | Time:00:00.11 | Syncing QA:Palmar interossei muscles.l
Fra:0 Mem:2274.98M (Peak 2274.98M) | Time:00:00.11 | Syncing QA:Palmar interossei muscles.r
Fra:0 Mem:2275.15M (Peak 2275.15M) | Time:00:00.11 | Syncing QA:Palmaris longus muscle.l
Fra:0 Mem:2275.60M (Peak 2275.60M) | Time:00:00.11 | Syncing QA:Palmaris longus muscle.r
Fra:0 Mem:2276.05M (Peak 2276.05M) | Time:00:00.11 | Syncing QA:Palpebral part of orbicularis 
Fra:0 Mem:2276.26M (Peak 2276.26M) | Time:00:00.11 | Syncing QA:Palpebral part of orbicularis 
Fra:0 Mem:2276.46M (Peak 2276.46M) | Time:00:00.11 | Syncing QA:Parietal bone.l
Fra:0 Mem:2277.09M (Peak 2277.09M) | Time:00:00.11 | Syncing QA:Parietal bone.r
Fra:0 Mem:2277.70M (Peak 2277.70M) | Time:00:00.11 | Syncing QA:Patella.l
Fra:0 Mem:2277.87M (Peak 2277.87M) | Time:00:00.11 | Syncing QA:Patella.r
Fra:0 Mem:2278.04M (Peak 2278.04M) | Time:00:00.11 | Syncing QA:Pectineus muscle.l
Fra:0 Mem:2278.32M (Peak 2278.32M) | Time:00:00.11 | Syncing QA:Pectineus muscle.r
Fra:0 Mem:2278.61M (Peak 2278.61M) | Time:00:00.11 | Syncing QA:Pectoral fascia.l
Fra:0 Mem:2278.96M (Peak 2278.96M) | Time:00:00.11 | Syncing QA:Pectoral fascia.r
Fra:0 Mem:2279.30M (Peak 2279.30M) | Time:00:00.11 | Syncing QA:Pectoralis minor muscle.l
Fra:0 Mem:2279.74M (Peak 2279.74M) | Time:00:00.11 | Syncing QA:Pectoralis minor muscle.r
Fra:0 Mem:2280.17M (Peak 2280.17M) | Time:00:00.11 | Syncing QA:Piriformis fascia.l
Fra:0 Mem:2280.39M (Peak 2280.39M) | Time:00:00.11 | Syncing QA:Piriformis fascia.r
Fra:0 Mem:2280.61M (Peak 2280.61M) | Time:00:00.11 | Syncing QA:Piriformis muscle.l
Fra:0 Mem:2280.86M (Peak 2280.86M) | Time:00:00.11 | Syncing QA:Piriformis muscle.r
Fra:0 Mem:2281.12M (Peak 2281.12M) | Time:00:00.11 | Syncing QA:Pisiform bone.l
Fra:0 Mem:2281.35M (Peak 2281.35M) | Time:00:00.11 | Syncing QA:Pisiform bone.r
Fra:0 Mem:2281.58M (Peak 2281.58M) | Time:00:00.11 | Syncing QA:Plantar aponeurosis.l
Fra:0 Mem:2281.76M (Peak 2281.76M) | Time:00:00.11 | Syncing QA:Plantar aponeurosis.r
Fra:0 Mem:2281.95M (Peak 2281.95M) | Time:00:00.11 | Syncing QA:Plantar interossei muscles.l
Fra:0 Mem:2282.18M (Peak 2282.18M) | Time:00:00.11 | Syncing QA:Plantar interossei muscles.r
Fra:0 Mem:2282.42M (Peak 2282.42M) | Time:00:00.11 | Syncing QA:Plantar tendon sheath of fibul
Fra:0 Mem:2282.60M (Peak 2282.60M) | Time:00:00.11 | Syncing QA:Plantar tendon sheath of fibul
Fra:0 Mem:2282.78M (Peak 2282.78M) | Time:00:00.11 | Syncing QA:Plantaris muscle.l
Fra:0 Mem:2283.25M (Peak 2283.25M) | Time:00:00.11 | Syncing QA:Plantaris muscle.r
Fra:0 Mem:2283.73M (Peak 2283.73M) | Time:00:00.11 | Syncing QA:Platysma.l
Fra:0 Mem:2284.33M (Peak 2284.33M) | Time:00:00.11 | Syncing QA:Platysma.r
Fra:0 Mem:2284.93M (Peak 2284.93M) | Time:00:00.11 | Syncing QA:Popliteal fascia.l
Fra:0 Mem:2285.11M (Peak 2285.11M) | Time:00:00.11 | Syncing QA:Popliteal fascia.r
Fra:0 Mem:2285.30M (Peak 2285.30M) | Time:00:00.11 | Syncing QA:Popliteus muscle.l
Fra:0 Mem:2285.53M (Peak 2285.53M) | Time:00:00.11 | Syncing QA:Popliteus muscle.r
Fra:0 Mem:2285.76M (Peak 2285.76M) | Time:00:00.11 | Syncing QA:Posterior belly of digastric m
Fra:0 Mem:2286.00M (Peak 2286.00M) | Time:00:00.11 | Syncing QA:Posterior belly of digastric m
Fra:0 Mem:2286.23M (Peak 2286.23M) | Time:00:00.11 | Syncing QA:Posterior cells of ethmoid bon
Fra:0 Mem:2286.44M (Peak 2286.44M) | Time:00:00.11 | Syncing QA:Posterior cells of ethmoid bon
Fra:0 Mem:2286.66M (Peak 2286.66M) | Time:00:00.11 | Syncing QA:Posterior crico-arytenoid musc
Fra:0 Mem:2286.99M (Peak 2286.99M) | Time:00:00.11 | Syncing QA:Posterior crico-arytenoid musc
Fra:0 Mem:2287.33M (Peak 2287.33M) | Time:00:00.11 | Syncing QA:Posterior intermuscular septum
Fra:0 Mem:2287.51M (Peak 2287.51M) | Time:00:00.11 | Syncing QA:Posterior intermuscular septum
Fra:0 Mem:2287.69M (Peak 2287.69M) | Time:00:00.11 | Syncing QA:Posterior layer of thoracolumb
Fra:0 Mem:2287.86M (Peak 2287.86M) | Time:00:00.11 | Syncing QA:Posterior layer of thoracolumb
Fra:0 Mem:2288.03M (Peak 2288.03M) | Time:00:00.11 | Syncing QA:Procerus muscle.l
Fra:0 Mem:2288.22M (Peak 2288.22M) | Time:00:00.11 | Syncing QA:Procerus muscle.r
Fra:0 Mem:2288.41M (Peak 2288.41M) | Time:00:00.11 | Syncing QA:Pronator quadratus.l
Fra:0 Mem:2288.63M (Peak 2288.63M) | Time:00:00.11 | Syncing QA:Pronator quadratus.r
Fra:0 Mem:2288.85M (Peak 2288.85M) | Time:00:00.11 | Syncing QA:Proximal phalanx of fifth fing
Fra:0 Mem:2289.04M (Peak 2289.04M) | Time:00:00.11 | Syncing QA:Proximal phalanx of fifth fing
Fra:0 Mem:2289.22M (Peak 2289.22M) | Time:00:00.11 | Syncing QA:Proximal phalanx of fifth fing
Fra:0 Mem:2289.41M (Peak 2289.41M) | Time:00:00.11 | Syncing QA:Proximal phalanx of fifth fing
Fra:0 Mem:2289.60M (Peak 2289.60M) | Time:00:00.11 | Syncing QA:Proximal phalanx of first fing
Fra:0 Mem:2289.79M (Peak 2289.79M) | Time:00:00.11 | Syncing QA:Proximal phalanx of first fing
Fra:0 Mem:2289.97M (Peak 2289.97M) | Time:00:00.11 | Syncing QA:Proximal phalanx of first fing
Fra:0 Mem:2290.15M (Peak 2290.15M) | Time:00:00.11 | Syncing QA:Proximal phalanx of first fing
Fra:0 Mem:2290.32M (Peak 2290.32M) | Time:00:00.11 | Syncing QA:Proximal phalanx of fourth fin
Fra:0 Mem:2290.50M (Peak 2290.50M) | Time:00:00.11 | Syncing QA:Proximal phalanx of fourth fin
Fra:0 Mem:2290.68M (Peak 2290.68M) | Time:00:00.11 | Syncing QA:Proximal phalanx of fourth fin
Fra:0 Mem:2290.86M (Peak 2290.86M) | Time:00:00.11 | Syncing QA:Proximal phalanx of fourth fin
Fra:0 Mem:2291.03M (Peak 2291.03M) | Time:00:00.11 | Syncing QA:Proximal phalanx of second fin
Fra:0 Mem:2291.21M (Peak 2291.21M) | Time:00:00.11 | Syncing QA:Proximal phalanx of second fin
Fra:0 Mem:2291.39M (Peak 2291.39M) | Time:00:00.12 | Syncing QA:Proximal phalanx of second fin
Fra:0 Mem:2291.57M (Peak 2291.57M) | Time:00:00.12 | Syncing QA:Proximal phalanx of second fin
Fra:0 Mem:2291.75M (Peak 2291.75M) | Time:00:00.12 | Syncing QA:Proximal phalanx of third fing
Fra:0 Mem:2291.93M (Peak 2291.93M) | Time:00:00.12 | Syncing QA:Proximal phalanx of third fing
Fra:0 Mem:2292.12M (Peak 2292.12M) | Time:00:00.12 | Syncing QA:Proximal phalanx of third fing
Fra:0 Mem:2292.30M (Peak 2292.30M) | Time:00:00.12 | Syncing QA:Proximal phalanx of third fing
Fra:0 Mem:2292.48M (Peak 2292.48M) | Time:00:00.12 | Syncing QA:Psoas major.l
Fra:0 Mem:2293.00M (Peak 2293.00M) | Time:00:00.12 | Syncing QA:Psoas major.r
Fra:0 Mem:2293.53M (Peak 2293.53M) | Time:00:00.12 | Syncing QA:Pubo-analis muscle.l
Fra:0 Mem:2293.78M (Peak 2293.78M) | Time:00:00.12 | Syncing QA:Pubo-analis muscle.r
Fra:0 Mem:2294.03M (Peak 2294.03M) | Time:00:00.12 | Syncing QA:Pubococcygeus muscle.l
Fra:0 Mem:2294.35M (Peak 2294.35M) | Time:00:00.12 | Syncing QA:Pubococcygeus muscle.r
Fra:0 Mem:2294.68M (Peak 2294.68M) | Time:00:00.12 | Syncing QA:Pyramidalis muscle.l
Fra:0 Mem:2294.90M (Peak 2294.90M) | Time:00:00.12 | Syncing QA:Pyramidalis muscle.r
Fra:0 Mem:2295.13M (Peak 2295.13M) | Time:00:00.12 | Syncing QA:Quadratus femoris muscle.l
Fra:0 Mem:2295.39M (Peak 2295.39M) | Time:00:00.12 | Syncing QA:Quadratus femoris muscle.r
Fra:0 Mem:2295.66M (Peak 2295.66M) | Time:00:00.12 | Syncing QA:Quadratus lumborum muscle.l
Fra:0 Mem:2296.00M (Peak 2296.00M) | Time:00:00.12 | Syncing QA:Quadratus lumborum muscle.r
Fra:0 Mem:2296.35M (Peak 2296.35M) | Time:00:00.12 | Syncing QA:Quadratus plantae muscle.l
Fra:0 Mem:2296.58M (Peak 2296.58M) | Time:00:00.12 | Syncing QA:Quadratus plantae muscle.r
Fra:0 Mem:2296.81M (Peak 2296.81M) | Time:00:00.12 | Syncing QA:Radial head of flexor digitoru
Fra:0 Mem:2297.05M (Peak 2297.05M) | Time:00:00.12 | Syncing QA:Radial head of flexor digitoru
Fra:0 Mem:2297.29M (Peak 2297.29M) | Time:00:00.12 | Syncing QA:Radius.l
Fra:0 Mem:2297.49M (Peak 2297.49M) | Time:00:00.12 | Syncing QA:Radius.r
Fra:0 Mem:2297.69M (Peak 2297.69M) | Time:00:00.12 | Syncing QA:Rectus abdominis muscle.l
Fra:0 Mem:2299.25M (Peak 2299.25M) | Time:00:00.12 | Syncing QA:Rectus abdominis muscle.r
Fra:0 Mem:2300.82M (Peak 2300.82M) | Time:00:00.12 | Syncing QA:Rectus anterior capitis muscle
Fra:0 Mem:2301.00M (Peak 2301.00M) | Time:00:00.12 | Syncing QA:Rectus anterior capitis muscle
Fra:0 Mem:2301.18M (Peak 2301.18M) | Time:00:00.12 | Syncing QA:Rectus femoris muscle.l
Fra:0 Mem:2301.89M (Peak 2301.89M) | Time:00:00.12 | Syncing QA:Rectus femoris muscle.r
Fra:0 Mem:2302.61M (Peak 2302.61M) | Time:00:00.12 | Syncing QA:Rectus lateralis capitis muscl
Fra:0 Mem:2302.79M (Peak 2302.79M) | Time:00:00.12 | Syncing QA:Rectus lateralis capitis muscl
Fra:0 Mem:2302.96M (Peak 2302.96M) | Time:00:00.12 | Syncing QA:Rectus posterior major capitis
Fra:0 Mem:2303.17M (Peak 2303.17M) | Time:00:00.12 | Syncing QA:Rectus posterior major capitis
Fra:0 Mem:2303.37M (Peak 2303.37M) | Time:00:00.12 | Syncing QA:Rectus posterior minor capitis
Fra:0 Mem:2303.55M (Peak 2303.55M) | Time:00:00.12 | Syncing QA:Rectus posterior minor capitis
Fra:0 Mem:2303.73M (Peak 2303.73M) | Time:00:00.12 | Syncing QA:Rhomboid major muscle.l
Fra:0 Mem:2304.21M (Peak 2304.21M) | Time:00:00.12 | Syncing QA:Rhomboid major muscle.r
Fra:0 Mem:2304.69M (Peak 2304.69M) | Time:00:00.12 | Syncing QA:Rhomboid minor muscle.l
Fra:0 Mem:2304.95M (Peak 2304.95M) | Time:00:00.12 | Syncing QA:Rhomboid minor muscle.r
Fra:0 Mem:2305.20M (Peak 2305.20M) | Time:00:00.12 | Syncing QA:Risorius muscle.l
Fra:0 Mem:2305.39M (Peak 2305.39M) | Time:00:00.12 | Syncing QA:Risorius muscle.r
Fra:0 Mem:2305.58M (Peak 2305.58M) | Time:00:00.12 | Syncing QA:Rotatores.l
Fra:0 Mem:2306.18M (Peak 2306.18M) | Time:00:00.12 | Syncing QA:Rotatores.r
Fra:0 Mem:2306.78M (Peak 2306.78M) | Time:00:00.12 | Syncing QA:Sacrum
Fra:0 Mem:2307.61M (Peak 2307.61M) | Time:00:00.12 | Syncing QA:Sartorius muscle.l
Fra:0 Mem:2308.10M (Peak 2308.10M) | Time:00:00.12 | Syncing QA:Sartorius muscle.r
Fra:0 Mem:2308.59M (Peak 2308.59M) | Time:00:00.12 | Syncing QA:Scalenus anterior muscle.l
Fra:0 Mem:2308.84M (Peak 2308.84M) | Time:00:00.12 | Syncing QA:Scalenus anterior muscle.r
Fra:0 Mem:2309.09M (Peak 2309.09M) | Time:00:00.12 | Syncing QA:Scalenus medius muscle.l
Fra:0 Mem:2309.38M (Peak 2309.38M) | Time:00:00.12 | Syncing QA:Scalenus medius muscle.r
Fra:0 Mem:2309.67M (Peak 2309.67M) | Time:00:00.12 | Syncing QA:Scalenus posterior muscle.l
Fra:0 Mem:2309.91M (Peak 2309.91M) | Time:00:00.12 | Syncing QA:Scalenus posterior muscle.r
Fra:0 Mem:2310.16M (Peak 2310.16M) | Time:00:00.12 | Syncing QA:Scaphoid bone.l
Fra:0 Mem:2310.33M (Peak 2310.33M) | Time:00:00.12 | Syncing QA:Scaphoid bone.r
Fra:0 Mem:2310.51M (Peak 2310.51M) | Time:00:00.12 | Syncing QA:Scapula.l
Fra:0 Mem:2312.40M (Peak 2312.40M) | Time:00:00.12 | Syncing QA:Scapula.r
Fra:0 Mem:2314.29M (Peak 2314.29M) | Time:00:00.12 | Syncing QA:Scapular spinal part of deltoi
Fra:0 Mem:2314.74M (Peak 2314.74M) | Time:00:00.12 | Syncing QA:Scapular spinal part of deltoi
Fra:0 Mem:2315.19M (Peak 2315.19M) | Time:00:00.12 | Syncing QA:Sciatic bursa of gluteus maxim
Fra:0 Mem:2315.41M (Peak 2315.41M) | Time:00:00.12 | Syncing QA:Sciatic bursa of gluteus maxim
Fra:0 Mem:2315.64M (Peak 2315.64M) | Time:00:00.12 | Syncing QA:Sciatic bursa of obturator int
Fra:0 Mem:2315.86M (Peak 2315.86M) | Time:00:00.12 | Syncing QA:Sciatic bursa of obturator int
Fra:0 Mem:2316.08M (Peak 2316.08M) | Time:00:00.12 | Syncing QA:Second metacarpal bone.l
Fra:0 Mem:2316.29M (Peak 2316.29M) | Time:00:00.12 | Syncing QA:Second metacarpal bone.r
Fra:0 Mem:2316.49M (Peak 2316.49M) | Time:00:00.12 | Syncing QA:Second metatarsal bone.l
Fra:0 Mem:2316.69M (Peak 2316.69M) | Time:00:00.12 | Syncing QA:Second metatarsal bone.r
Fra:0 Mem:2316.88M (Peak 2316.88M) | Time:00:00.12 | Syncing QA:Second rib.l
Fra:0 Mem:2317.40M (Peak 2317.40M) | Time:00:00.12 | Syncing QA:Second rib.r
Fra:0 Mem:2317.92M (Peak 2317.92M) | Time:00:00.12 | Syncing QA:Semimembranosus bursa.l
Fra:0 Mem:2318.12M (Peak 2318.12M) | Time:00:00.12 | Syncing QA:Semimembranosus bursa.r
Fra:0 Mem:2318.32M (Peak 2318.32M) | Time:00:00.12 | Syncing QA:Semimembranosus muscle.l
Fra:0 Mem:2318.98M (Peak 2318.98M) | Time:00:00.12 | Syncing QA:Semimembranosus muscle.r
Fra:0 Mem:2319.64M (Peak 2319.64M) | Time:00:00.12 | Syncing QA:Semispinalis colli muscle.l
Fra:0 Mem:2319.97M (Peak 2319.97M) | Time:00:00.12 | Syncing QA:Semispinalis colli muscle.r
Fra:0 Mem:2320.30M (Peak 2320.30M) | Time:00:00.12 | Syncing QA:Semispinalis thoracis muscle.l
Fra:0 Mem:2320.79M (Peak 2320.79M) | Time:00:00.12 | Syncing QA:Semispinalis thoracis muscle.r
Fra:0 Mem:2321.28M (Peak 2321.28M) | Time:00:00.12 | Syncing QA:Semitendinosus muscle.l
Fra:0 Mem:2321.73M (Peak 2321.73M) | Time:00:00.12 | Syncing QA:Semitendinosus muscle.r
Fra:0 Mem:2322.18M (Peak 2322.18M) | Time:00:00.12 | Syncing QA:Serratus anterior muscle.l
Fra:0 Mem:2324.06M (Peak 2324.06M) | Time:00:00.12 | Syncing QA:Serratus anterior muscle.r
Fra:0 Mem:2325.95M (Peak 2325.95M) | Time:00:00.12 | Syncing QA:Serratus posterior inferior mu
Fra:0 Mem:2326.71M (Peak 2326.71M) | Time:00:00.12 | Syncing QA:Serratus posterior inferior mu
Fra:0 Mem:2327.48M (Peak 2327.48M) | Time:00:00.12 | Syncing QA:Serratus posterior superior mu
Fra:0 Mem:2328.01M (Peak 2328.01M) | Time:00:00.12 | Syncing QA:Serratus posterior superior mu
Fra:0 Mem:2328.54M (Peak 2328.54M) | Time:00:00.12 | Syncing QA:Sesamoid bones of foot.l
Fra:0 Mem:2328.71M (Peak 2328.71M) | Time:00:00.12 | Syncing QA:Sesamoid bones of foot.r
Fra:0 Mem:2328.88M (Peak 2328.88M) | Time:00:00.12 | Syncing QA:Seventh rib.l
Fra:0 Mem:2329.70M (Peak 2329.70M) | Time:00:00.12 | Syncing QA:Seventh rib.r
Fra:0 Mem:2330.52M (Peak 2330.52M) | Time:00:00.12 | Syncing QA:Short head of biceps brachii.l
Fra:0 Mem:2330.85M (Peak 2330.85M) | Time:00:00.12 | Syncing QA:Short head of biceps brachii.r
Fra:0 Mem:2331.19M (Peak 2331.19M) | Time:00:00.12 | Syncing QA:Short head of biceps femoris.l
Fra:0 Mem:2331.51M (Peak 2331.51M) | Time:00:00.12 | Syncing QA:Short head of biceps femoris.r
Fra:0 Mem:2331.83M (Peak 2331.83M) | Time:00:00.12 | Syncing QA:Sinus of frontal bone
Fra:0 Mem:2332.05M (Peak 2332.05M) | Time:00:00.12 | Syncing QA:Sinus of sphenoid bone
Fra:0 Mem:2332.23M (Peak 2332.23M) | Time:00:00.12 | Syncing QA:Sixth rib.l
Fra:0 Mem:2333.08M (Peak 2333.08M) | Time:00:00.13 | Syncing QA:Sixth rib.r
Fra:0 Mem:2333.92M (Peak 2333.92M) | Time:00:00.13 | Syncing QA:Soleus muscle.l
Fra:0 Mem:2334.54M (Peak 2334.54M) | Time:00:00.13 | Syncing QA:Soleus muscle.r
Fra:0 Mem:2335.15M (Peak 2335.15M) | Time:00:00.13 | Syncing QA:Sphenoid bone
Fra:0 Mem:2335.81M (Peak 2335.81M) | Time:00:00.13 | Syncing QA:Spinalis capitis muscle.l
Fra:0 Mem:2336.13M (Peak 2336.13M) | Time:00:00.13 | Syncing QA:Spinalis capitis muscle.r
Fra:0 Mem:2336.49M (Peak 2336.49M) | Time:00:00.13 | Syncing QA:Spinalis colli muscle.l
Fra:0 Mem:2336.68M (Peak 2336.68M) | Time:00:00.13 | Syncing QA:Spinalis colli muscle.r
Fra:0 Mem:2336.87M (Peak 2336.87M) | Time:00:00.13 | Syncing QA:Spinalis thoracis muscle.l
Fra:0 Mem:2337.40M (Peak 2337.40M) | Time:00:00.13 | Syncing QA:Spinalis thoracis muscle.r
Fra:0 Mem:2337.93M (Peak 2337.93M) | Time:00:00.13 | Syncing QA:Splenius capitis muscle.l
Fra:0 Mem:2338.45M (Peak 2338.45M) | Time:00:00.13 | Syncing QA:Splenius capitis muscle.r
Fra:0 Mem:2338.96M (Peak 2338.96M) | Time:00:00.13 | Syncing QA:Splenius colli muscle.l
Fra:0 Mem:2339.40M (Peak 2339.40M) | Time:00:00.13 | Syncing QA:Splenius colli muscle.r
Fra:0 Mem:2339.85M (Peak 2339.85M) | Time:00:00.13 | Syncing QA:Stapes.l
Fra:0 Mem:2340.32M (Peak 2340.32M) | Time:00:00.13 | Syncing QA:Stapes.r
Fra:0 Mem:2340.78M (Peak 2340.78M) | Time:00:00.13 | Syncing QA:Sternocleidomastoid muscle.l
Fra:0 Mem:2341.27M (Peak 2341.27M) | Time:00:00.13 | Syncing QA:Sternocleidomastoid muscle.r
Fra:0 Mem:2341.76M (Peak 2341.76M) | Time:00:00.13 | Syncing QA:Sternocostal head of pectorali
Fra:0 Mem:2342.14M (Peak 2342.14M) | Time:00:00.13 | Syncing QA:Sternocostal head of pectorali
Fra:0 Mem:2342.51M (Peak 2342.51M) | Time:00:00.13 | Syncing QA:Sternohyoid muscle.l
Fra:0 Mem:2342.75M (Peak 2342.75M) | Time:00:00.13 | Syncing QA:Sternohyoid muscle.r
Fra:0 Mem:2343.00M (Peak 2343.00M) | Time:00:00.13 | Syncing QA:Sternothyroid muscle.l
Fra:0 Mem:2343.22M (Peak 2343.22M) | Time:00:00.13 | Syncing QA:Sternothyroid muscle.r
Fra:0 Mem:2343.45M (Peak 2343.45M) | Time:00:00.13 | Syncing QA:Straight part of cricothyroid 
Fra:0 Mem:2343.72M (Peak 2343.72M) | Time:00:00.13 | Syncing QA:Straight part of cricothyroid 
Fra:0 Mem:2343.99M (Peak 2343.99M) | Time:00:00.13 | Syncing QA:Stylohyoid muscle.l
Fra:0 Mem:2344.19M (Peak 2344.19M) | Time:00:00.13 | Syncing QA:Stylohyoid muscle.r
Fra:0 Mem:2344.39M (Peak 2344.39M) | Time:00:00.13 | Syncing QA:Stylopharyngeus muscle.l
Fra:0 Mem:2345.52M (Peak 2345.73M) | Time:00:00.13 | Syncing QA:Stylopharyngeus muscle.r
Fra:0 Mem:2346.64M (Peak 2346.86M) | Time:00:00.13 | Syncing QA:Subacromial bursa.l
Fra:0 Mem:2346.87M (Peak 2346.87M) | Time:00:00.13 | Syncing QA:Subacromial bursa.r
Fra:0 Mem:2347.09M (Peak 2347.09M) | Time:00:00.13 | Syncing QA:Subclavius muscle.l
Fra:0 Mem:2347.30M (Peak 2347.30M) | Time:00:00.13 | Syncing QA:Subclavius muscle.r
Fra:0 Mem:2347.50M (Peak 2347.50M) | Time:00:00.13 | Syncing QA:Subcutaneous acromial bursa.l
Fra:0 Mem:2347.73M (Peak 2347.73M) | Time:00:00.13 | Syncing QA:Subcutaneous acromial bursa.r
Fra:0 Mem:2347.95M (Peak 2347.95M) | Time:00:00.13 | Syncing QA:Subcutaneous bursa of lateral 
Fra:0 Mem:2348.13M (Peak 2348.13M) | Time:00:00.13 | Syncing QA:Subcutaneous bursa of lateral 
Fra:0 Mem:2348.31M (Peak 2348.31M) | Time:00:00.13 | Syncing QA:Subcutaneous bursa of medial m
Fra:0 Mem:2348.50M (Peak 2348.50M) | Time:00:00.13 | Syncing QA:Subcutaneous bursa of medial m
Fra:0 Mem:2348.68M (Peak 2348.68M) | Time:00:00.13 | Syncing QA:Subcutaneous bursa of tuberosi
Fra:0 Mem:2348.90M (Peak 2348.90M) | Time:00:00.13 | Syncing QA:Subcutaneous bursa of tuberosi
Fra:0 Mem:2349.13M (Peak 2349.13M) | Time:00:00.13 | Syncing QA:Subcutaneous calcaneal bursa.l
Fra:0 Mem:2349.31M (Peak 2349.31M) | Time:00:00.13 | Syncing QA:Subcutaneous calcaneal bursa.r
Fra:0 Mem:2349.48M (Peak 2349.48M) | Time:00:00.13 | Syncing QA:Subcutaneous infrapatellar bur
Fra:0 Mem:2349.71M (Peak 2349.71M) | Time:00:00.13 | Syncing QA:Subcutaneous infrapatellar bur
Fra:0 Mem:2349.93M (Peak 2349.93M) | Time:00:00.13 | Syncing QA:Subcutaneous prepatellar bursa
Fra:0 Mem:2350.13M (Peak 2350.13M) | Time:00:00.13 | Syncing QA:Subcutaneous prepatellar bursa
Fra:0 Mem:2350.33M (Peak 2350.33M) | Time:00:00.13 | Syncing QA:Subcutaneous trochanteric burs
Fra:0 Mem:2350.55M (Peak 2350.55M) | Time:00:00.13 | Syncing QA:Subcutaneous trochanteric burs
Fra:0 Mem:2350.78M (Peak 2350.78M) | Time:00:00.13 | Syncing QA:Subdeltoid bursa.l
Fra:0 Mem:2351.00M (Peak 2351.00M) | Time:00:00.13 | Syncing QA:Subdeltoid bursa.r
Fra:0 Mem:2351.22M (Peak 2351.22M) | Time:00:00.13 | Syncing QA:Subfacial prepatellar bursa.l
Fra:0 Mem:2351.42M (Peak 2351.42M) | Time:00:00.13 | Syncing QA:Subfacial prepatellar bursa.r
Fra:0 Mem:2351.62M (Peak 2351.62M) | Time:00:00.13 | Syncing QA:Subscapularis muscle.l
Fra:0 Mem:2351.98M (Peak 2351.98M) | Time:00:00.13 | Syncing QA:Subscapularis muscle.r
Fra:0 Mem:2352.33M (Peak 2352.33M) | Time:00:00.13 | Syncing QA:Subtendinous bursa of iliacus 
Fra:0 Mem:2352.50M (Peak 2352.50M) | Time:00:00.13 | Syncing QA:Subtendinous bursa of iliacus 
Fra:0 Mem:2352.67M (Peak 2352.67M) | Time:00:00.13 | Syncing QA:Subtendinous bursa of infraspi
Fra:0 Mem:2352.89M (Peak 2352.89M) | Time:00:00.13 | Syncing QA:Subtendinous bursa of infraspi
Fra:0 Mem:2353.12M (Peak 2353.12M) | Time:00:00.13 | Syncing QA:Subtendinous bursa of obturato
Fra:0 Mem:2353.34M (Peak 2353.34M) | Time:00:00.13 | Syncing QA:Subtendinous bursa of obturato
Fra:0 Mem:2353.56M (Peak 2353.56M) | Time:00:00.13 | Syncing QA:Subtendinous bursa of sartoriu
Fra:0 Mem:2353.78M (Peak 2353.78M) | Time:00:00.13 | Syncing QA:Subtendinous bursa of sartoriu
Fra:0 Mem:2353.99M (Peak 2353.99M) | Time:00:00.13 | Syncing QA:Subtendinous bursa of teres ma
Fra:0 Mem:2354.22M (Peak 2354.22M) | Time:00:00.13 | Syncing QA:Subtendinous bursa of teres ma
Fra:0 Mem:2354.44M (Peak 2354.44M) | Time:00:00.13 | Syncing QA:Subtendinous bursa of tibialis
Fra:0 Mem:2354.62M (Peak 2354.62M) | Time:00:00.13 | Syncing QA:Subtendinous bursa of tibialis
Fra:0 Mem:2354.81M (Peak 2354.81M) | Time:00:00.13 | Syncing QA:Subtendinous bursa of trapeziu
Fra:0 Mem:2355.25M (Peak 2355.25M) | Time:00:00.13 | Syncing QA:Subtendinous bursa of trapeziu
Fra:0 Mem:2355.48M (Peak 2355.48M) | Time:00:00.13 | Syncing QA:Subtendinous bursa of triceps 
Fra:0 Mem:2355.70M (Peak 2355.70M) | Time:00:00.13 | Syncing QA:Subtendinous bursa of triceps 
Fra:0 Mem:2355.92M (Peak 2355.92M) | Time:00:00.13 | Syncing QA:Subtendinous calcaneal bursa.l
Fra:0 Mem:2356.10M (Peak 2356.10M) | Time:00:00.13 | Syncing QA:Subtendinous calcaneal bursa.r
Fra:0 Mem:2356.28M (Peak 2356.28M) | Time:00:00.13 | Syncing QA:Subtendinous prepatellar bursa
Fra:0 Mem:2356.48M (Peak 2356.48M) | Time:00:00.13 | Syncing QA:Subtendinous prepatellar bursa
Fra:0 Mem:2356.68M (Peak 2356.68M) | Time:00:00.13 | Syncing QA:Superficial head of flexor pol
Fra:0 Mem:2356.85M (Peak 2356.85M) | Time:00:00.13 | Syncing QA:Superficial head of flexor pol
Fra:0 Mem:2357.02M (Peak 2357.02M) | Time:00:00.13 | Syncing QA:Superficial head of pronator t
Fra:0 Mem:2357.34M (Peak 2357.34M) | Time:00:00.13 | Syncing QA:Superficial head of pronator t
Fra:0 Mem:2357.67M (Peak 2357.67M) | Time:00:00.13 | Syncing QA:Superficial investing cervical
Fra:0 Mem:2358.06M (Peak 2358.06M) | Time:00:00.13 | Syncing QA:Superficial investing cervical
Fra:0 Mem:2358.46M (Peak 2358.46M) | Time:00:00.13 | Syncing QA:Superficial layer of temporal 
Fra:0 Mem:2358.66M (Peak 2358.66M) | Time:00:00.13 | Syncing QA:Superficial layer of temporal 
Fra:0 Mem:2358.86M (Peak 2358.86M) | Time:00:00.13 | Syncing QA:Superficial part of masseter.l
Fra:0 Mem:2359.11M (Peak 2359.11M) | Time:00:00.13 | Syncing QA:Superficial part of masseter.r
Fra:0 Mem:2359.35M (Peak 2359.35M) | Time:00:00.13 | Syncing QA:Superficial transverse metacar
Fra:0 Mem:2359.52M (Peak 2359.52M) | Time:00:00.13 | Syncing QA:Superficial transverse metacar
Fra:0 Mem:2359.68M (Peak 2359.68M) | Time:00:00.13 | Syncing QA:Superficial transverse metatar
Fra:0 Mem:2359.84M (Peak 2359.84M) | Time:00:00.13 | Syncing QA:Superficial transverse metatar
Fra:0 Mem:2360.00M (Peak 2360.00M) | Time:00:00.13 | Syncing QA:Superior bursa of biceps femor
Fra:0 Mem:2360.22M (Peak 2360.22M) | Time:00:00.14 | Syncing QA:Superior bursa of biceps femor
Fra:0 Mem:2360.45M (Peak 2360.45M) | Time:00:00.14 | Syncing QA:Superior extensor retinaculum 
Fra:0 Mem:2360.62M (Peak 2360.62M) | Time:00:00.14 | Syncing QA:Superior extensor retinaculum 
Fra:0 Mem:2360.79M (Peak 2360.79M) | Time:00:00.14 | Syncing QA:Superior fibular retinaculum.l
Fra:0 Mem:2360.99M (Peak 2360.99M) | Time:00:00.14 | Syncing QA:Superior fibular retinaculum.r
Fra:0 Mem:2361.18M (Peak 2361.18M) | Time:00:00.14 | Syncing QA:Superior gemellus muscle.l
Fra:0 Mem:2361.36M (Peak 2361.36M) | Time:00:00.14 | Syncing QA:Superior gemellus muscle.r
Fra:0 Mem:2361.54M (Peak 2361.54M) | Time:00:00.14 | Syncing QA:Superior head of lateral ptery
Fra:0 Mem:2361.71M (Peak 2361.71M) | Time:00:00.14 | Syncing QA:Superior head of lateral ptery
Fra:0 Mem:2361.87M (Peak 2361.87M) | Time:00:00.14 | Syncing QA:Superior oblique muscle.l
Fra:0 Mem:2362.20M (Peak 2362.20M) | Time:00:00.14 | Syncing QA:Superior oblique muscle.r
Fra:0 Mem:2362.54M (Peak 2362.54M) | Time:00:00.14 | Syncing QA:Superior pharyngeal constricto
Fra:0 Mem:2363.24M (Peak 2363.60M) | Time:00:00.14 | Syncing QA:Superior pharyngeal constricto
Fra:0 Mem:2363.94M (Peak 2364.30M) | Time:00:00.14 | Syncing QA:Superior rectus muscle.l
Fra:0 Mem:2364.22M (Peak 2364.30M) | Time:00:00.14 | Syncing QA:Superior rectus muscle.r
Fra:0 Mem:2364.50M (Peak 2364.50M) | Time:00:00.14 | Syncing QA:Superior tarsus.l
Fra:0 Mem:2364.67M (Peak 2364.67M) | Time:00:00.14 | Syncing QA:Superior tarsus.r
Fra:0 Mem:2364.84M (Peak 2364.84M) | Time:00:00.14 | Syncing QA:Supinator.l
Fra:0 Mem:2365.18M (Peak 2365.18M) | Time:00:00.14 | Syncing QA:Supinator.r
Fra:0 Mem:2365.52M (Peak 2365.52M) | Time:00:00.14 | Syncing QA:Suprapatellar bursa.l
Fra:0 Mem:2365.73M (Peak 2365.73M) | Time:00:00.14 | Syncing QA:Suprapatellar bursa.r
Fra:0 Mem:2365.95M (Peak 2365.95M) | Time:00:00.14 | Syncing QA:Supraspinatus muscle.l
Fra:0 Mem:2366.20M (Peak 2366.20M) | Time:00:00.14 | Syncing QA:Supraspinatus muscle.r
Fra:0 Mem:2366.45M (Peak 2366.45M) | Time:00:00.14 | Syncing QA:Synovial sheaths of digits of 
Fra:0 Mem:2366.94M (Peak 2366.94M) | Time:00:00.14 | Syncing QA:Synovial sheaths of digits of 
Fra:0 Mem:2367.44M (Peak 2367.44M) | Time:00:00.14 | Syncing QA:Talus.l
Fra:0 Mem:2367.68M (Peak 2367.68M) | Time:00:00.14 | Syncing QA:Talus.r
Fra:0 Mem:2367.92M (Peak 2367.92M) | Time:00:00.14 | Syncing QA:Temporal bone.l
Fra:0 Mem:2369.04M (Peak 2369.04M) | Time:00:00.14 | Syncing QA:Temporal bone.r
Fra:0 Mem:2370.16M (Peak 2370.16M) | Time:00:00.14 | Syncing QA:Temporalis muscle.l
Fra:0 Mem:2371.01M (Peak 2371.01M) | Time:00:00.14 | Syncing QA:Temporalis muscle.r
Fra:0 Mem:2371.87M (Peak 2371.87M) | Time:00:00.14 | Syncing QA:Temporoparietalis muscle.l
Fra:0 Mem:2372.84M (Peak 2372.84M) | Time:00:00.14 | Syncing QA:Temporoparietalis muscle.r
Fra:0 Mem:2373.81M (Peak 2373.86M) | Time:00:00.14 | Syncing QA:Tendinous arch of levator ani.
Fra:0 Mem:2374.02M (Peak 2374.02M) | Time:00:00.14 | Syncing QA:Tendinous arch of levator ani.
Fra:0 Mem:2374.22M (Peak 2374.22M) | Time:00:00.14 | Syncing QA:Tendon of extensor digitorum l
Fra:0 Mem:2374.73M (Peak 2374.73M) | Time:00:00.14 | Syncing QA:Tendon of extensor digitorum l
Fra:0 Mem:2375.23M (Peak 2375.23M) | Time:00:00.14 | Syncing QA:Tendon sheath - abd. pollicis 
Fra:0 Mem:2375.42M (Peak 2375.42M) | Time:00:00.14 | Syncing QA:Tendon sheath - abd. pollicis 
Fra:0 Mem:2375.60M (Peak 2375.60M) | Time:00:00.14 | Syncing QA:Tendon sheath of extensor carp
Fra:0 Mem:2375.80M (Peak 2375.80M) | Time:00:00.14 | Syncing QA:Tendon sheath of extensor carp
Fra:0 Mem:2376.00M (Peak 2376.00M) | Time:00:00.14 | Syncing QA:Tendon sheath of extensor digi
Fra:0 Mem:2376.18M (Peak 2376.18M) | Time:00:00.14 | Syncing QA:Tendon sheath of extensor digi
Fra:0 Mem:2376.36M (Peak 2376.36M) | Time:00:00.14 | Syncing QA:Tendon sheath of extensor digi
Fra:0 Mem:2376.62M (Peak 2376.62M) | Time:00:00.14 | Syncing QA:Tendon sheath of extensor digi
Fra:0 Mem:2376.89M (Peak 2376.89M) | Time:00:00.14 | Syncing QA:Tendon sheath of extensor digi
Fra:0 Mem:2377.15M (Peak 2377.15M) | Time:00:00.14 | Syncing QA:Tendon sheath of extensor digi
Fra:0 Mem:2377.40M (Peak 2377.40M) | Time:00:00.14 | Syncing QA:Tendon sheath of extensor hall
Fra:0 Mem:2377.58M (Peak 2377.58M) | Time:00:00.14 | Syncing QA:Tendon sheath of extensor hall
Fra:0 Mem:2377.76M (Peak 2377.76M) | Time:00:00.14 | Syncing QA:Tendon sheath of extensor poll
Fra:0 Mem:2377.93M (Peak 2377.93M) | Time:00:00.14 | Syncing QA:Tendon sheath of extensor poll
Fra:0 Mem:2378.10M (Peak 2378.10M) | Time:00:00.14 | Syncing QA:Tendon sheath of extensors car
Fra:0 Mem:2378.37M (Peak 2378.37M) | Time:00:00.14 | Syncing QA:Tendon sheath of extensors car
Fra:0 Mem:2378.63M (Peak 2378.63M) | Time:00:00.14 | Syncing QA:Tendon sheath of flexor carpi 
Fra:0 Mem:2378.84M (Peak 2378.84M) | Time:00:00.14 | Syncing QA:Tendon sheath of flexor carpi 
Fra:0 Mem:2379.04M (Peak 2379.04M) | Time:00:00.14 | Syncing QA:Tendon sheath of flexor digito
Fra:0 Mem:2379.20M (Peak 2379.20M) | Time:00:00.14 | Syncing QA:Tendon sheath of flexor digito
Fra:0 Mem:2379.37M (Peak 2379.37M) | Time:00:00.14 | Syncing QA:Tendon sheath of flexor halluc
Fra:0 Mem:2379.60M (Peak 2379.60M) | Time:00:00.14 | Syncing QA:Tendon sheath of flexor halluc
Fra:0 Mem:2379.84M (Peak 2379.84M) | Time:00:00.14 | Syncing QA:Tendon sheath of flexor pollic
Fra:0 Mem:2380.15M (Peak 2380.15M) | Time:00:00.14 | Syncing QA:Tendon sheath of flexor pollic
Fra:0 Mem:2380.45M (Peak 2380.45M) | Time:00:00.14 | Syncing QA:Tendon sheath of tibialis ante
Fra:0 Mem:2380.62M (Peak 2380.62M) | Time:00:00.14 | Syncing QA:Tendon sheath of tibialis ante
Fra:0 Mem:2380.78M (Peak 2380.78M) | Time:00:00.14 | Syncing QA:Tendon sheath of tibialis post
Fra:0 Mem:2380.94M (Peak 2380.94M) | Time:00:00.14 | Syncing QA:Tendon sheath of tibialis post
Fra:0 Mem:2381.11M (Peak 2381.11M) | Time:00:00.14 | Syncing QA:Tensor fasciae latae.l
Fra:0 Mem:2381.39M (Peak 2381.39M) | Time:00:00.14 | Syncing QA:Tensor fasciae latae.r
Fra:0 Mem:2381.66M (Peak 2381.66M) | Time:00:00.14 | Syncing QA:Tenth rib.l
Fra:0 Mem:2382.30M (Peak 2382.30M) | Time:00:00.14 | Syncing QA:Tenth rib.r
Fra:0 Mem:2382.93M (Peak 2382.93M) | Time:00:00.14 | Syncing QA:Teres major muscle.l
Fra:0 Mem:2383.16M (Peak 2383.16M) | Time:00:00.14 | Syncing QA:Teres major muscle.r
Fra:0 Mem:2383.39M (Peak 2383.39M) | Time:00:00.14 | Syncing QA:Teres minor muscle.l
Fra:0 Mem:2383.64M (Peak 2383.64M) | Time:00:00.14 | Syncing QA:Teres minor muscle.r
Fra:0 Mem:2383.90M (Peak 2383.90M) | Time:00:00.14 | Syncing QA:Third metacarpal bone.l
Fra:0 Mem:2384.10M (Peak 2384.10M) | Time:00:00.14 | Syncing QA:Third metacarpal bone.r
Fra:0 Mem:2384.30M (Peak 2384.30M) | Time:00:00.14 | Syncing QA:Third metatarsal bone.l
Fra:0 Mem:2384.50M (Peak 2384.50M) | Time:00:00.14 | Syncing QA:Third metatarsal bone.r
Fra:0 Mem:2384.71M (Peak 2384.71M) | Time:00:00.14 | Syncing QA:Third rib.l
Fra:0 Mem:2385.34M (Peak 2385.34M) | Time:00:00.14 | Syncing QA:Third rib.r
Fra:0 Mem:2385.97M (Peak 2385.97M) | Time:00:00.14 | Syncing QA:Thyro-epiglottic part of thyro
Fra:0 Mem:2386.44M (Peak 2386.44M) | Time:00:00.14 | Syncing QA:Thyro-epiglottic part of thyro
Fra:0 Mem:2386.91M (Peak 2386.91M) | Time:00:00.14 | Syncing QA:Thyrohyoid muscle.l
Fra:0 Mem:2387.11M (Peak 2387.11M) | Time:00:00.14 | Syncing QA:Thyrohyoid muscle.r
Fra:0 Mem:2387.31M (Peak 2387.31M) | Time:00:00.14 | Syncing QA:Thyroid cartilage
Fra:0 Mem:2387.76M (Peak 2387.76M) | Time:00:00.14 | Syncing QA:Tibia.l
Fra:0 Mem:2388.03M (Peak 2388.03M) | Time:00:00.14 | Syncing QA:Tibia.r
Fra:0 Mem:2388.29M (Peak 2388.29M) | Time:00:00.14 | Syncing QA:Tibialis anterior muscle.l
Fra:0 Mem:2388.68M (Peak 2388.68M) | Time:00:00.14 | Syncing QA:Tibialis anterior muscle.r
Fra:0 Mem:2389.08M (Peak 2389.08M) | Time:00:00.14 | Syncing QA:Tibialis posterior muscle.l
Fra:0 Mem:2389.61M (Peak 2389.61M) | Time:00:00.15 | Syncing QA:Tibialis posterior muscle.r
Fra:0 Mem:2390.14M (Peak 2390.14M) | Time:00:00.15 | Syncing QA:Transversalis fascia
Fra:0 Mem:2390.60M (Peak 2390.60M) | Time:00:00.15 | Syncing QA:Transverse arytenoid muscle
Fra:0 Mem:2390.93M (Peak 2390.93M) | Time:00:00.15 | Syncing QA:Transverse head of adductor ha
Fra:0 Mem:2391.11M (Peak 2391.11M) | Time:00:00.15 | Syncing QA:Transverse head of adductor ha
Fra:0 Mem:2391.29M (Peak 2391.29M) | Time:00:00.15 | Syncing QA:Transverse head of adductor po
Fra:0 Mem:2391.51M (Peak 2391.51M) | Time:00:00.15 | Syncing QA:Transverse head of adductor po
Fra:0 Mem:2391.73M (Peak 2391.73M) | Time:00:00.15 | Syncing QA:Transverse intermuscular septu
Fra:0 Mem:2391.93M (Peak 2391.93M) | Time:00:00.15 | Syncing QA:Transverse intermuscular septu
Fra:0 Mem:2392.13M (Peak 2392.13M) | Time:00:00.15 | Syncing QA:Transverse part of trapezius m
Fra:0 Mem:2392.48M (Peak 2392.48M) | Time:00:00.15 | Syncing QA:Transverse part of trapezius m
Fra:0 Mem:2392.84M (Peak 2392.84M) | Time:00:00.15 | Syncing QA:Transversus abdominis muscle.l
Fra:0 Mem:2395.35M (Peak 2395.35M) | Time:00:00.15 | Syncing QA:Transversus abdominis muscle.r
Fra:0 Mem:2397.86M (Peak 2397.86M) | Time:00:00.15 | Syncing QA:Transversus thoracis muscle.l
Fra:0 Mem:2398.12M (Peak 2398.12M) | Time:00:00.15 | Syncing QA:Transversus thoracis muscle.r
Fra:0 Mem:2398.39M (Peak 2398.39M) | Time:00:00.15 | Syncing QA:Trapezium bone.l
Fra:0 Mem:2398.57M (Peak 2398.57M) | Time:00:00.15 | Syncing QA:Trapezium bone.r
Fra:0 Mem:2398.76M (Peak 2398.76M) | Time:00:00.15 | Syncing QA:Trapezoid bone.l
Fra:0 Mem:2398.93M (Peak 2398.93M) | Time:00:00.15 | Syncing QA:Trapezoid bone.r
Fra:0 Mem:2399.11M (Peak 2399.11M) | Time:00:00.15 | Syncing QA:Triquetrum bone.l
Fra:0 Mem:2399.27M (Peak 2399.27M) | Time:00:00.15 | Syncing QA:Triquetrum bone.r
Fra:0 Mem:2399.43M (Peak 2399.43M) | Time:00:00.15 | Syncing QA:Trochanteric bursa of gluteus 
Fra:0 Mem:2399.66M (Peak 2399.66M) | Time:00:00.15 | Syncing QA:Trochanteric bursa of gluteus 
Fra:0 Mem:2399.88M (Peak 2399.88M) | Time:00:00.15 | Syncing QA:Trochanteric bursa of gluteus 
Fra:0 Mem:2400.10M (Peak 2400.10M) | Time:00:00.15 | Syncing QA:Trochanteric bursa of gluteus 
Fra:0 Mem:2400.33M (Peak 2400.33M) | Time:00:00.15 | Syncing QA:Trochanteric bursa of gluteus 
Fra:0 Mem:2400.55M (Peak 2400.55M) | Time:00:00.15 | Syncing QA:Trochanteric bursa of gluteus 
Fra:0 Mem:2400.77M (Peak 2400.77M) | Time:00:00.15 | Syncing QA:Trochlea of superior oblique m
Fra:0 Mem:2400.94M (Peak 2400.94M) | Time:00:00.15 | Syncing QA:Trochlea of superior oblique m
Fra:0 Mem:2401.11M (Peak 2401.11M) | Time:00:00.15 | Syncing QA:Twelfth rib.l
Fra:0 Mem:2401.47M (Peak 2401.47M) | Time:00:00.15 | Syncing QA:Twelfth rib.r
Fra:0 Mem:2401.83M (Peak 2401.83M) | Time:00:00.15 | Syncing QA:Ulna.l
Fra:0 Mem:2402.04M (Peak 2402.04M) | Time:00:00.15 | Syncing QA:Ulna.r
Fra:0 Mem:2402.25M (Peak 2402.25M) | Time:00:00.15 | Syncing QA:Ulnar head of extensor carpi u
Fra:0 Mem:2402.46M (Peak 2402.46M) | Time:00:00.15 | Syncing QA:Ulnar head of extensor carpi u
Fra:0 Mem:2402.67M (Peak 2402.67M) | Time:00:00.15 | Syncing QA:Ulnar head of flexor carpi uln
Fra:0 Mem:2402.92M (Peak 2402.92M) | Time:00:00.15 | Syncing QA:Ulnar head of flexor carpi uln
Fra:0 Mem:2403.17M (Peak 2403.17M) | Time:00:00.15 | Syncing QA:Upper canine.l
Fra:0 Mem:2403.42M (Peak 2403.42M) | Time:00:00.15 | Syncing QA:Upper canine.r
Fra:0 Mem:2403.67M (Peak 2403.67M) | Time:00:00.15 | Syncing QA:Upper first molar tooth.l
Fra:0 Mem:2403.97M (Peak 2403.97M) | Time:00:00.15 | Syncing QA:Upper first molar tooth.r
Fra:0 Mem:2404.27M (Peak 2404.27M) | Time:00:00.15 | Syncing QA:Upper first premolar.l
Fra:0 Mem:2404.54M (Peak 2404.54M) | Time:00:00.15 | Syncing QA:Upper first premolar.r
Fra:0 Mem:2404.80M (Peak 2404.80M) | Time:00:00.15 | Syncing QA:Upper lateral incisor.l
Fra:0 Mem:2405.05M (Peak 2405.05M) | Time:00:00.15 | Syncing QA:Upper lateral incisor.r
Fra:0 Mem:2405.30M (Peak 2405.30M) | Time:00:00.15 | Syncing QA:Upper medial incisor.l
Fra:0 Mem:2405.55M (Peak 2405.55M) | Time:00:00.15 | Syncing QA:Upper medial incisor.r
Fra:0 Mem:2405.79M (Peak 2405.79M) | Time:00:00.15 | Syncing QA:Upper second molar tooth.l
Fra:0 Mem:2406.07M (Peak 2406.07M) | Time:00:00.15 | Syncing QA:Upper second molar tooth.r
Fra:0 Mem:2406.34M (Peak 2406.34M) | Time:00:00.15 | Syncing QA:Upper second premolar.l
Fra:0 Mem:2406.60M (Peak 2406.60M) | Time:00:00.15 | Syncing QA:Upper second premolar.r
Fra:0 Mem:2406.86M (Peak 2406.86M) | Time:00:00.15 | Syncing QA:Vastus intermedius muscle.l
Fra:0 Mem:2407.43M (Peak 2407.43M) | Time:00:00.15 | Syncing QA:Vastus intermedius muscle.r
Fra:0 Mem:2408.00M (Peak 2408.00M) | Time:00:00.15 | Syncing QA:Vastus lateralis muscle.l
Fra:0 Mem:2408.80M (Peak 2408.80M) | Time:00:00.15 | Syncing QA:Vastus lateralis muscle.r
Fra:0 Mem:2409.59M (Peak 2409.59M) | Time:00:00.15 | Syncing QA:Vastus medialis muscle.l
Fra:0 Mem:2410.18M (Peak 2410.18M) | Time:00:00.15 | Syncing QA:Vastus medialis muscle.r
Fra:0 Mem:2410.78M (Peak 2410.78M) | Time:00:00.15 | Syncing QA:Ventral parts of lateral inter
Fra:0 Mem:2411.00M (Peak 2411.00M) | Time:00:00.15 | Syncing QA:Ventral parts of lateral inter
Fra:0 Mem:2411.22M (Peak 2411.22M) | Time:00:00.15 | Syncing QA:Vertebra C3
Fra:0 Mem:2411.53M (Peak 2411.53M) | Time:00:00.15 | Syncing QA:Vertebra C4
Fra:0 Mem:2411.81M (Peak 2411.81M) | Time:00:00.15 | Syncing QA:Vertebra C5
Fra:0 Mem:2412.12M (Peak 2412.12M) | Time:00:00.15 | Syncing QA:Vertebra C6
Fra:0 Mem:2412.43M (Peak 2412.43M) | Time:00:00.15 | Syncing QA:Vertebra C7
Fra:0 Mem:2412.72M (Peak 2412.72M) | Time:00:00.15 | Syncing QA:Vertebra L1
Fra:0 Mem:2413.09M (Peak 2413.09M) | Time:00:00.15 | Syncing QA:Vertebra L2
Fra:0 Mem:2413.42M (Peak 2413.42M) | Time:00:00.15 | Syncing QA:Vertebra L3
Fra:0 Mem:2413.78M (Peak 2413.78M) | Time:00:00.15 | Syncing QA:Vertebra L4
Fra:0 Mem:2414.19M (Peak 2414.19M) | Time:00:00.15 | Syncing QA:Vertebra L5
Fra:0 Mem:2414.61M (Peak 2414.61M) | Time:00:00.15 | Syncing QA:Vertebra T1
Fra:0 Mem:2414.90M (Peak 2414.90M) | Time:00:00.15 | Syncing QA:Vertebra T10
Fra:0 Mem:2415.25M (Peak 2415.25M) | Time:00:00.15 | Syncing QA:Vertebra T11
Fra:0 Mem:2415.53M (Peak 2415.53M) | Time:00:00.15 | Syncing QA:Vertebra T12
Fra:0 Mem:2415.85M (Peak 2415.85M) | Time:00:00.15 | Syncing QA:Vertebra T2
Fra:0 Mem:2416.15M (Peak 2416.15M) | Time:00:00.15 | Syncing QA:Vertebra T3
Fra:0 Mem:2416.46M (Peak 2416.46M) | Time:00:00.15 | Syncing QA:Vertebra T4
Fra:0 Mem:2416.76M (Peak 2416.76M) | Time:00:00.15 | Syncing QA:Vertebra T5
Fra:0 Mem:2417.06M (Peak 2417.06M) | Time:00:00.15 | Syncing QA:Vertebra T6
Fra:0 Mem:2417.33M (Peak 2417.33M) | Time:00:00.15 | Syncing QA:Vertebra T7
Fra:0 Mem:2417.67M (Peak 2417.67M) | Time:00:00.15 | Syncing QA:Vertebra T8
Fra:0 Mem:2417.94M (Peak 2417.94M) | Time:00:00.15 | Syncing QA:Vertebra T9
Fra:0 Mem:2418.29M (Peak 2418.29M) | Time:00:00.15 | Syncing QA:Vomer
Fra:0 Mem:2418.51M (Peak 2418.51M) | Time:00:00.15 | Syncing QA:Xiphoid process
Fra:0 Mem:2418.72M (Peak 2418.72M) | Time:00:00.15 | Syncing QA:Zygomatic bone.l
Fra:0 Mem:2418.97M (Peak 2418.97M) | Time:00:00.15 | Syncing QA:Zygomatic bone.r
Fra:0 Mem:2419.21M (Peak 2419.21M) | Time:00:00.15 | Syncing QA:Zygomaticus major muscle.l
Fra:0 Mem:2419.41M (Peak 2419.41M) | Time:00:00.15 | Syncing QA:Zygomaticus major muscle.r
Fra:0 Mem:2419.62M (Peak 2419.62M) | Time:00:00.15 | Syncing QA:Zygomaticus minor muscle.l
Fra:0 Mem:2419.80M (Peak 2419.80M) | Time:00:00.15 | Syncing QA:Zygomaticus minor muscle.r
Fra:0 Mem:2419.97M (Peak 2419.97M) | Time:00:00.15 | Syncing T98 camera
Fra:0 Mem:2419.97M (Peak 2419.97M) | Time:00:00.15 | Syncing T98 light
Fra:0 Mem:2419.97M (Peak 2419.97M) | Time:00:00.15 | Syncing T98 light.001
Fra:0 Mem:2410.50M (Peak 2419.97M) | Time:00:00.15 | Rendering 1 / 16 samples
Fra:0 Mem:2213.00M (Peak 2419.97M) | Time:00:00.40 | Rendering 16 / 16 samples
Saved: '/Users/daniel/Downloads/SIM /HUMAN ATLAS/work/evidence/T98/astra-resolution-2026-09-29/source-plus-y.png'
 Time: 00:00.45 (Saving: 00:00.03)

Fra:0 Mem:2068.65M (Peak 2068.65M) | Time:00:00.05 | Syncing QA:(Abdominal part of pectoralis 
Fra:0 Mem:2068.91M (Peak 2068.91M) | Time:00:00.05 | Syncing QA:(Abdominal part of pectoralis 
Fra:0 Mem:2069.16M (Peak 2069.16M) | Time:00:00.05 | Syncing QA:(Adductor minimus).l
Fra:0 Mem:2069.38M (Peak 2069.38M) | Time:00:00.05 | Syncing QA:(Adductor minimus).r
Fra:0 Mem:2069.60M (Peak 2069.60M) | Time:00:00.05 | Syncing QA:(Iliopectineal bursa).l
Fra:0 Mem:2069.82M (Peak 2069.82M) | Time:00:00.05 | Syncing QA:(Iliopectineal bursa).r
Fra:0 Mem:2070.04M (Peak 2070.04M) | Time:00:00.05 | Syncing QA:(Opponens digiti minimi muscle
Fra:0 Mem:2070.21M (Peak 2070.21M) | Time:00:00.05 | Syncing QA:(Opponens digiti minimi muscle
Fra:0 Mem:2070.38M (Peak 2070.38M) | Time:00:00.05 | Syncing QA:Abductor digiti minimi of foot
Fra:0 Mem:2070.61M (Peak 2070.61M) | Time:00:00.05 | Syncing QA:Abductor digiti minimi of foot
Fra:0 Mem:2070.85M (Peak 2070.85M) | Time:00:00.05 | Syncing QA:Abductor digiti minimi of hand
Fra:0 Mem:2071.05M (Peak 2071.05M) | Time:00:00.05 | Syncing QA:Abductor digiti minimi of hand
Fra:0 Mem:2071.25M (Peak 2071.25M) | Time:00:00.05 | Syncing QA:Abductor hallucis.l
Fra:0 Mem:2071.51M (Peak 2071.51M) | Time:00:00.05 | Syncing QA:Abductor hallucis.r
Fra:0 Mem:2071.78M (Peak 2071.78M) | Time:00:00.05 | Syncing QA:Abductor pollicis brevis.l
Fra:0 Mem:2071.97M (Peak 2071.97M) | Time:00:00.05 | Syncing QA:Abductor pollicis brevis.r
Fra:0 Mem:2072.17M (Peak 2072.17M) | Time:00:00.05 | Syncing QA:Abductor pollicis longus.l
Fra:0 Mem:2072.49M (Peak 2072.49M) | Time:00:00.05 | Syncing QA:Abductor pollicis longus.r
Fra:0 Mem:2072.81M (Peak 2072.81M) | Time:00:00.05 | Syncing QA:Acromial part of deltoid muscl
Fra:0 Mem:2073.16M (Peak 2073.16M) | Time:00:00.05 | Syncing QA:Acromial part of deltoid muscl
Fra:0 Mem:2073.51M (Peak 2073.51M) | Time:00:00.05 | Syncing QA:Adductor brevis.l
Fra:0 Mem:2073.81M (Peak 2073.81M) | Time:00:00.05 | Syncing QA:Adductor brevis.r
Fra:0 Mem:2074.11M (Peak 2074.11M) | Time:00:00.05 | Syncing QA:Adductor longus.l
Fra:0 Mem:2074.51M (Peak 2074.51M) | Time:00:00.05 | Syncing QA:Adductor longus.r
Fra:0 Mem:2074.92M (Peak 2074.92M) | Time:00:00.05 | Syncing QA:Adductor magnus.l
Fra:0 Mem:2075.63M (Peak 2075.63M) | Time:00:00.05 | Syncing QA:Adductor magnus.r
Fra:0 Mem:2076.34M (Peak 2076.34M) | Time:00:00.05 | Syncing QA:Anconeus muscle.l
Fra:0 Mem:2076.59M (Peak 2076.59M) | Time:00:00.05 | Syncing QA:Anconeus muscle.r
Fra:0 Mem:2076.84M (Peak 2076.84M) | Time:00:00.05 | Syncing QA:Anserine bursa.l
Fra:0 Mem:2077.05M (Peak 2077.05M) | Time:00:00.05 | Syncing QA:Anserine bursa.r
Fra:0 Mem:2077.27M (Peak 2077.27M) | Time:00:00.05 | Syncing QA:Antebrachial fascia.l
Fra:0 Mem:2077.74M (Peak 2077.74M) | Time:00:00.05 | Syncing QA:Antebrachial fascia.r
Fra:0 Mem:2078.22M (Peak 2078.22M) | Time:00:00.05 | Syncing QA:Anterior belly of digastric mu
Fra:0 Mem:2078.39M (Peak 2078.39M) | Time:00:00.05 | Syncing QA:Anterior belly of digastric mu
Fra:0 Mem:2078.57M (Peak 2078.57M) | Time:00:00.05 | Syncing QA:Anterior cells of ethmoid bone
Fra:0 Mem:2078.76M (Peak 2078.76M) | Time:00:00.05 | Syncing QA:Anterior cells of ethmoid bone
Fra:0 Mem:2078.95M (Peak 2078.95M) | Time:00:00.05 | Syncing QA:Anterior intermuscular septum 
Fra:0 Mem:2079.12M (Peak 2079.12M) | Time:00:00.05 | Syncing QA:Anterior intermuscular septum 
Fra:0 Mem:2079.29M (Peak 2079.29M) | Time:00:00.05 | Syncing QA:Anterior layer of thoracolumba
Fra:0 Mem:2079.46M (Peak 2079.46M) | Time:00:00.05 | Syncing QA:Anterior layer of thoracolumba
Fra:0 Mem:2079.62M (Peak 2079.62M) | Time:00:00.05 | Syncing QA:Ary-epiglottic part of oblique
Fra:0 Mem:2079.87M (Peak 2079.87M) | Time:00:00.05 | Syncing QA:Ary-epiglottic part of oblique
Fra:0 Mem:2080.13M (Peak 2080.13M) | Time:00:00.05 | Syncing QA:Arytenoid cartilage.l
Fra:0 Mem:2080.55M (Peak 2080.55M) | Time:00:00.05 | Syncing QA:Arytenoid cartilage.r
Fra:0 Mem:2080.98M (Peak 2080.98M) | Time:00:00.05 | Syncing QA:Ascending part of trapezius mu
Fra:0 Mem:2081.45M (Peak 2081.45M) | Time:00:00.05 | Syncing QA:Ascending part of trapezius mu
Fra:0 Mem:2081.91M (Peak 2081.91M) | Time:00:00.05 | Syncing QA:Atlas (C1)
Fra:0 Mem:2082.21M (Peak 2082.21M) | Time:00:00.05 | Syncing QA:Axis (C2)
Fra:0 Mem:2082.52M (Peak 2082.52M) | Time:00:00.05 | Syncing QA:Bicipitoradial bursa.l
Fra:0 Mem:2082.74M (Peak 2082.74M) | Time:00:00.05 | Syncing QA:Bicipitoradial bursa.r
Fra:0 Mem:2082.97M (Peak 2082.97M) | Time:00:00.05 | Syncing QA:Body of sternum
Fra:0 Mem:2083.42M (Peak 2083.42M) | Time:00:00.05 | Syncing QA:Brachial fascia.l
Fra:0 Mem:2083.79M (Peak 2083.79M) | Time:00:00.05 | Syncing QA:Brachial fascia.r
Fra:0 Mem:2084.16M (Peak 2084.16M) | Time:00:00.05 | Syncing QA:Brachialis muscle.l
Fra:0 Mem:2084.55M (Peak 2084.55M) | Time:00:00.05 | Syncing QA:Brachialis muscle.r
Fra:0 Mem:2084.94M (Peak 2084.94M) | Time:00:00.06 | Syncing QA:Brachioradialis muscle.l
Fra:0 Mem:2085.60M (Peak 2085.60M) | Time:00:00.06 | Syncing QA:Brachioradialis muscle.r
Fra:0 Mem:2086.25M (Peak 2086.25M) | Time:00:00.06 | Syncing QA:Bucinator.l
Fra:0 Mem:2086.46M (Peak 2086.46M) | Time:00:00.06 | Syncing QA:Bucinator.r
Fra:0 Mem:2086.67M (Peak 2086.67M) | Time:00:00.06 | Syncing QA:Bursa of piriformis muscle.l
Fra:0 Mem:2086.90M (Peak 2086.90M) | Time:00:00.06 | Syncing QA:Bursa of piriformis muscle.r
Fra:0 Mem:2087.12M (Peak 2087.12M) | Time:00:00.06 | Syncing QA:Calcaneal tendon.l
Fra:0 Mem:2087.57M (Peak 2087.57M) | Time:00:00.06 | Syncing QA:Calcaneal tendon.r
Fra:0 Mem:2088.02M (Peak 2088.02M) | Time:00:00.06 | Syncing QA:Calcaneus.l
Fra:0 Mem:2088.27M (Peak 2088.27M) | Time:00:00.06 | Syncing QA:Calcaneus.r
Fra:0 Mem:2088.52M (Peak 2088.52M) | Time:00:00.06 | Syncing QA:Capitate bone.l
Fra:0 Mem:2088.70M (Peak 2088.70M) | Time:00:00.06 | Syncing QA:Capitate bone.r
Fra:0 Mem:2088.88M (Peak 2088.88M) | Time:00:00.06 | Syncing QA:Clavicle.l
Fra:0 Mem:2089.14M (Peak 2089.14M) | Time:00:00.06 | Syncing QA:Clavicle.r
Fra:0 Mem:2089.40M (Peak 2089.40M) | Time:00:00.06 | Syncing QA:Clavicular head of pectoralis 
Fra:0 Mem:2089.61M (Peak 2089.61M) | Time:00:00.06 | Syncing QA:Clavicular head of pectoralis 
Fra:0 Mem:2089.82M (Peak 2089.82M) | Time:00:00.06 | Syncing QA:Clavicular part of deltoid mus
Fra:0 Mem:2090.17M (Peak 2090.17M) | Time:00:00.06 | Syncing QA:Clavicular part of deltoid mus
Fra:0 Mem:2090.52M (Peak 2090.52M) | Time:00:00.06 | Syncing QA:Clavipectoral fascia.l
Fra:0 Mem:2090.73M (Peak 2090.73M) | Time:00:00.06 | Syncing QA:Clavipectoral fascia.r
Fra:0 Mem:2090.95M (Peak 2090.95M) | Time:00:00.06 | Syncing QA:Coccygeus muscle.l
Fra:0 Mem:2091.17M (Peak 2091.17M) | Time:00:00.06 | Syncing QA:Coccygeus muscle.r
Fra:0 Mem:2091.39M (Peak 2091.39M) | Time:00:00.06 | Syncing QA:Coccyx
Fra:0 Mem:2091.61M (Peak 2091.61M) | Time:00:00.06 | Syncing QA:Common flexor tendon sheath.l
Fra:0 Mem:2091.81M (Peak 2091.81M) | Time:00:00.06 | Syncing QA:Common flexor tendon sheath.r
Fra:0 Mem:2092.65M (Peak 2092.65M) | Time:00:00.06 | Syncing QA:Common tendinous ring.l
Fra:0 Mem:2092.84M (Peak 2092.84M) | Time:00:00.06 | Syncing QA:Common tendinous ring.r
Fra:0 Mem:2093.03M (Peak 2093.03M) | Time:00:00.06 | Syncing QA:Common tendon sheath of fibula
Fra:0 Mem:2093.25M (Peak 2093.25M) | Time:00:00.06 | Syncing QA:Common tendon sheath of fibula
Fra:0 Mem:2093.48M (Peak 2093.48M) | Time:00:00.06 | Syncing QA:Coracobrachial bursa.l
Fra:0 Mem:2093.70M (Peak 2093.70M) | Time:00:00.06 | Syncing QA:Coracobrachial bursa.r
Fra:0 Mem:2093.93M (Peak 2093.93M) | Time:00:00.06 | Syncing QA:Coracobrachialis muscle.l
Fra:0 Mem:2094.16M (Peak 2094.16M) | Time:00:00.06 | Syncing QA:Coracobrachialis muscle.r
Fra:0 Mem:2094.39M (Peak 2094.39M) | Time:00:00.06 | Syncing QA:Corniculate cartilage.l
Fra:0 Mem:2094.55M (Peak 2094.55M) | Time:00:00.06 | Syncing QA:Corniculate cartilage.r
Fra:0 Mem:2094.72M (Peak 2094.72M) | Time:00:00.06 | Syncing QA:Corrugator supercilii.l
Fra:0 Mem:2094.89M (Peak 2094.89M) | Time:00:00.06 | Syncing QA:Corrugator supercilii.r
Fra:0 Mem:2095.06M (Peak 2095.06M) | Time:00:00.06 | Syncing QA:Costal cartilage of eighth rib
Fra:0 Mem:2095.34M (Peak 2095.34M) | Time:00:00.06 | Syncing QA:Costal cartilage of eighth rib
Fra:0 Mem:2095.62M (Peak 2095.62M) | Time:00:00.06 | Syncing QA:Costal cartilage of fifth rib.
Fra:0 Mem:2096.09M (Peak 2096.09M) | Time:00:00.06 | Syncing QA:Costal cartilage of fifth rib.
Fra:0 Mem:2096.56M (Peak 2096.56M) | Time:00:00.06 | Syncing QA:Costal cartilage of first rib.
Fra:0 Mem:2096.85M (Peak 2096.85M) | Time:00:00.06 | Syncing QA:Costal cartilage of first rib.
Fra:0 Mem:2097.14M (Peak 2097.14M) | Time:00:00.06 | Syncing QA:Costal cartilage of fourth rib
Fra:0 Mem:2097.51M (Peak 2097.51M) | Time:00:00.06 | Syncing QA:Costal cartilage of fourth rib
Fra:0 Mem:2097.88M (Peak 2097.88M) | Time:00:00.06 | Syncing QA:Costal cartilage of ninth rib.
Fra:0 Mem:2098.13M (Peak 2098.13M) | Time:00:00.06 | Syncing QA:Costal cartilage of ninth rib.
Fra:0 Mem:2098.38M (Peak 2098.38M) | Time:00:00.06 | Syncing QA:Costal cartilage of second rib
Fra:0 Mem:2098.70M (Peak 2098.70M) | Time:00:00.06 | Syncing QA:Costal cartilage of second rib
Fra:0 Mem:2099.02M (Peak 2099.02M) | Time:00:00.06 | Syncing QA:Costal cartilage of seventh ri
Fra:0 Mem:2099.85M (Peak 2099.85M) | Time:00:00.06 | Syncing QA:Costal cartilage of seventh ri
Fra:0 Mem:2100.69M (Peak 2100.69M) | Time:00:00.06 | Syncing QA:Costal cartilage of sixth rib.
Fra:0 Mem:2101.24M (Peak 2101.24M) | Time:00:00.06 | Syncing QA:Costal cartilage of sixth rib.
Fra:0 Mem:2101.79M (Peak 2101.79M) | Time:00:00.06 | Syncing QA:Costal cartilage of tenth rib.
Fra:0 Mem:2102.02M (Peak 2102.02M) | Time:00:00.06 | Syncing QA:Costal cartilage of tenth rib.
Fra:0 Mem:2102.24M (Peak 2102.24M) | Time:00:00.06 | Syncing QA:Costal cartilage of third rib.
Fra:0 Mem:2102.57M (Peak 2102.57M) | Time:00:00.06 | Syncing QA:Costal cartilage of third rib.
Fra:0 Mem:2102.90M (Peak 2102.90M) | Time:00:00.06 | Syncing QA:Cricoid cartilage
Fra:0 Mem:2103.24M (Peak 2103.24M) | Time:00:00.06 | Syncing QA:Cruciform part of fibrous shea
Fra:0 Mem:2103.63M (Peak 2103.63M) | Time:00:00.06 | Syncing QA:Cruciform part of fibrous shea
Fra:0 Mem:2104.01M (Peak 2104.01M) | Time:00:00.06 | Syncing QA:Crural fascia.l
Fra:0 Mem:2104.96M (Peak 2105.08M) | Time:00:00.06 | Syncing QA:Crural fascia.r
Fra:0 Mem:2105.90M (Peak 2106.02M) | Time:00:00.06 | Syncing QA:Cuboid bone.l
Fra:0 Mem:2106.12M (Peak 2106.12M) | Time:00:00.06 | Syncing QA:Cuboid bone.r
Fra:0 Mem:2106.34M (Peak 2106.34M) | Time:00:00.06 | Syncing QA:Deep head of flexor pollicis b
Fra:0 Mem:2106.54M (Peak 2106.54M) | Time:00:00.06 | Syncing QA:Deep head of flexor pollicis b
Fra:0 Mem:2106.74M (Peak 2106.74M) | Time:00:00.06 | Syncing QA:Deep head of pronator teres.l
Fra:0 Mem:2106.97M (Peak 2106.97M) | Time:00:00.06 | Syncing QA:Deep head of pronator teres.r
Fra:0 Mem:2107.20M (Peak 2107.20M) | Time:00:00.06 | Syncing QA:Deep infrapatellar bursa.l
Fra:0 Mem:2107.40M (Peak 2107.40M) | Time:00:00.06 | Syncing QA:Deep infrapatellar bursa.r
Fra:0 Mem:2107.60M (Peak 2107.60M) | Time:00:00.06 | Syncing QA:Deep part of masseter.l
Fra:0 Mem:2107.81M (Peak 2107.81M) | Time:00:00.06 | Syncing QA:Deep part of masseter.r
Fra:0 Mem:2108.03M (Peak 2108.03M) | Time:00:00.06 | Syncing QA:Deltoid fascia.l
Fra:0 Mem:2108.44M (Peak 2108.44M) | Time:00:00.06 | Syncing QA:Deltoid fascia.r
Fra:0 Mem:2108.86M (Peak 2108.86M) | Time:00:00.06 | Syncing QA:Depressor anguli oris.l
Fra:0 Mem:2109.05M (Peak 2109.05M) | Time:00:00.06 | Syncing QA:Depressor anguli oris.r
Fra:0 Mem:2109.24M (Peak 2109.24M) | Time:00:00.06 | Syncing QA:Depressor labii inferioris.l
Fra:0 Mem:2109.45M (Peak 2109.45M) | Time:00:00.06 | Syncing QA:Depressor labii inferioris.r
Fra:0 Mem:2109.66M (Peak 2109.66M) | Time:00:00.06 | Syncing QA:Depressor septi nasi.l
Fra:0 Mem:2109.82M (Peak 2109.82M) | Time:00:00.06 | Syncing QA:Depressor septi nasi.r
Fra:0 Mem:2109.99M (Peak 2109.99M) | Time:00:00.06 | Syncing QA:Descending part of trapezius m
Fra:0 Mem:2110.61M (Peak 2110.61M) | Time:00:00.06 | Syncing QA:Descending part of trapezius m
Fra:0 Mem:2111.22M (Peak 2111.22M) | Time:00:00.06 | Syncing QA:Diaphragm
Fra:0 Mem:2113.30M (Peak 2113.30M) | Time:00:00.06 | Syncing QA:Diaphragmatic fascia
Fra:0 Mem:2113.80M (Peak 2113.80M) | Time:00:00.06 | Syncing QA:Distal phalanx of fifth finger
Fra:0 Mem:2113.96M (Peak 2113.96M) | Time:00:00.06 | Syncing QA:Distal phalanx of fifth finger
Fra:0 Mem:2114.13M (Peak 2114.13M) | Time:00:00.06 | Syncing QA:Distal phalanx of fifth finger
Fra:0 Mem:2114.29M (Peak 2114.29M) | Time:00:00.06 | Syncing QA:Distal phalanx of fifth finger
Fra:0 Mem:2114.46M (Peak 2114.46M) | Time:00:00.06 | Syncing QA:Distal phalanx of first finger
Fra:0 Mem:2114.64M (Peak 2114.64M) | Time:00:00.06 | Syncing QA:Distal phalanx of first finger
Fra:0 Mem:2114.82M (Peak 2114.82M) | Time:00:00.06 | Syncing QA:Distal phalanx of first finger
Fra:0 Mem:2114.99M (Peak 2114.99M) | Time:00:00.06 | Syncing QA:Distal phalanx of first finger
Fra:0 Mem:2115.15M (Peak 2115.15M) | Time:00:00.06 | Syncing QA:Distal phalanx of fourth finge
Fra:0 Mem:2115.32M (Peak 2115.32M) | Time:00:00.06 | Syncing QA:Distal phalanx of fourth finge
Fra:0 Mem:2115.49M (Peak 2115.49M) | Time:00:00.06 | Syncing QA:Distal phalanx of fourth finge
Fra:0 Mem:2115.65M (Peak 2115.65M) | Time:00:00.06 | Syncing QA:Distal phalanx of fourth finge
Fra:0 Mem:2115.81M (Peak 2115.81M) | Time:00:00.06 | Syncing QA:Distal phalanx of second finge
Fra:0 Mem:2115.98M (Peak 2115.98M) | Time:00:00.06 | Syncing QA:Distal phalanx of second finge
Fra:0 Mem:2116.15M (Peak 2116.15M) | Time:00:00.06 | Syncing QA:Distal phalanx of second finge
Fra:0 Mem:2116.31M (Peak 2116.31M) | Time:00:00.06 | Syncing QA:Distal phalanx of second finge
Fra:0 Mem:2116.48M (Peak 2116.48M) | Time:00:00.06 | Syncing QA:Distal phalanx of third finger
Fra:0 Mem:2116.65M (Peak 2116.65M) | Time:00:00.06 | Syncing QA:Distal phalanx of third finger
Fra:0 Mem:2116.83M (Peak 2116.83M) | Time:00:00.06 | Syncing QA:Distal phalanx of third finger
Fra:0 Mem:2116.99M (Peak 2116.99M) | Time:00:00.06 | Syncing QA:Distal phalanx of third finger
Fra:0 Mem:2117.15M (Peak 2117.15M) | Time:00:00.06 | Syncing QA:Dorsal fascia of hand.l
Fra:0 Mem:2117.41M (Peak 2117.41M) | Time:00:00.06 | Syncing QA:Dorsal fascia of hand.r
Fra:0 Mem:2117.67M (Peak 2117.67M) | Time:00:00.06 | Syncing QA:Dorsal interossei muscles of f
Fra:0 Mem:2117.95M (Peak 2117.95M) | Time:00:00.06 | Syncing QA:Dorsal interossei muscles of f
Fra:0 Mem:2118.23M (Peak 2118.23M) | Time:00:00.06 | Syncing QA:Dorsal interossei muscles of h
Fra:0 Mem:2118.48M (Peak 2118.48M) | Time:00:00.06 | Syncing QA:Dorsal interossei muscles of h
Fra:0 Mem:2118.72M (Peak 2118.72M) | Time:00:00.06 | Syncing QA:Dorsal parts of lateral intert
Fra:0 Mem:2118.92M (Peak 2118.92M) | Time:00:00.06 | Syncing QA:Dorsal parts of lateral intert
Fra:0 Mem:2119.12M (Peak 2119.12M) | Time:00:00.06 | Syncing QA:Eighth rib.l
Fra:0 Mem:2119.84M (Peak 2119.84M) | Time:00:00.06 | Syncing QA:Eighth rib.r
Fra:0 Mem:2120.56M (Peak 2120.56M) | Time:00:00.06 | Syncing QA:Eleventh rib.l
Fra:0 Mem:2121.06M (Peak 2121.06M) | Time:00:00.06 | Syncing QA:Eleventh rib.r
Fra:0 Mem:2121.55M (Peak 2121.55M) | Time:00:00.06 | Syncing QA:Epicranial aponeurosis.l
Fra:0 Mem:2123.08M (Peak 2123.08M) | Time:00:00.06 | Syncing QA:Epicranial aponeurosis.r
Fra:0 Mem:2124.62M (Peak 2124.62M) | Time:00:00.06 | Syncing QA:Ethmoid bone
Fra:0 Mem:2125.33M (Peak 2125.33M) | Time:00:00.06 | Syncing QA:Extensor carpi radialis brevis
Fra:0 Mem:2125.70M (Peak 2125.70M) | Time:00:00.06 | Syncing QA:Extensor carpi radialis brevis
Fra:0 Mem:2126.06M (Peak 2126.06M) | Time:00:00.07 | Syncing QA:Extensor carpi radialis longus
Fra:0 Mem:2126.47M (Peak 2126.47M) | Time:00:00.07 | Syncing QA:Extensor carpi radialis longus
Fra:0 Mem:2126.87M (Peak 2126.87M) | Time:00:00.07 | Syncing QA:Extensor digiti minimi.l
Fra:0 Mem:2127.17M (Peak 2127.17M) | Time:00:00.07 | Syncing QA:Extensor digiti minimi.r
Fra:0 Mem:2127.47M (Peak 2127.47M) | Time:00:00.07 | Syncing QA:Extensor digitorum brevis.l
Fra:0 Mem:2127.84M (Peak 2127.84M) | Time:00:00.07 | Syncing QA:Extensor digitorum brevis.r
Fra:0 Mem:2128.21M (Peak 2128.21M) | Time:00:00.07 | Syncing QA:Extensor digitorum longus.l
Fra:0 Mem:2128.58M (Peak 2128.58M) | Time:00:00.07 | Syncing QA:Extensor digitorum longus.r
Fra:0 Mem:2128.95M (Peak 2128.95M) | Time:00:00.07 | Syncing QA:Extensor digitorum.l
Fra:0 Mem:2129.54M (Peak 2129.54M) | Time:00:00.07 | Syncing QA:Extensor digitorum.r
Fra:0 Mem:2130.13M (Peak 2130.13M) | Time:00:00.07 | Syncing QA:Extensor hallucis brevis.l
Fra:0 Mem:2130.35M (Peak 2130.35M) | Time:00:00.07 | Syncing QA:Extensor hallucis brevis.r
Fra:0 Mem:2130.58M (Peak 2130.58M) | Time:00:00.07 | Syncing QA:Extensor hallucis longus.l
Fra:0 Mem:2130.89M (Peak 2130.89M) | Time:00:00.07 | Syncing QA:Extensor hallucis longus.r
Fra:0 Mem:2131.21M (Peak 2131.21M) | Time:00:00.07 | Syncing QA:Extensor indicis.l
Fra:0 Mem:2131.44M (Peak 2131.44M) | Time:00:00.07 | Syncing QA:Extensor indicis.r
Fra:0 Mem:2131.67M (Peak 2131.67M) | Time:00:00.07 | Syncing QA:Extensor pollicis brevis.l
Fra:0 Mem:2131.90M (Peak 2131.90M) | Time:00:00.07 | Syncing QA:Extensor pollicis brevis.r
Fra:0 Mem:2132.13M (Peak 2132.13M) | Time:00:00.07 | Syncing QA:Extensor pollicis longus.l
Fra:0 Mem:2132.39M (Peak 2132.39M) | Time:00:00.07 | Syncing QA:Extensor pollicis longus.r
Fra:0 Mem:2132.65M (Peak 2132.65M) | Time:00:00.07 | Syncing QA:Extensor retinaculum of wrist.
Fra:0 Mem:2132.83M (Peak 2132.83M) | Time:00:00.07 | Syncing QA:Extensor retinaculum of wrist.
Fra:0 Mem:2133.00M (Peak 2133.00M) | Time:00:00.07 | Syncing QA:External abdominal oblique mus
Fra:0 Mem:2135.19M (Peak 2135.19M) | Time:00:00.07 | Syncing QA:External abdominal oblique mus
Fra:0 Mem:2137.37M (Peak 2137.37M) | Time:00:00.07 | Syncing QA:External anal sphincter.l
Fra:0 Mem:2137.54M (Peak 2137.54M) | Time:00:00.07 | Syncing QA:External anal sphincter.r
Fra:0 Mem:2137.70M (Peak 2137.70M) | Time:00:00.07 | Syncing QA:External intercostal muscles.l
Fra:0 Mem:2140.69M (Peak 2140.85M) | Time:00:00.07 | Syncing QA:External intercostal muscles.r
Fra:0 Mem:2143.69M (Peak 2143.84M) | Time:00:00.07 | Syncing QA:External part of thyro-aryteno
Fra:0 Mem:2144.07M (Peak 2144.07M) | Time:00:00.07 | Syncing QA:External part of thyro-aryteno
Fra:0 Mem:2144.45M (Peak 2144.45M) | Time:00:00.07 | Syncing QA:Fascia lata.l
Fra:0 Mem:2145.54M (Peak 2145.69M) | Time:00:00.07 | Syncing QA:Fascia lata.r
Fra:0 Mem:2146.63M (Peak 2146.78M) | Time:00:00.07 | Syncing QA:Femur.l
Fra:0 Mem:2147.04M (Peak 2147.04M) | Time:00:00.07 | Syncing QA:Femur.r
Fra:0 Mem:2147.45M (Peak 2147.45M) | Time:00:00.07 | Syncing QA:Fibula.l
Fra:0 Mem:2147.69M (Peak 2147.69M) | Time:00:00.07 | Syncing QA:Fibula.r
Fra:0 Mem:2147.93M (Peak 2147.93M) | Time:00:00.07 | Syncing QA:Fibularis brevis muscle.l
Fra:0 Mem:2148.31M (Peak 2148.31M) | Time:00:00.07 | Syncing QA:Fibularis brevis muscle.r
Fra:0 Mem:2148.70M (Peak 2148.70M) | Time:00:00.07 | Syncing QA:Fibularis longus muscle.l
Fra:0 Mem:2149.23M (Peak 2149.23M) | Time:00:00.07 | Syncing QA:Fibularis longus muscle.r
Fra:0 Mem:2149.76M (Peak 2149.76M) | Time:00:00.07 | Syncing QA:Fibularis tertius muscle.l
Fra:0 Mem:2149.95M (Peak 2149.95M) | Time:00:00.07 | Syncing QA:Fibularis tertius muscle.r
Fra:0 Mem:2150.14M (Peak 2150.14M) | Time:00:00.07 | Syncing QA:Fifth metacarpal bone.l
Fra:0 Mem:2150.33M (Peak 2150.33M) | Time:00:00.07 | Syncing QA:Fifth metacarpal bone.r
Fra:0 Mem:2150.51M (Peak 2150.51M) | Time:00:00.07 | Syncing QA:Fifth metatarsal bone.l
Fra:0 Mem:2150.72M (Peak 2150.72M) | Time:00:00.07 | Syncing QA:Fifth metatarsal bone.r
Fra:0 Mem:2150.94M (Peak 2150.94M) | Time:00:00.07 | Syncing QA:Fifth rib.l
Fra:0 Mem:2151.73M (Peak 2151.73M) | Time:00:00.07 | Syncing QA:Fifth rib.r
Fra:0 Mem:2152.52M (Peak 2152.52M) | Time:00:00.07 | Syncing QA:First metacarpal bone.l
Fra:0 Mem:2152.72M (Peak 2152.72M) | Time:00:00.07 | Syncing QA:First metacarpal bone.r
Fra:0 Mem:2152.92M (Peak 2152.92M) | Time:00:00.07 | Syncing QA:First metatarsal bone.l
Fra:0 Mem:2153.14M (Peak 2153.14M) | Time:00:00.07 | Syncing QA:First metatarsal bone.r
Fra:0 Mem:2153.37M (Peak 2153.37M) | Time:00:00.07 | Syncing QA:First rib.l
Fra:0 Mem:2153.74M (Peak 2153.74M) | Time:00:00.07 | Syncing QA:First rib.r
Fra:0 Mem:2154.11M (Peak 2154.11M) | Time:00:00.07 | Syncing QA:Flexor carpi radialis.l
Fra:0 Mem:2154.38M (Peak 2154.38M) | Time:00:00.07 | Syncing QA:Flexor carpi radialis.r
Fra:0 Mem:2154.64M (Peak 2154.64M) | Time:00:00.07 | Syncing QA:Flexor digiti minimi of foot.l
Fra:0 Mem:2154.82M (Peak 2154.82M) | Time:00:00.07 | Syncing QA:Flexor digiti minimi of foot.r
Fra:0 Mem:2155.01M (Peak 2155.01M) | Time:00:00.07 | Syncing QA:Flexor digiti minimi of hand.l
Fra:0 Mem:2155.18M (Peak 2155.18M) | Time:00:00.07 | Syncing QA:Flexor digiti minimi of hand.r
Fra:0 Mem:2155.35M (Peak 2155.35M) | Time:00:00.07 | Syncing QA:Flexor digitorum brevis.l
Fra:0 Mem:2155.72M (Peak 2155.72M) | Time:00:00.07 | Syncing QA:Flexor digitorum brevis.r
Fra:0 Mem:2156.09M (Peak 2156.09M) | Time:00:00.07 | Syncing QA:Flexor digitorum longus.l
Fra:0 Mem:2156.71M (Peak 2156.71M) | Time:00:00.07 | Syncing QA:Flexor digitorum longus.r
Fra:0 Mem:2157.33M (Peak 2157.33M) | Time:00:00.07 | Syncing QA:Flexor digitorum profundus.l
Fra:0 Mem:2157.97M (Peak 2157.97M) | Time:00:00.07 | Syncing QA:Flexor digitorum profundus.r
Fra:0 Mem:2158.61M (Peak 2158.61M) | Time:00:00.07 | Syncing QA:Flexor hallucis longus.l
Fra:0 Mem:2159.17M (Peak 2159.17M) | Time:00:00.07 | Syncing QA:Flexor hallucis longus.r
Fra:0 Mem:2159.72M (Peak 2159.72M) | Time:00:00.07 | Syncing QA:Flexor pollicis longus.l
Fra:0 Mem:2159.98M (Peak 2159.98M) | Time:00:00.07 | Syncing QA:Flexor pollicis longus.r
Fra:0 Mem:2160.25M (Peak 2160.25M) | Time:00:00.07 | Syncing QA:Flexor retinaculum of ankle.l
Fra:0 Mem:2160.45M (Peak 2160.45M) | Time:00:00.07 | Syncing QA:Flexor retinaculum of ankle.r
Fra:0 Mem:2160.65M (Peak 2160.65M) | Time:00:00.07 | Syncing QA:Flexor retinaculum of wrist.l
Fra:0 Mem:2160.84M (Peak 2160.84M) | Time:00:00.07 | Syncing QA:Flexor retinaculum of wrist.r
Fra:0 Mem:2161.03M (Peak 2161.03M) | Time:00:00.07 | Syncing QA:Fourth metacarpal bone.l
Fra:0 Mem:2161.23M (Peak 2161.23M) | Time:00:00.07 | Syncing QA:Fourth metacarpal bone.r
Fra:0 Mem:2161.42M (Peak 2161.42M) | Time:00:00.07 | Syncing QA:Fourth metatarsal bone.l
Fra:0 Mem:2161.62M (Peak 2161.62M) | Time:00:00.07 | Syncing QA:Fourth metatarsal bone.r
Fra:0 Mem:2161.83M (Peak 2161.83M) | Time:00:00.07 | Syncing QA:Fourth rib.l
Fra:0 Mem:2162.57M (Peak 2162.57M) | Time:00:00.07 | Syncing QA:Fourth rib.r
Fra:0 Mem:2163.32M (Peak 2163.32M) | Time:00:00.07 | Syncing QA:Frontal bone
Fra:0 Mem:2164.01M (Peak 2164.01M) | Time:00:00.07 | Syncing QA:Frontalis muscle.l
Fra:0 Mem:2164.56M (Peak 2164.56M) | Time:00:00.07 | Syncing QA:Frontalis muscle.r
Fra:0 Mem:2165.11M (Peak 2165.11M) | Time:00:00.07 | Syncing QA:Genioglossus muscle.l
Fra:0 Mem:2165.65M (Peak 2165.65M) | Time:00:00.07 | Syncing QA:Genioglossus muscle.r
Fra:0 Mem:2166.19M (Peak 2166.19M) | Time:00:00.07 | Syncing QA:Geniohyoid muscle.l
Fra:0 Mem:2166.37M (Peak 2166.37M) | Time:00:00.07 | Syncing QA:Geniohyoid muscle.r
Fra:0 Mem:2166.56M (Peak 2166.56M) | Time:00:00.07 | Syncing QA:Gluteus maximus muscle.l
Fra:0 Mem:2166.94M (Peak 2166.94M) | Time:00:00.07 | Syncing QA:Gluteus maximus muscle.r
Fra:0 Mem:2167.32M (Peak 2167.32M) | Time:00:00.07 | Syncing QA:Gluteus medius muscle.l
Fra:0 Mem:2167.82M (Peak 2167.82M) | Time:00:00.07 | Syncing QA:Gluteus medius muscle.r
Fra:0 Mem:2168.33M (Peak 2168.33M) | Time:00:00.07 | Syncing QA:Gluteus minimus muscle.l
Fra:0 Mem:2168.91M (Peak 2168.91M) | Time:00:00.08 | Syncing QA:Gluteus minimus muscle.r
Fra:0 Mem:2169.49M (Peak 2169.49M) | Time:00:00.08 | Syncing QA:Gracilis muscle.l
Fra:0 Mem:2169.97M (Peak 2169.97M) | Time:00:00.08 | Syncing QA:Gracilis muscle.r
Fra:0 Mem:2170.45M (Peak 2170.45M) | Time:00:00.08 | Syncing QA:Hamate bone.l
Fra:0 Mem:2170.64M (Peak 2170.64M) | Time:00:00.08 | Syncing QA:Hamate bone.r
Fra:0 Mem:2170.83M (Peak 2170.83M) | Time:00:00.08 | Syncing QA:Hip bone.l
Fra:0 Mem:2171.23M (Peak 2171.23M) | Time:00:00.08 | Syncing QA:Hip bone.r
Fra:0 Mem:2171.63M (Peak 2171.63M) | Time:00:00.08 | Syncing QA:Humeral head of extensor carpi
Fra:0 Mem:2171.87M (Peak 2171.87M) | Time:00:00.08 | Syncing QA:Humeral head of extensor carpi
Fra:0 Mem:2172.11M (Peak 2172.11M) | Time:00:00.08 | Syncing QA:Humeral head of flexor carpi u
Fra:0 Mem:2172.53M (Peak 2172.53M) | Time:00:00.08 | Syncing QA:Humeral head of flexor carpi u
Fra:0 Mem:2172.94M (Peak 2172.94M) | Time:00:00.08 | Syncing QA:Humero-ulnar head of flexor di
Fra:0 Mem:2173.97M (Peak 2174.02M) | Time:00:00.08 | Syncing QA:Humero-ulnar head of flexor di
Fra:0 Mem:2175.00M (Peak 2175.05M) | Time:00:00.08 | Syncing QA:Humerus.l
Fra:0 Mem:2175.45M (Peak 2175.45M) | Time:00:00.08 | Syncing QA:Humerus.r
Fra:0 Mem:2175.89M (Peak 2175.89M) | Time:00:00.08 | Syncing QA:Hyoglossus muscle.l
Fra:0 Mem:2176.19M (Peak 2176.19M) | Time:00:00.08 | Syncing QA:Hyoglossus muscle.r
Fra:0 Mem:2176.49M (Peak 2176.49M) | Time:00:00.08 | Syncing QA:Hyoid bone
Fra:0 Mem:2176.73M (Peak 2176.73M) | Time:00:00.08 | Syncing QA:Iliacus muscle.l
Fra:0 Mem:2177.18M (Peak 2177.18M) | Time:00:00.08 | Syncing QA:Iliacus muscle.r
Fra:0 Mem:2177.63M (Peak 2177.63M) | Time:00:00.08 | Syncing QA:Iliococcygeus muscle.l
Fra:0 Mem:2177.91M (Peak 2177.91M) | Time:00:00.08 | Syncing QA:Iliococcygeus muscle.r
Fra:0 Mem:2178.20M (Peak 2178.20M) | Time:00:00.08 | Syncing QA:Iliocostalis colli muscle
Fra:0 Mem:2178.49M (Peak 2178.49M) | Time:00:00.08 | Syncing QA:Iliocostalis colli muscle.r
Fra:0 Mem:2178.78M (Peak 2178.78M) | Time:00:00.08 | Syncing QA:Iliocostalis lumborum muscle.l
Fra:0 Mem:2179.62M (Peak 2179.62M) | Time:00:00.08 | Syncing QA:Iliocostalis lumborum muscle.r
Fra:0 Mem:2180.46M (Peak 2180.46M) | Time:00:00.08 | Syncing QA:Iliocostalis thoracis muscle.l
Fra:0 Mem:2181.01M (Peak 2181.01M) | Time:00:00.08 | Syncing QA:Iliocostalis thoracis muscle.r
Fra:0 Mem:2181.55M (Peak 2181.55M) | Time:00:00.08 | Syncing QA:Iliopectineal arch.l
Fra:0 Mem:2181.71M (Peak 2181.71M) | Time:00:00.08 | Syncing QA:Iliopectineal arch.r
Fra:0 Mem:2181.88M (Peak 2181.88M) | Time:00:00.08 | Syncing QA:Iliopsoas fascia.l
Fra:0 Mem:2182.15M (Peak 2182.15M) | Time:00:00.08 | Syncing QA:Iliopsoas fascia.r
Fra:0 Mem:2182.41M (Peak 2182.41M) | Time:00:00.08 | Syncing QA:Iliotibial tract.l
Fra:0 Mem:2185.90M (Peak 2186.08M) | Time:00:00.08 | Syncing QA:Iliotibial tract.r
Fra:0 Mem:2189.39M (Peak 2189.57M) | Time:00:00.08 | Syncing QA:Incus.l
Fra:0 Mem:2189.73M (Peak 2189.73M) | Time:00:00.08 | Syncing QA:Incus.r
Fra:0 Mem:2190.06M (Peak 2190.06M) | Time:00:00.08 | Syncing QA:Inferior extensor retinaculum 
Fra:0 Mem:2190.23M (Peak 2190.23M) | Time:00:00.08 | Syncing QA:Inferior extensor retinaculum 
Fra:0 Mem:2190.41M (Peak 2190.41M) | Time:00:00.08 | Syncing QA:Inferior fibular retinaculum.l
Fra:0 Mem:2190.56M (Peak 2190.56M) | Time:00:00.08 | Syncing QA:Inferior fibular retinaculum.r
Fra:0 Mem:2190.72M (Peak 2190.72M) | Time:00:00.08 | Syncing QA:Inferior gemellus muscle.l
Fra:0 Mem:2190.93M (Peak 2190.93M) | Time:00:00.08 | Syncing QA:Inferior gemellus muscle.r
Fra:0 Mem:2191.15M (Peak 2191.15M) | Time:00:00.08 | Syncing QA:Inferior head of lateral ptery
Fra:0 Mem:2191.33M (Peak 2191.33M) | Time:00:00.08 | Syncing QA:Inferior head of lateral ptery
Fra:0 Mem:2191.50M (Peak 2191.50M) | Time:00:00.08 | Syncing QA:Inferior nasal concha bone.l
Fra:0 Mem:2191.68M (Peak 2191.68M) | Time:00:00.08 | Syncing QA:Inferior nasal concha bone.r
Fra:0 Mem:2191.86M (Peak 2191.86M) | Time:00:00.08 | Syncing QA:Inferior oblique muscle.l
Fra:0 Mem:2192.13M (Peak 2192.13M) | Time:00:00.08 | Syncing QA:Inferior oblique muscle.r
Fra:0 Mem:2192.40M (Peak 2192.40M) | Time:00:00.08 | Syncing QA:Inferior pharyngeal constricto
Fra:0 Mem:2192.93M (Peak 2192.93M) | Time:00:00.08 | Syncing QA:Inferior pharyngeal constricto
Fra:0 Mem:2193.46M (Peak 2193.46M) | Time:00:00.08 | Syncing QA:Inferior rectus muscle.l
Fra:0 Mem:2193.79M (Peak 2193.79M) | Time:00:00.08 | Syncing QA:Inferior rectus muscle.r
Fra:0 Mem:2194.12M (Peak 2194.12M) | Time:00:00.08 | Syncing QA:Inferior subtendinous bursa of
Fra:0 Mem:2194.32M (Peak 2194.32M) | Time:00:00.08 | Syncing QA:Inferior subtendinous bursa of
Fra:0 Mem:2194.52M (Peak 2194.52M) | Time:00:00.08 | Syncing QA:Inferior tarsus.l
Fra:0 Mem:2194.68M (Peak 2194.68M) | Time:00:00.08 | Syncing QA:Inferior tarsus.r
Fra:0 Mem:2194.85M (Peak 2194.85M) | Time:00:00.08 | Syncing QA:Infraspinatus muscle.l
Fra:0 Mem:2195.21M (Peak 2195.21M) | Time:00:00.08 | Syncing QA:Infraspinatus muscle.r
Fra:0 Mem:2195.58M (Peak 2195.58M) | Time:00:00.08 | Syncing QA:Inguinal ligament.l
Fra:0 Mem:2195.81M (Peak 2195.81M) | Time:00:00.08 | Syncing QA:Inguinal ligament.r
Fra:0 Mem:2196.03M (Peak 2196.03M) | Time:00:00.08 | Syncing QA:Innermost intercostal muscles.
Fra:0 Mem:2198.81M (Peak 2198.95M) | Time:00:00.08 | Syncing QA:Innermost intercostal muscles.
Fra:0 Mem:2201.58M (Peak 2201.72M) | Time:00:00.08 | Syncing QA:Intermediate cuneiform bone.l
Fra:0 Mem:2201.76M (Peak 2201.76M) | Time:00:00.08 | Syncing QA:Intermediate cuneiform bone.r
Fra:0 Mem:2201.94M (Peak 2201.94M) | Time:00:00.08 | Syncing QA:Intermediate tendon of digastr
Fra:0 Mem:2202.11M (Peak 2202.11M) | Time:00:00.08 | Syncing QA:Intermediate tendon of digastr
Fra:0 Mem:2202.28M (Peak 2202.28M) | Time:00:00.08 | Syncing QA:Intermuscular gluteal bursae.l
Fra:0 Mem:2202.49M (Peak 2202.49M) | Time:00:00.08 | Syncing QA:Intermuscular gluteal bursae.r
Fra:0 Mem:2202.89M (Peak 2202.89M) | Time:00:00.08 | Syncing QA:Internal abdominal oblique mus
Fra:0 Mem:2205.02M (Peak 2205.02M) | Time:00:00.08 | Syncing QA:Internal abdominal oblique mus
Fra:0 Mem:2207.15M (Peak 2207.15M) | Time:00:00.08 | Syncing QA:Internal intercostal muscles.l
Fra:0 Mem:2210.06M (Peak 2210.21M) | Time:00:00.09 | Syncing QA:Internal intercostal muscles.r
Fra:0 Mem:2212.97M (Peak 2213.12M) | Time:00:00.09 | Syncing QA:Interspinales colli muscles.l
Fra:0 Mem:2213.15M (Peak 2213.15M) | Time:00:00.09 | Syncing QA:Interspinales colli muscles.r
Fra:0 Mem:2213.33M (Peak 2213.33M) | Time:00:00.09 | Syncing QA:Interspinales lumborum muscles
Fra:0 Mem:2213.52M (Peak 2213.52M) | Time:00:00.09 | Syncing QA:Interspinales lumborum muscles
Fra:0 Mem:2213.71M (Peak 2213.71M) | Time:00:00.09 | Syncing QA:Interspinales thoracis muscles
Fra:0 Mem:2213.88M (Peak 2213.88M) | Time:00:00.09 | Syncing QA:Interspinales thoracis muscles
Fra:0 Mem:2214.04M (Peak 2214.04M) | Time:00:00.09 | Syncing QA:Intertubercular tendon sheath.
Fra:0 Mem:2214.23M (Peak 2214.23M) | Time:00:00.09 | Syncing QA:Intertubercular tendon sheath.
Fra:0 Mem:2214.42M (Peak 2214.42M) | Time:00:00.09 | Syncing QA:Investing abdominal fascia.l
Fra:0 Mem:2215.38M (Peak 2215.51M) | Time:00:00.09 | Syncing QA:Investing abdominal fascia.r
Fra:0 Mem:2216.34M (Peak 2216.47M) | Time:00:00.09 | Syncing QA:Lacrimal bone.l
Fra:0 Mem:2216.53M (Peak 2216.53M) | Time:00:00.09 | Syncing QA:Lacrimal bone.r
Fra:0 Mem:2216.72M (Peak 2216.72M) | Time:00:00.09 | Syncing QA:Lateral crico-arytenoid muscle
Fra:0 Mem:2217.04M (Peak 2217.04M) | Time:00:00.09 | Syncing QA:Lateral crico-arytenoid muscle
Fra:0 Mem:2217.36M (Peak 2217.36M) | Time:00:00.09 | Syncing QA:Lateral cuneiform bone.l
Fra:0 Mem:2217.59M (Peak 2217.59M) | Time:00:00.09 | Syncing QA:Lateral cuneiform bone.r
Fra:0 Mem:2217.78M (Peak 2217.78M) | Time:00:00.09 | Syncing QA:Lateral femoral intermuscular 
Fra:0 Mem:2217.97M (Peak 2217.97M) | Time:00:00.09 | Syncing QA:Lateral femoral intermuscular 
Fra:0 Mem:2218.17M (Peak 2218.17M) | Time:00:00.09 | Syncing QA:Lateral head of flexor halluci
Fra:0 Mem:2218.38M (Peak 2218.38M) | Time:00:00.09 | Syncing QA:Lateral head of flexor halluci
Fra:0 Mem:2218.60M (Peak 2218.60M) | Time:00:00.09 | Syncing QA:Lateral head of gastrocnemius.
Fra:0 Mem:2219.09M (Peak 2219.09M) | Time:00:00.09 | Syncing QA:Lateral head of gastrocnemius.
Fra:0 Mem:2219.58M (Peak 2219.58M) | Time:00:00.09 | Syncing QA:Lateral head of triceps brachi
Fra:0 Mem:2219.97M (Peak 2219.97M) | Time:00:00.09 | Syncing QA:Lateral head of triceps brachi
Fra:0 Mem:2220.37M (Peak 2220.37M) | Time:00:00.09 | Syncing QA:Lateral intermuscular septum o
Fra:0 Mem:2220.54M (Peak 2220.54M) | Time:00:00.09 | Syncing QA:Lateral intermuscular septum o
Fra:0 Mem:2220.70M (Peak 2220.70M) | Time:00:00.09 | Syncing QA:Lateral patellar retinaculum.l
Fra:0 Mem:2220.86M (Peak 2220.86M) | Time:00:00.09 | Syncing QA:Lateral patellar retinaculum.r
Fra:0 Mem:2221.01M (Peak 2221.01M) | Time:00:00.09 | Syncing QA:Lateral process of nasal septa
Fra:0 Mem:2221.19M (Peak 2221.19M) | Time:00:00.09 | Syncing QA:Lateral process of nasal septa
Fra:0 Mem:2221.36M (Peak 2221.36M) | Time:00:00.09 | Syncing QA:Lateral rectus muscle.l
Fra:0 Mem:2221.68M (Peak 2221.68M) | Time:00:00.09 | Syncing QA:Lateral rectus muscle.r
Fra:0 Mem:2221.99M (Peak 2221.99M) | Time:00:00.09 | Syncing QA:Lateral subtendinous bursa of 
Fra:0 Mem:2222.19M (Peak 2222.19M) | Time:00:00.09 | Syncing QA:Lateral subtendinous bursa of 
Fra:0 Mem:2222.39M (Peak 2222.39M) | Time:00:00.09 | Syncing QA:Latissimus dorsi muscle.l
Fra:0 Mem:2224.03M (Peak 2224.03M) | Time:00:00.09 | Syncing QA:Latissimus dorsi muscle.r
Fra:0 Mem:2225.66M (Peak 2225.66M) | Time:00:00.09 | Syncing QA:Levator anguli oris.l
Fra:0 Mem:2225.83M (Peak 2225.83M) | Time:00:00.09 | Syncing QA:Levator anguli oris.r
Fra:0 Mem:2226.01M (Peak 2226.01M) | Time:00:00.09 | Syncing QA:Levator labii superioris.l
Fra:0 Mem:2226.19M (Peak 2226.19M) | Time:00:00.09 | Syncing QA:Levator labii superioris.r
Fra:0 Mem:2226.38M (Peak 2226.38M) | Time:00:00.09 | Syncing QA:Levator nasolabialis.l
Fra:0 Mem:2226.54M (Peak 2226.54M) | Time:00:00.09 | Syncing QA:Levator nasolabialis.r
Fra:0 Mem:2226.71M (Peak 2226.71M) | Time:00:00.09 | Syncing QA:Levator palpebrae superioris.l
Fra:0 Mem:2227.08M (Peak 2227.08M) | Time:00:00.09 | Syncing QA:Levator palpebrae superioris.r
Fra:0 Mem:2227.45M (Peak 2227.45M) | Time:00:00.09 | Syncing QA:Levator scapulae.l
Fra:0 Mem:2227.81M (Peak 2227.81M) | Time:00:00.09 | Syncing QA:Levator scapulae.r
Fra:0 Mem:2228.17M (Peak 2228.17M) | Time:00:00.09 | Syncing QA:Levatores breves costarum.l
Fra:0 Mem:2228.51M (Peak 2228.51M) | Time:00:00.09 | Syncing QA:Levatores breves costarum.r
Fra:0 Mem:2228.84M (Peak 2228.84M) | Time:00:00.09 | Syncing QA:Levatores longi costarum.l
Fra:0 Mem:2229.40M (Peak 2229.40M) | Time:00:00.09 | Syncing QA:Levatores longi costarum.r
Fra:0 Mem:2229.96M (Peak 2229.96M) | Time:00:00.09 | Syncing QA:Linea alba
Fra:0 Mem:2230.13M (Peak 2230.13M) | Time:00:00.09 | Syncing QA:Long head of biceps brachii.l
Fra:0 Mem:2230.51M (Peak 2230.51M) | Time:00:00.09 | Syncing QA:Long head of biceps brachii.r
Fra:0 Mem:2230.88M (Peak 2230.88M) | Time:00:00.09 | Syncing QA:Long head of biceps femoris.l
Fra:0 Mem:2231.53M (Peak 2231.53M) | Time:00:00.09 | Syncing QA:Long head of biceps femoris.r
Fra:0 Mem:2232.17M (Peak 2232.17M) | Time:00:00.09 | Syncing QA:Long head of triceps brachii.l
Fra:0 Mem:2232.60M (Peak 2232.60M) | Time:00:00.09 | Syncing QA:Long head of triceps brachii.r
Fra:0 Mem:2233.02M (Peak 2233.02M) | Time:00:00.09 | Syncing QA:Longissimus capitis muscle.l
Fra:0 Mem:2233.28M (Peak 2233.28M) | Time:00:00.09 | Syncing QA:Longissimus capitis muscle.r
Fra:0 Mem:2233.54M (Peak 2233.54M) | Time:00:00.09 | Syncing QA:Longissimus colli muscle.l
Fra:0 Mem:2233.81M (Peak 2233.81M) | Time:00:00.09 | Syncing QA:Longissimus colli muscle.r
Fra:0 Mem:2234.09M (Peak 2234.09M) | Time:00:00.09 | Syncing QA:Longissimus thoracis muscle.l
Fra:0 Mem:2234.90M (Peak 2234.90M) | Time:00:00.09 | Syncing QA:Longissimus thoracis muscle.r
Fra:0 Mem:2235.71M (Peak 2235.71M) | Time:00:00.09 | Syncing QA:Longus capitis muscle.l
Fra:0 Mem:2236.00M (Peak 2236.00M) | Time:00:00.09 | Syncing QA:Longus capitis muscle.r
Fra:0 Mem:2236.29M (Peak 2236.29M) | Time:00:00.09 | Syncing QA:Longus colli muscle.l
Fra:0 Mem:2236.87M (Peak 2236.87M) | Time:00:00.09 | Syncing QA:Longus colli muscle.r
Fra:0 Mem:2237.45M (Peak 2237.45M) | Time:00:00.09 | Syncing QA:Lower canine.l
Fra:0 Mem:2237.69M (Peak 2237.69M) | Time:00:00.09 | Syncing QA:Lower canine.r
Fra:0 Mem:2237.93M (Peak 2237.93M) | Time:00:00.09 | Syncing QA:Lower first molar tooth.l
Fra:0 Mem:2238.39M (Peak 2238.39M) | Time:00:00.09 | Syncing QA:Lower first molar tooth.r
Fra:0 Mem:2238.85M (Peak 2238.85M) | Time:00:00.09 | Syncing QA:Lower first premolar.l
Fra:0 Mem:2239.08M (Peak 2239.08M) | Time:00:00.09 | Syncing QA:Lower first premolar.r
Fra:0 Mem:2239.31M (Peak 2239.31M) | Time:00:00.09 | Syncing QA:Lower lateral incisor.l
Fra:0 Mem:2239.54M (Peak 2239.54M) | Time:00:00.09 | Syncing QA:Lower lateral incisor.r
Fra:0 Mem:2239.76M (Peak 2239.76M) | Time:00:00.09 | Syncing QA:Lower medial incisor.l
Fra:0 Mem:2239.98M (Peak 2239.98M) | Time:00:00.09 | Syncing QA:Lower medial incisor.r
Fra:0 Mem:2240.19M (Peak 2240.19M) | Time:00:00.09 | Syncing QA:Lower second molar tooth.l
Fra:0 Mem:2240.46M (Peak 2240.46M) | Time:00:00.09 | Syncing QA:Lower second molar tooth.r
Fra:0 Mem:2240.72M (Peak 2240.72M) | Time:00:00.09 | Syncing QA:Lower second premolar.l
Fra:0 Mem:2240.96M (Peak 2240.96M) | Time:00:00.09 | Syncing QA:Lower second premolar.r
Fra:0 Mem:2241.19M (Peak 2241.19M) | Time:00:00.09 | Syncing QA:Lumbrical muscles of foot.l
Fra:0 Mem:2241.37M (Peak 2241.37M) | Time:00:00.09 | Syncing QA:Lumbrical muscles of foot.r
Fra:0 Mem:2241.55M (Peak 2241.55M) | Time:00:00.09 | Syncing QA:Lumbrical muscles of hand.l
Fra:0 Mem:2241.79M (Peak 2241.79M) | Time:00:00.09 | Syncing QA:Lumbrical muscles of hand.r
Fra:0 Mem:2242.03M (Peak 2242.03M) | Time:00:00.09 | Syncing QA:Lunate bone.l
Fra:0 Mem:2242.29M (Peak 2242.29M) | Time:00:00.09 | Syncing QA:Lunate bone.r
Fra:0 Mem:2242.54M (Peak 2242.54M) | Time:00:00.09 | Syncing QA:Major alar cartilage.l
Fra:0 Mem:2242.72M (Peak 2242.72M) | Time:00:00.09 | Syncing QA:Major alar cartilage.r
Fra:0 Mem:2242.89M (Peak 2242.89M) | Time:00:00.09 | Syncing QA:Malleus.l
Fra:0 Mem:2243.33M (Peak 2243.33M) | Time:00:00.09 | Syncing QA:Malleus.r
Fra:0 Mem:2243.77M (Peak 2243.77M) | Time:00:00.09 | Syncing QA:Mandible
Fra:0 Mem:2245.21M (Peak 2245.21M) | Time:00:00.09 | Syncing QA:Manubrium of sternum
Fra:0 Mem:2245.55M (Peak 2245.55M) | Time:00:00.09 | Syncing QA:Masseteric fascia.l
Fra:0 Mem:2245.73M (Peak 2245.73M) | Time:00:00.09 | Syncing QA:Masseteric fascia.r
Fra:0 Mem:2245.91M (Peak 2245.91M) | Time:00:00.09 | Syncing QA:Maxilla.l
Fra:0 Mem:2246.39M (Peak 2246.39M) | Time:00:00.09 | Syncing QA:Maxilla.r
Fra:0 Mem:2246.87M (Peak 2246.87M) | Time:00:00.09 | Syncing QA:Medial cuneiform bone.l
Fra:0 Mem:2247.09M (Peak 2247.09M) | Time:00:00.09 | Syncing QA:Medial cuneiform bone.r
Fra:0 Mem:2247.30M (Peak 2247.30M) | Time:00:00.10 | Syncing QA:Medial femoral intermuscular s
Fra:0 Mem:2248.01M (Peak 2248.37M) | Time:00:00.10 | Syncing QA:Medial femoral intermuscular s
Fra:0 Mem:2248.72M (Peak 2249.08M) | Time:00:00.10 | Syncing QA:Medial head of flexor hallucis
Fra:0 Mem:2248.91M (Peak 2249.08M) | Time:00:00.10 | Syncing QA:Medial head of flexor hallucis
Fra:0 Mem:2249.09M (Peak 2249.09M) | Time:00:00.10 | Syncing QA:Medial head of gastrocnemius.l
Fra:0 Mem:2249.69M (Peak 2249.69M) | Time:00:00.10 | Syncing QA:Medial head of gastrocnemius.r
Fra:0 Mem:2250.28M (Peak 2250.28M) | Time:00:00.10 | Syncing QA:Medial head of triceps brachii
Fra:0 Mem:2250.62M (Peak 2250.62M) | Time:00:00.10 | Syncing QA:Medial head of triceps brachii
Fra:0 Mem:2250.95M (Peak 2250.95M) | Time:00:00.10 | Syncing QA:Medial intermuscular septum of
Fra:0 Mem:2251.13M (Peak 2251.13M) | Time:00:00.10 | Syncing QA:Medial intermuscular septum of
Fra:0 Mem:2251.30M (Peak 2251.30M) | Time:00:00.10 | Syncing QA:Medial patellar retinaculum.l
Fra:0 Mem:2251.46M (Peak 2251.46M) | Time:00:00.10 | Syncing QA:Medial patellar retinaculum.r
Fra:0 Mem:2251.62M (Peak 2251.62M) | Time:00:00.10 | Syncing QA:Medial pterygoid muscle.l
Fra:0 Mem:2251.80M (Peak 2251.80M) | Time:00:00.10 | Syncing QA:Medial pterygoid muscle.r
Fra:0 Mem:2251.99M (Peak 2251.99M) | Time:00:00.10 | Syncing QA:Medial rectus muscle.l
Fra:0 Mem:2252.27M (Peak 2252.27M) | Time:00:00.10 | Syncing QA:Medial rectus muscle.r
Fra:0 Mem:2252.55M (Peak 2252.55M) | Time:00:00.10 | Syncing QA:Medial subtendinous bursa of g
Fra:0 Mem:2252.74M (Peak 2252.74M) | Time:00:00.10 | Syncing QA:Medial subtendinous bursa of g
Fra:0 Mem:2252.93M (Peak 2252.93M) | Time:00:00.10 | Syncing QA:Mentalis muscle.l
Fra:0 Mem:2253.10M (Peak 2253.10M) | Time:00:00.10 | Syncing QA:Mentalis muscle.r
Fra:0 Mem:2253.26M (Peak 2253.26M) | Time:00:00.10 | Syncing QA:Middle cells of ethmoid bone.l
Fra:0 Mem:2253.46M (Peak 2253.46M) | Time:00:00.10 | Syncing QA:Middle cells of ethmoid bone.r
Fra:0 Mem:2253.66M (Peak 2253.66M) | Time:00:00.10 | Syncing QA:Middle layer of thoracolumbar 
Fra:0 Mem:2253.82M (Peak 2253.82M) | Time:00:00.10 | Syncing QA:Middle layer of thoracolumbar 
Fra:0 Mem:2253.98M (Peak 2253.98M) | Time:00:00.10 | Syncing QA:Middle phalanx of fifth finger
Fra:0 Mem:2254.15M (Peak 2254.15M) | Time:00:00.10 | Syncing QA:Middle phalanx of fifth finger
Fra:0 Mem:2254.31M (Peak 2254.31M) | Time:00:00.10 | Syncing QA:Middle phalanx of fifth finger
Fra:0 Mem:2254.48M (Peak 2254.48M) | Time:00:00.10 | Syncing QA:Middle phalanx of fifth finger
Fra:0 Mem:2254.65M (Peak 2254.65M) | Time:00:00.10 | Syncing QA:Middle phalanx of fourth finge
Fra:0 Mem:2254.83M (Peak 2254.83M) | Time:00:00.10 | Syncing QA:Middle phalanx of fourth finge
Fra:0 Mem:2255.01M (Peak 2255.01M) | Time:00:00.10 | Syncing QA:Middle phalanx of fourth finge
Fra:0 Mem:2255.19M (Peak 2255.19M) | Time:00:00.10 | Syncing QA:Middle phalanx of fourth finge
Fra:0 Mem:2255.37M (Peak 2255.37M) | Time:00:00.10 | Syncing QA:Middle phalanx of second finge
Fra:0 Mem:2255.55M (Peak 2255.55M) | Time:00:00.10 | Syncing QA:Middle phalanx of second finge
Fra:0 Mem:2255.72M (Peak 2255.72M) | Time:00:00.10 | Syncing QA:Middle phalanx of second finge
Fra:0 Mem:2255.89M (Peak 2255.89M) | Time:00:00.10 | Syncing QA:Middle phalanx of second finge
Fra:0 Mem:2256.07M (Peak 2256.07M) | Time:00:00.10 | Syncing QA:Middle phalanx of third finger
Fra:0 Mem:2256.24M (Peak 2256.24M) | Time:00:00.10 | Syncing QA:Middle phalanx of third finger
Fra:0 Mem:2256.42M (Peak 2256.42M) | Time:00:00.10 | Syncing QA:Middle phalanx of third finger
Fra:0 Mem:2256.60M (Peak 2256.60M) | Time:00:00.10 | Syncing QA:Middle phalanx of third finger
Fra:0 Mem:2256.77M (Peak 2256.77M) | Time:00:00.10 | Syncing QA:Middle pharyngeal constrictor.
Fra:0 Mem:2257.22M (Peak 2257.22M) | Time:00:00.10 | Syncing QA:Middle pharyngeal constrictor.
Fra:0 Mem:2257.68M (Peak 2257.68M) | Time:00:00.10 | Syncing QA:Multifidus colli muscle.l
Fra:0 Mem:2257.92M (Peak 2257.92M) | Time:00:00.10 | Syncing QA:Multifidus colli muscle.r
Fra:0 Mem:2258.17M (Peak 2258.17M) | Time:00:00.10 | Syncing QA:Multifidus lumborum muscle.l
Fra:0 Mem:2258.52M (Peak 2258.52M) | Time:00:00.10 | Syncing QA:Multifidus lumborum muscle.r
Fra:0 Mem:2258.86M (Peak 2258.86M) | Time:00:00.10 | Syncing QA:Multifidus thoracis muscle.l
Fra:0 Mem:2259.28M (Peak 2259.28M) | Time:00:00.10 | Syncing QA:Multifidus thoracis muscle.r
Fra:0 Mem:2259.70M (Peak 2259.70M) | Time:00:00.10 | Syncing QA:Mylohyoid muscle.l
Fra:0 Mem:2259.92M (Peak 2259.92M) | Time:00:00.10 | Syncing QA:Mylohyoid muscle.r
Fra:0 Mem:2260.15M (Peak 2260.15M) | Time:00:00.10 | Syncing QA:Nasal bone.l
Fra:0 Mem:2260.32M (Peak 2260.32M) | Time:00:00.10 | Syncing QA:Nasal bone.r
Fra:0 Mem:2260.49M (Peak 2260.49M) | Time:00:00.10 | Syncing QA:Nasal septal cartilage
Fra:0 Mem:2260.67M (Peak 2260.67M) | Time:00:00.10 | Syncing QA:Nasalis muscle.l
Fra:0 Mem:2260.87M (Peak 2260.87M) | Time:00:00.10 | Syncing QA:Nasalis muscle.r
Fra:0 Mem:2261.07M (Peak 2261.07M) | Time:00:00.10 | Syncing QA:Navicular bone.l
Fra:0 Mem:2261.27M (Peak 2261.27M) | Time:00:00.10 | Syncing QA:Navicular bone.r
Fra:0 Mem:2261.47M (Peak 2261.47M) | Time:00:00.10 | Syncing QA:Ninth rib.l
Fra:0 Mem:2262.15M (Peak 2262.15M) | Time:00:00.10 | Syncing QA:Ninth rib.r
Fra:0 Mem:2262.83M (Peak 2262.83M) | Time:00:00.10 | Syncing QA:Oblique head of adductor hallu
Fra:0 Mem:2263.05M (Peak 2263.05M) | Time:00:00.10 | Syncing QA:Oblique head of adductor hallu
Fra:0 Mem:2263.26M (Peak 2263.26M) | Time:00:00.10 | Syncing QA:Oblique head of adductor polli
Fra:0 Mem:2263.44M (Peak 2263.44M) | Time:00:00.10 | Syncing QA:Oblique head of adductor polli
Fra:0 Mem:2263.62M (Peak 2263.62M) | Time:00:00.10 | Syncing QA:Oblique part of cricothyroid m
Fra:0 Mem:2263.99M (Peak 2263.99M) | Time:00:00.10 | Syncing QA:Oblique part of cricothyroid m
Fra:0 Mem:2264.35M (Peak 2264.35M) | Time:00:00.10 | Syncing QA:Obliquus inferior capitis musc
Fra:0 Mem:2264.54M (Peak 2264.54M) | Time:00:00.10 | Syncing QA:Obliquus inferior capitis musc
Fra:0 Mem:2264.72M (Peak 2264.72M) | Time:00:00.10 | Syncing QA:Obliquus superior capitis musc
Fra:0 Mem:2264.92M (Peak 2264.92M) | Time:00:00.10 | Syncing QA:Obliquus superior capitis musc
Fra:0 Mem:2265.11M (Peak 2265.11M) | Time:00:00.10 | Syncing QA:Obturator externus.l
Fra:0 Mem:2265.34M (Peak 2265.34M) | Time:00:00.10 | Syncing QA:Obturator externus.r
Fra:0 Mem:2265.57M (Peak 2265.57M) | Time:00:00.10 | Syncing QA:Obturator internus.l
Fra:0 Mem:2266.09M (Peak 2266.09M) | Time:00:00.10 | Syncing QA:Obturator internus.r
Fra:0 Mem:2266.50M (Peak 2266.50M) | Time:00:00.10 | Syncing QA:Occipital bone
Fra:0 Mem:2267.18M (Peak 2267.18M) | Time:00:00.10 | Syncing QA:Occipitalis muscle.l
Fra:0 Mem:2267.51M (Peak 2267.51M) | Time:00:00.10 | Syncing QA:Occipitalis muscle.r
Fra:0 Mem:2267.84M (Peak 2267.84M) | Time:00:00.10 | Syncing QA:Omohyoid muscle.l
Fra:0 Mem:2268.17M (Peak 2268.17M) | Time:00:00.10 | Syncing QA:Omohyoid muscle.r
Fra:0 Mem:2268.51M (Peak 2268.51M) | Time:00:00.10 | Syncing QA:Opponens digiti minimi muscle 
Fra:0 Mem:2268.69M (Peak 2268.69M) | Time:00:00.10 | Syncing QA:Opponens digiti minimi muscle 
Fra:0 Mem:2268.87M (Peak 2268.87M) | Time:00:00.10 | Syncing QA:Opponens pollicis muscle.l
Fra:0 Mem:2269.05M (Peak 2269.05M) | Time:00:00.10 | Syncing QA:Opponens pollicis muscle.r
Fra:0 Mem:2269.22M (Peak 2269.22M) | Time:00:00.10 | Syncing QA:Orbicularis oris muscle.l
Fra:0 Mem:2269.50M (Peak 2269.50M) | Time:00:00.10 | Syncing QA:Orbicularis oris muscle.r
Fra:0 Mem:2269.78M (Peak 2269.78M) | Time:00:00.10 | Syncing QA:Orbital part of orbicularis oc
Fra:0 Mem:2270.10M (Peak 2270.10M) | Time:00:00.10 | Syncing QA:Orbital part of orbicularis oc
Fra:0 Mem:2270.41M (Peak 2270.41M) | Time:00:00.10 | Syncing QA:Palatine bone.l
Fra:0 Mem:2270.66M (Peak 2270.66M) | Time:00:00.10 | Syncing QA:Palatine bone.r
Fra:0 Mem:2270.91M (Peak 2270.91M) | Time:00:00.10 | Syncing QA:Palatopharyngeus muscle.l
Fra:0 Mem:2272.64M (Peak 2272.98M) | Time:00:00.10 | Syncing QA:Palatopharyngeus muscle.r
Fra:0 Mem:2274.36M (Peak 2274.71M) | Time:00:00.10 | Syncing QA:Palmar aponeurosis.l
Fra:0 Mem:2274.61M (Peak 2274.71M) | Time:00:00.10 | Syncing QA:Palmar aponeurosis.r
Fra:0 Mem:2274.85M (Peak 2274.85M) | Time:00:00.10 | Syncing QA:Palmar interossei muscles.l
Fra:0 Mem:2275.01M (Peak 2275.01M) | Time:00:00.10 | Syncing QA:Palmar interossei muscles.r
Fra:0 Mem:2275.18M (Peak 2275.18M) | Time:00:00.10 | Syncing QA:Palmaris longus muscle.l
Fra:0 Mem:2275.63M (Peak 2275.63M) | Time:00:00.10 | Syncing QA:Palmaris longus muscle.r
Fra:0 Mem:2276.08M (Peak 2276.08M) | Time:00:00.11 | Syncing QA:Palpebral part of orbicularis 
Fra:0 Mem:2276.29M (Peak 2276.29M) | Time:00:00.11 | Syncing QA:Palpebral part of orbicularis 
Fra:0 Mem:2276.49M (Peak 2276.49M) | Time:00:00.11 | Syncing QA:Parietal bone.l
Fra:0 Mem:2277.12M (Peak 2277.12M) | Time:00:00.11 | Syncing QA:Parietal bone.r
Fra:0 Mem:2277.73M (Peak 2277.73M) | Time:00:00.11 | Syncing QA:Patella.l
Fra:0 Mem:2277.90M (Peak 2277.90M) | Time:00:00.11 | Syncing QA:Patella.r
Fra:0 Mem:2278.07M (Peak 2278.07M) | Time:00:00.11 | Syncing QA:Pectineus muscle.l
Fra:0 Mem:2278.35M (Peak 2278.35M) | Time:00:00.11 | Syncing QA:Pectineus muscle.r
Fra:0 Mem:2278.64M (Peak 2278.64M) | Time:00:00.11 | Syncing QA:Pectoral fascia.l
Fra:0 Mem:2278.99M (Peak 2278.99M) | Time:00:00.11 | Syncing QA:Pectoral fascia.r
Fra:0 Mem:2279.34M (Peak 2279.34M) | Time:00:00.11 | Syncing QA:Pectoralis minor muscle.l
Fra:0 Mem:2279.77M (Peak 2279.77M) | Time:00:00.11 | Syncing QA:Pectoralis minor muscle.r
Fra:0 Mem:2280.21M (Peak 2280.21M) | Time:00:00.11 | Syncing QA:Piriformis fascia.l
Fra:0 Mem:2280.42M (Peak 2280.42M) | Time:00:00.11 | Syncing QA:Piriformis fascia.r
Fra:0 Mem:2280.64M (Peak 2280.64M) | Time:00:00.11 | Syncing QA:Piriformis muscle.l
Fra:0 Mem:2280.90M (Peak 2280.90M) | Time:00:00.11 | Syncing QA:Piriformis muscle.r
Fra:0 Mem:2281.15M (Peak 2281.15M) | Time:00:00.11 | Syncing QA:Pisiform bone.l
Fra:0 Mem:2281.38M (Peak 2281.38M) | Time:00:00.11 | Syncing QA:Pisiform bone.r
Fra:0 Mem:2281.62M (Peak 2281.62M) | Time:00:00.11 | Syncing QA:Plantar aponeurosis.l
Fra:0 Mem:2281.80M (Peak 2281.80M) | Time:00:00.11 | Syncing QA:Plantar aponeurosis.r
Fra:0 Mem:2281.98M (Peak 2281.98M) | Time:00:00.11 | Syncing QA:Plantar interossei muscles.l
Fra:0 Mem:2282.21M (Peak 2282.21M) | Time:00:00.11 | Syncing QA:Plantar interossei muscles.r
Fra:0 Mem:2282.45M (Peak 2282.45M) | Time:00:00.11 | Syncing QA:Plantar tendon sheath of fibul
Fra:0 Mem:2282.63M (Peak 2282.63M) | Time:00:00.11 | Syncing QA:Plantar tendon sheath of fibul
Fra:0 Mem:2282.81M (Peak 2282.81M) | Time:00:00.11 | Syncing QA:Plantaris muscle.l
Fra:0 Mem:2283.29M (Peak 2283.29M) | Time:00:00.11 | Syncing QA:Plantaris muscle.r
Fra:0 Mem:2283.76M (Peak 2283.76M) | Time:00:00.11 | Syncing QA:Platysma.l
Fra:0 Mem:2284.36M (Peak 2284.36M) | Time:00:00.11 | Syncing QA:Platysma.r
Fra:0 Mem:2284.96M (Peak 2284.96M) | Time:00:00.11 | Syncing QA:Popliteal fascia.l
Fra:0 Mem:2285.15M (Peak 2285.15M) | Time:00:00.11 | Syncing QA:Popliteal fascia.r
Fra:0 Mem:2285.33M (Peak 2285.33M) | Time:00:00.11 | Syncing QA:Popliteus muscle.l
Fra:0 Mem:2285.56M (Peak 2285.56M) | Time:00:00.11 | Syncing QA:Popliteus muscle.r
Fra:0 Mem:2285.79M (Peak 2285.79M) | Time:00:00.11 | Syncing QA:Posterior belly of digastric m
Fra:0 Mem:2286.03M (Peak 2286.03M) | Time:00:00.11 | Syncing QA:Posterior belly of digastric m
Fra:0 Mem:2286.26M (Peak 2286.26M) | Time:00:00.11 | Syncing QA:Posterior cells of ethmoid bon
Fra:0 Mem:2286.48M (Peak 2286.48M) | Time:00:00.11 | Syncing QA:Posterior cells of ethmoid bon
Fra:0 Mem:2286.69M (Peak 2286.69M) | Time:00:00.11 | Syncing QA:Posterior crico-arytenoid musc
Fra:0 Mem:2287.02M (Peak 2287.02M) | Time:00:00.11 | Syncing QA:Posterior crico-arytenoid musc
Fra:0 Mem:2287.36M (Peak 2287.36M) | Time:00:00.11 | Syncing QA:Posterior intermuscular septum
Fra:0 Mem:2287.54M (Peak 2287.54M) | Time:00:00.11 | Syncing QA:Posterior intermuscular septum
Fra:0 Mem:2287.72M (Peak 2287.72M) | Time:00:00.11 | Syncing QA:Posterior layer of thoracolumb
Fra:0 Mem:2287.89M (Peak 2287.89M) | Time:00:00.11 | Syncing QA:Posterior layer of thoracolumb
Fra:0 Mem:2288.06M (Peak 2288.06M) | Time:00:00.11 | Syncing QA:Procerus muscle.l
Fra:0 Mem:2288.25M (Peak 2288.25M) | Time:00:00.11 | Syncing QA:Procerus muscle.r
Fra:0 Mem:2288.44M (Peak 2288.44M) | Time:00:00.11 | Syncing QA:Pronator quadratus.l
Fra:0 Mem:2288.66M (Peak 2288.66M) | Time:00:00.11 | Syncing QA:Pronator quadratus.r
Fra:0 Mem:2288.88M (Peak 2288.88M) | Time:00:00.11 | Syncing QA:Proximal phalanx of fifth fing
Fra:0 Mem:2289.07M (Peak 2289.07M) | Time:00:00.11 | Syncing QA:Proximal phalanx of fifth fing
Fra:0 Mem:2289.25M (Peak 2289.25M) | Time:00:00.11 | Syncing QA:Proximal phalanx of fifth fing
Fra:0 Mem:2289.44M (Peak 2289.44M) | Time:00:00.11 | Syncing QA:Proximal phalanx of fifth fing
Fra:0 Mem:2289.63M (Peak 2289.63M) | Time:00:00.11 | Syncing QA:Proximal phalanx of first fing
Fra:0 Mem:2289.82M (Peak 2289.82M) | Time:00:00.11 | Syncing QA:Proximal phalanx of first fing
Fra:0 Mem:2290.00M (Peak 2290.00M) | Time:00:00.11 | Syncing QA:Proximal phalanx of first fing
Fra:0 Mem:2290.18M (Peak 2290.18M) | Time:00:00.11 | Syncing QA:Proximal phalanx of first fing
Fra:0 Mem:2290.35M (Peak 2290.35M) | Time:00:00.11 | Syncing QA:Proximal phalanx of fourth fin
Fra:0 Mem:2290.53M (Peak 2290.53M) | Time:00:00.11 | Syncing QA:Proximal phalanx of fourth fin
Fra:0 Mem:2290.71M (Peak 2290.71M) | Time:00:00.11 | Syncing QA:Proximal phalanx of fourth fin
Fra:0 Mem:2290.89M (Peak 2290.89M) | Time:00:00.11 | Syncing QA:Proximal phalanx of fourth fin
Fra:0 Mem:2291.07M (Peak 2291.07M) | Time:00:00.11 | Syncing QA:Proximal phalanx of second fin
Fra:0 Mem:2291.25M (Peak 2291.25M) | Time:00:00.11 | Syncing QA:Proximal phalanx of second fin
Fra:0 Mem:2291.43M (Peak 2291.43M) | Time:00:00.11 | Syncing QA:Proximal phalanx of second fin
Fra:0 Mem:2291.60M (Peak 2291.60M) | Time:00:00.11 | Syncing QA:Proximal phalanx of second fin
Fra:0 Mem:2291.78M (Peak 2291.78M) | Time:00:00.11 | Syncing QA:Proximal phalanx of third fing
Fra:0 Mem:2291.97M (Peak 2291.97M) | Time:00:00.11 | Syncing QA:Proximal phalanx of third fing
Fra:0 Mem:2292.15M (Peak 2292.15M) | Time:00:00.11 | Syncing QA:Proximal phalanx of third fing
Fra:0 Mem:2292.33M (Peak 2292.33M) | Time:00:00.11 | Syncing QA:Proximal phalanx of third fing
Fra:0 Mem:2292.51M (Peak 2292.51M) | Time:00:00.11 | Syncing QA:Psoas major.l
Fra:0 Mem:2293.04M (Peak 2293.04M) | Time:00:00.11 | Syncing QA:Psoas major.r
Fra:0 Mem:2293.56M (Peak 2293.56M) | Time:00:00.11 | Syncing QA:Pubo-analis muscle.l
Fra:0 Mem:2293.81M (Peak 2293.81M) | Time:00:00.11 | Syncing QA:Pubo-analis muscle.r
Fra:0 Mem:2294.06M (Peak 2294.06M) | Time:00:00.11 | Syncing QA:Pubococcygeus muscle.l
Fra:0 Mem:2294.38M (Peak 2294.38M) | Time:00:00.11 | Syncing QA:Pubococcygeus muscle.r
Fra:0 Mem:2294.71M (Peak 2294.71M) | Time:00:00.11 | Syncing QA:Pyramidalis muscle.l
Fra:0 Mem:2294.93M (Peak 2294.93M) | Time:00:00.11 | Syncing QA:Pyramidalis muscle.r
Fra:0 Mem:2295.16M (Peak 2295.16M) | Time:00:00.11 | Syncing QA:Quadratus femoris muscle.l
Fra:0 Mem:2295.42M (Peak 2295.42M) | Time:00:00.11 | Syncing QA:Quadratus femoris muscle.r
Fra:0 Mem:2295.69M (Peak 2295.69M) | Time:00:00.11 | Syncing QA:Quadratus lumborum muscle.l
Fra:0 Mem:2296.03M (Peak 2296.03M) | Time:00:00.11 | Syncing QA:Quadratus lumborum muscle.r
Fra:0 Mem:2296.38M (Peak 2296.38M) | Time:00:00.11 | Syncing QA:Quadratus plantae muscle.l
Fra:0 Mem:2296.61M (Peak 2296.61M) | Time:00:00.11 | Syncing QA:Quadratus plantae muscle.r
Fra:0 Mem:2296.84M (Peak 2296.84M) | Time:00:00.11 | Syncing QA:Radial head of flexor digitoru
Fra:0 Mem:2297.08M (Peak 2297.08M) | Time:00:00.11 | Syncing QA:Radial head of flexor digitoru
Fra:0 Mem:2297.32M (Peak 2297.32M) | Time:00:00.11 | Syncing QA:Radius.l
Fra:0 Mem:2297.52M (Peak 2297.52M) | Time:00:00.11 | Syncing QA:Radius.r
Fra:0 Mem:2297.72M (Peak 2297.72M) | Time:00:00.11 | Syncing QA:Rectus abdominis muscle.l
Fra:0 Mem:2299.29M (Peak 2299.29M) | Time:00:00.11 | Syncing QA:Rectus abdominis muscle.r
Fra:0 Mem:2300.85M (Peak 2300.85M) | Time:00:00.11 | Syncing QA:Rectus anterior capitis muscle
Fra:0 Mem:2301.03M (Peak 2301.03M) | Time:00:00.11 | Syncing QA:Rectus anterior capitis muscle
Fra:0 Mem:2301.21M (Peak 2301.21M) | Time:00:00.11 | Syncing QA:Rectus femoris muscle.l
Fra:0 Mem:2301.93M (Peak 2301.93M) | Time:00:00.11 | Syncing QA:Rectus femoris muscle.r
Fra:0 Mem:2302.64M (Peak 2302.64M) | Time:00:00.11 | Syncing QA:Rectus lateralis capitis muscl
Fra:0 Mem:2302.82M (Peak 2302.82M) | Time:00:00.11 | Syncing QA:Rectus lateralis capitis muscl
Fra:0 Mem:2303.00M (Peak 2303.00M) | Time:00:00.11 | Syncing QA:Rectus posterior major capitis
Fra:0 Mem:2303.20M (Peak 2303.20M) | Time:00:00.11 | Syncing QA:Rectus posterior major capitis
Fra:0 Mem:2303.40M (Peak 2303.40M) | Time:00:00.11 | Syncing QA:Rectus posterior minor capitis
Fra:0 Mem:2303.58M (Peak 2303.58M) | Time:00:00.11 | Syncing QA:Rectus posterior minor capitis
Fra:0 Mem:2303.77M (Peak 2303.77M) | Time:00:00.11 | Syncing QA:Rhomboid major muscle.l
Fra:0 Mem:2304.25M (Peak 2304.25M) | Time:00:00.11 | Syncing QA:Rhomboid major muscle.r
Fra:0 Mem:2304.73M (Peak 2304.73M) | Time:00:00.11 | Syncing QA:Rhomboid minor muscle.l
Fra:0 Mem:2304.98M (Peak 2304.98M) | Time:00:00.11 | Syncing QA:Rhomboid minor muscle.r
Fra:0 Mem:2305.23M (Peak 2305.23M) | Time:00:00.11 | Syncing QA:Risorius muscle.l
Fra:0 Mem:2305.42M (Peak 2305.42M) | Time:00:00.11 | Syncing QA:Risorius muscle.r
Fra:0 Mem:2305.61M (Peak 2305.61M) | Time:00:00.11 | Syncing QA:Rotatores.l
Fra:0 Mem:2306.21M (Peak 2306.21M) | Time:00:00.11 | Syncing QA:Rotatores.r
Fra:0 Mem:2306.81M (Peak 2306.81M) | Time:00:00.11 | Syncing QA:Sacrum
Fra:0 Mem:2307.64M (Peak 2307.64M) | Time:00:00.11 | Syncing QA:Sartorius muscle.l
Fra:0 Mem:2308.13M (Peak 2308.13M) | Time:00:00.11 | Syncing QA:Sartorius muscle.r
Fra:0 Mem:2308.63M (Peak 2308.63M) | Time:00:00.11 | Syncing QA:Scalenus anterior muscle.l
Fra:0 Mem:2308.87M (Peak 2308.87M) | Time:00:00.11 | Syncing QA:Scalenus anterior muscle.r
Fra:0 Mem:2309.12M (Peak 2309.12M) | Time:00:00.11 | Syncing QA:Scalenus medius muscle.l
Fra:0 Mem:2309.41M (Peak 2309.41M) | Time:00:00.11 | Syncing QA:Scalenus medius muscle.r
Fra:0 Mem:2309.70M (Peak 2309.70M) | Time:00:00.11 | Syncing QA:Scalenus posterior muscle.l
Fra:0 Mem:2309.95M (Peak 2309.95M) | Time:00:00.11 | Syncing QA:Scalenus posterior muscle.r
Fra:0 Mem:2310.19M (Peak 2310.19M) | Time:00:00.11 | Syncing QA:Scaphoid bone.l
Fra:0 Mem:2310.36M (Peak 2310.36M) | Time:00:00.11 | Syncing QA:Scaphoid bone.r
Fra:0 Mem:2310.54M (Peak 2310.54M) | Time:00:00.11 | Syncing QA:Scapula.l
Fra:0 Mem:2312.43M (Peak 2312.43M) | Time:00:00.11 | Syncing QA:Scapula.r
Fra:0 Mem:2314.32M (Peak 2314.32M) | Time:00:00.11 | Syncing QA:Scapular spinal part of deltoi
Fra:0 Mem:2314.77M (Peak 2314.77M) | Time:00:00.11 | Syncing QA:Scapular spinal part of deltoi
Fra:0 Mem:2315.22M (Peak 2315.22M) | Time:00:00.11 | Syncing QA:Sciatic bursa of gluteus maxim
Fra:0 Mem:2315.44M (Peak 2315.44M) | Time:00:00.11 | Syncing QA:Sciatic bursa of gluteus maxim
Fra:0 Mem:2315.67M (Peak 2315.67M) | Time:00:00.11 | Syncing QA:Sciatic bursa of obturator int
Fra:0 Mem:2315.89M (Peak 2315.89M) | Time:00:00.11 | Syncing QA:Sciatic bursa of obturator int
Fra:0 Mem:2316.11M (Peak 2316.11M) | Time:00:00.11 | Syncing QA:Second metacarpal bone.l
Fra:0 Mem:2316.32M (Peak 2316.32M) | Time:00:00.11 | Syncing QA:Second metacarpal bone.r
Fra:0 Mem:2316.52M (Peak 2316.52M) | Time:00:00.11 | Syncing QA:Second metatarsal bone.l
Fra:0 Mem:2316.72M (Peak 2316.72M) | Time:00:00.11 | Syncing QA:Second metatarsal bone.r
Fra:0 Mem:2316.92M (Peak 2316.92M) | Time:00:00.11 | Syncing QA:Second rib.l
Fra:0 Mem:2317.43M (Peak 2317.43M) | Time:00:00.11 | Syncing QA:Second rib.r
Fra:0 Mem:2317.95M (Peak 2317.95M) | Time:00:00.11 | Syncing QA:Semimembranosus bursa.l
Fra:0 Mem:2318.15M (Peak 2318.15M) | Time:00:00.11 | Syncing QA:Semimembranosus bursa.r
Fra:0 Mem:2318.35M (Peak 2318.35M) | Time:00:00.11 | Syncing QA:Semimembranosus muscle.l
Fra:0 Mem:2319.01M (Peak 2319.01M) | Time:00:00.11 | Syncing QA:Semimembranosus muscle.r
Fra:0 Mem:2319.68M (Peak 2319.68M) | Time:00:00.11 | Syncing QA:Semispinalis colli muscle.l
Fra:0 Mem:2320.00M (Peak 2320.00M) | Time:00:00.11 | Syncing QA:Semispinalis colli muscle.r
Fra:0 Mem:2320.33M (Peak 2320.33M) | Time:00:00.11 | Syncing QA:Semispinalis thoracis muscle.l
Fra:0 Mem:2320.82M (Peak 2320.82M) | Time:00:00.11 | Syncing QA:Semispinalis thoracis muscle.r
Fra:0 Mem:2321.31M (Peak 2321.31M) | Time:00:00.11 | Syncing QA:Semitendinosus muscle.l
Fra:0 Mem:2321.76M (Peak 2321.76M) | Time:00:00.11 | Syncing QA:Semitendinosus muscle.r
Fra:0 Mem:2322.21M (Peak 2322.21M) | Time:00:00.11 | Syncing QA:Serratus anterior muscle.l
Fra:0 Mem:2324.09M (Peak 2324.09M) | Time:00:00.11 | Syncing QA:Serratus anterior muscle.r
Fra:0 Mem:2325.98M (Peak 2325.98M) | Time:00:00.12 | Syncing QA:Serratus posterior inferior mu
Fra:0 Mem:2326.74M (Peak 2326.74M) | Time:00:00.12 | Syncing QA:Serratus posterior inferior mu
Fra:0 Mem:2327.51M (Peak 2327.51M) | Time:00:00.12 | Syncing QA:Serratus posterior superior mu
Fra:0 Mem:2328.04M (Peak 2328.04M) | Time:00:00.12 | Syncing QA:Serratus posterior superior mu
Fra:0 Mem:2328.57M (Peak 2328.57M) | Time:00:00.12 | Syncing QA:Sesamoid bones of foot.l
Fra:0 Mem:2328.74M (Peak 2328.74M) | Time:00:00.12 | Syncing QA:Sesamoid bones of foot.r
Fra:0 Mem:2328.91M (Peak 2328.91M) | Time:00:00.12 | Syncing QA:Seventh rib.l
Fra:0 Mem:2329.73M (Peak 2329.73M) | Time:00:00.12 | Syncing QA:Seventh rib.r
Fra:0 Mem:2330.55M (Peak 2330.55M) | Time:00:00.12 | Syncing QA:Short head of biceps brachii.l
Fra:0 Mem:2330.88M (Peak 2330.88M) | Time:00:00.12 | Syncing QA:Short head of biceps brachii.r
Fra:0 Mem:2331.22M (Peak 2331.22M) | Time:00:00.12 | Syncing QA:Short head of biceps femoris.l
Fra:0 Mem:2331.54M (Peak 2331.54M) | Time:00:00.12 | Syncing QA:Short head of biceps femoris.r
Fra:0 Mem:2331.86M (Peak 2331.86M) | Time:00:00.12 | Syncing QA:Sinus of frontal bone
Fra:0 Mem:2332.09M (Peak 2332.09M) | Time:00:00.12 | Syncing QA:Sinus of sphenoid bone
Fra:0 Mem:2332.26M (Peak 2332.26M) | Time:00:00.12 | Syncing QA:Sixth rib.l
Fra:0 Mem:2333.11M (Peak 2333.11M) | Time:00:00.12 | Syncing QA:Sixth rib.r
Fra:0 Mem:2333.95M (Peak 2333.95M) | Time:00:00.12 | Syncing QA:Soleus muscle.l
Fra:0 Mem:2334.57M (Peak 2334.57M) | Time:00:00.12 | Syncing QA:Soleus muscle.r
Fra:0 Mem:2335.18M (Peak 2335.18M) | Time:00:00.12 | Syncing QA:Sphenoid bone
Fra:0 Mem:2335.84M (Peak 2335.84M) | Time:00:00.12 | Syncing QA:Spinalis capitis muscle.l
Fra:0 Mem:2336.16M (Peak 2336.16M) | Time:00:00.12 | Syncing QA:Spinalis capitis muscle.r
Fra:0 Mem:2336.52M (Peak 2336.52M) | Time:00:00.12 | Syncing QA:Spinalis colli muscle.l
Fra:0 Mem:2336.71M (Peak 2336.71M) | Time:00:00.12 | Syncing QA:Spinalis colli muscle.r
Fra:0 Mem:2336.90M (Peak 2336.90M) | Time:00:00.12 | Syncing QA:Spinalis thoracis muscle.l
Fra:0 Mem:2337.43M (Peak 2337.43M) | Time:00:00.12 | Syncing QA:Spinalis thoracis muscle.r
Fra:0 Mem:2337.96M (Peak 2337.96M) | Time:00:00.12 | Syncing QA:Splenius capitis muscle.l
Fra:0 Mem:2338.48M (Peak 2338.48M) | Time:00:00.12 | Syncing QA:Splenius capitis muscle.r
Fra:0 Mem:2338.99M (Peak 2338.99M) | Time:00:00.12 | Syncing QA:Splenius colli muscle.l
Fra:0 Mem:2339.44M (Peak 2339.44M) | Time:00:00.12 | Syncing QA:Splenius colli muscle.r
Fra:0 Mem:2339.88M (Peak 2339.88M) | Time:00:00.12 | Syncing QA:Stapes.l
Fra:0 Mem:2340.35M (Peak 2340.35M) | Time:00:00.12 | Syncing QA:Stapes.r
Fra:0 Mem:2340.81M (Peak 2340.81M) | Time:00:00.12 | Syncing QA:Sternocleidomastoid muscle.l
Fra:0 Mem:2341.30M (Peak 2341.30M) | Time:00:00.12 | Syncing QA:Sternocleidomastoid muscle.r
Fra:0 Mem:2341.79M (Peak 2341.79M) | Time:00:00.12 | Syncing QA:Sternocostal head of pectorali
Fra:0 Mem:2342.17M (Peak 2342.17M) | Time:00:00.12 | Syncing QA:Sternocostal head of pectorali
Fra:0 Mem:2342.54M (Peak 2342.54M) | Time:00:00.12 | Syncing QA:Sternohyoid muscle.l
Fra:0 Mem:2342.78M (Peak 2342.78M) | Time:00:00.12 | Syncing QA:Sternohyoid muscle.r
Fra:0 Mem:2343.03M (Peak 2343.03M) | Time:00:00.12 | Syncing QA:Sternothyroid muscle.l
Fra:0 Mem:2343.26M (Peak 2343.26M) | Time:00:00.12 | Syncing QA:Sternothyroid muscle.r
Fra:0 Mem:2343.48M (Peak 2343.48M) | Time:00:00.12 | Syncing QA:Straight part of cricothyroid 
Fra:0 Mem:2343.75M (Peak 2343.75M) | Time:00:00.12 | Syncing QA:Straight part of cricothyroid 
Fra:0 Mem:2344.03M (Peak 2344.03M) | Time:00:00.12 | Syncing QA:Stylohyoid muscle.l
Fra:0 Mem:2344.22M (Peak 2344.22M) | Time:00:00.12 | Syncing QA:Stylohyoid muscle.r
Fra:0 Mem:2344.42M (Peak 2344.42M) | Time:00:00.12 | Syncing QA:Stylopharyngeus muscle.l
Fra:0 Mem:2345.55M (Peak 2345.76M) | Time:00:00.12 | Syncing QA:Stylopharyngeus muscle.r
Fra:0 Mem:2346.68M (Peak 2346.89M) | Time:00:00.12 | Syncing QA:Subacromial bursa.l
Fra:0 Mem:2346.90M (Peak 2346.90M) | Time:00:00.12 | Syncing QA:Subacromial bursa.r
Fra:0 Mem:2347.12M (Peak 2347.12M) | Time:00:00.12 | Syncing QA:Subclavius muscle.l
Fra:0 Mem:2347.33M (Peak 2347.33M) | Time:00:00.12 | Syncing QA:Subclavius muscle.r
Fra:0 Mem:2347.53M (Peak 2347.53M) | Time:00:00.12 | Syncing QA:Subcutaneous acromial bursa.l
Fra:0 Mem:2347.76M (Peak 2347.76M) | Time:00:00.12 | Syncing QA:Subcutaneous acromial bursa.r
Fra:0 Mem:2347.98M (Peak 2347.98M) | Time:00:00.12 | Syncing QA:Subcutaneous bursa of lateral 
Fra:0 Mem:2348.16M (Peak 2348.16M) | Time:00:00.12 | Syncing QA:Subcutaneous bursa of lateral 
Fra:0 Mem:2348.35M (Peak 2348.35M) | Time:00:00.12 | Syncing QA:Subcutaneous bursa of medial m
Fra:0 Mem:2348.53M (Peak 2348.53M) | Time:00:00.12 | Syncing QA:Subcutaneous bursa of medial m
Fra:0 Mem:2348.71M (Peak 2348.71M) | Time:00:00.12 | Syncing QA:Subcutaneous bursa of tuberosi
Fra:0 Mem:2348.94M (Peak 2348.94M) | Time:00:00.12 | Syncing QA:Subcutaneous bursa of tuberosi
Fra:0 Mem:2349.16M (Peak 2349.16M) | Time:00:00.12 | Syncing QA:Subcutaneous calcaneal bursa.l
Fra:0 Mem:2349.34M (Peak 2349.34M) | Time:00:00.12 | Syncing QA:Subcutaneous calcaneal bursa.r
Fra:0 Mem:2349.51M (Peak 2349.51M) | Time:00:00.12 | Syncing QA:Subcutaneous infrapatellar bur
Fra:0 Mem:2349.74M (Peak 2349.74M) | Time:00:00.12 | Syncing QA:Subcutaneous infrapatellar bur
Fra:0 Mem:2349.96M (Peak 2349.96M) | Time:00:00.12 | Syncing QA:Subcutaneous prepatellar bursa
Fra:0 Mem:2350.16M (Peak 2350.16M) | Time:00:00.12 | Syncing QA:Subcutaneous prepatellar bursa
Fra:0 Mem:2350.36M (Peak 2350.36M) | Time:00:00.12 | Syncing QA:Subcutaneous trochanteric burs
Fra:0 Mem:2350.58M (Peak 2350.58M) | Time:00:00.12 | Syncing QA:Subcutaneous trochanteric burs
Fra:0 Mem:2350.81M (Peak 2350.81M) | Time:00:00.12 | Syncing QA:Subdeltoid bursa.l
Fra:0 Mem:2351.03M (Peak 2351.03M) | Time:00:00.12 | Syncing QA:Subdeltoid bursa.r
Fra:0 Mem:2351.26M (Peak 2351.26M) | Time:00:00.12 | Syncing QA:Subfacial prepatellar bursa.l
Fra:0 Mem:2351.46M (Peak 2351.46M) | Time:00:00.12 | Syncing QA:Subfacial prepatellar bursa.r
Fra:0 Mem:2351.66M (Peak 2351.66M) | Time:00:00.12 | Syncing QA:Subscapularis muscle.l
Fra:0 Mem:2352.01M (Peak 2352.01M) | Time:00:00.12 | Syncing QA:Subscapularis muscle.r
Fra:0 Mem:2352.36M (Peak 2352.36M) | Time:00:00.12 | Syncing QA:Subtendinous bursa of iliacus 
Fra:0 Mem:2352.53M (Peak 2352.53M) | Time:00:00.12 | Syncing QA:Subtendinous bursa of iliacus 
Fra:0 Mem:2352.70M (Peak 2352.70M) | Time:00:00.12 | Syncing QA:Subtendinous bursa of infraspi
Fra:0 Mem:2352.92M (Peak 2352.92M) | Time:00:00.12 | Syncing QA:Subtendinous bursa of infraspi
Fra:0 Mem:2353.15M (Peak 2353.15M) | Time:00:00.12 | Syncing QA:Subtendinous bursa of obturato
Fra:0 Mem:2353.37M (Peak 2353.37M) | Time:00:00.12 | Syncing QA:Subtendinous bursa of obturato
Fra:0 Mem:2353.59M (Peak 2353.59M) | Time:00:00.12 | Syncing QA:Subtendinous bursa of sartoriu
Fra:0 Mem:2353.81M (Peak 2353.81M) | Time:00:00.12 | Syncing QA:Subtendinous bursa of sartoriu
Fra:0 Mem:2354.02M (Peak 2354.02M) | Time:00:00.12 | Syncing QA:Subtendinous bursa of teres ma
Fra:0 Mem:2354.25M (Peak 2354.25M) | Time:00:00.12 | Syncing QA:Subtendinous bursa of teres ma
Fra:0 Mem:2354.47M (Peak 2354.47M) | Time:00:00.12 | Syncing QA:Subtendinous bursa of tibialis
Fra:0 Mem:2354.66M (Peak 2354.66M) | Time:00:00.12 | Syncing QA:Subtendinous bursa of tibialis
Fra:0 Mem:2354.84M (Peak 2354.84M) | Time:00:00.12 | Syncing QA:Subtendinous bursa of trapeziu
Fra:0 Mem:2355.28M (Peak 2355.28M) | Time:00:00.12 | Syncing QA:Subtendinous bursa of trapeziu
Fra:0 Mem:2355.51M (Peak 2355.51M) | Time:00:00.12 | Syncing QA:Subtendinous bursa of triceps 
Fra:0 Mem:2355.73M (Peak 2355.73M) | Time:00:00.12 | Syncing QA:Subtendinous bursa of triceps 
Fra:0 Mem:2355.95M (Peak 2355.95M) | Time:00:00.12 | Syncing QA:Subtendinous calcaneal bursa.l
Fra:0 Mem:2356.13M (Peak 2356.13M) | Time:00:00.12 | Syncing QA:Subtendinous calcaneal bursa.r
Fra:0 Mem:2356.31M (Peak 2356.31M) | Time:00:00.12 | Syncing QA:Subtendinous prepatellar bursa
Fra:0 Mem:2356.51M (Peak 2356.51M) | Time:00:00.12 | Syncing QA:Subtendinous prepatellar bursa
Fra:0 Mem:2356.71M (Peak 2356.71M) | Time:00:00.12 | Syncing QA:Superficial head of flexor pol
Fra:0 Mem:2356.88M (Peak 2356.88M) | Time:00:00.12 | Syncing QA:Superficial head of flexor pol
Fra:0 Mem:2357.05M (Peak 2357.05M) | Time:00:00.12 | Syncing QA:Superficial head of pronator t
Fra:0 Mem:2357.37M (Peak 2357.37M) | Time:00:00.12 | Syncing QA:Superficial head of pronator t
Fra:0 Mem:2357.70M (Peak 2357.70M) | Time:00:00.12 | Syncing QA:Superficial investing cervical
Fra:0 Mem:2358.09M (Peak 2358.09M) | Time:00:00.12 | Syncing QA:Superficial investing cervical
Fra:0 Mem:2358.49M (Peak 2358.49M) | Time:00:00.12 | Syncing QA:Superficial layer of temporal 
Fra:0 Mem:2358.69M (Peak 2358.69M) | Time:00:00.12 | Syncing QA:Superficial layer of temporal 
Fra:0 Mem:2358.89M (Peak 2358.89M) | Time:00:00.12 | Syncing QA:Superficial part of masseter.l
Fra:0 Mem:2359.14M (Peak 2359.14M) | Time:00:00.12 | Syncing QA:Superficial part of masseter.r
Fra:0 Mem:2359.39M (Peak 2359.39M) | Time:00:00.12 | Syncing QA:Superficial transverse metacar
Fra:0 Mem:2359.55M (Peak 2359.55M) | Time:00:00.12 | Syncing QA:Superficial transverse metacar
Fra:0 Mem:2359.72M (Peak 2359.72M) | Time:00:00.12 | Syncing QA:Superficial transverse metatar
Fra:0 Mem:2359.87M (Peak 2359.87M) | Time:00:00.12 | Syncing QA:Superficial transverse metatar
Fra:0 Mem:2360.03M (Peak 2360.03M) | Time:00:00.12 | Syncing QA:Superior bursa of biceps femor
Fra:0 Mem:2360.25M (Peak 2360.25M) | Time:00:00.12 | Syncing QA:Superior bursa of biceps femor
Fra:0 Mem:2360.48M (Peak 2360.48M) | Time:00:00.12 | Syncing QA:Superior extensor retinaculum 
Fra:0 Mem:2360.65M (Peak 2360.65M) | Time:00:00.12 | Syncing QA:Superior extensor retinaculum 
Fra:0 Mem:2360.82M (Peak 2360.82M) | Time:00:00.12 | Syncing QA:Superior fibular retinaculum.l
Fra:0 Mem:2361.02M (Peak 2361.02M) | Time:00:00.13 | Syncing QA:Superior fibular retinaculum.r
Fra:0 Mem:2361.22M (Peak 2361.22M) | Time:00:00.13 | Syncing QA:Superior gemellus muscle.l
Fra:0 Mem:2361.39M (Peak 2361.39M) | Time:00:00.13 | Syncing QA:Superior gemellus muscle.r
Fra:0 Mem:2361.57M (Peak 2361.57M) | Time:00:00.13 | Syncing QA:Superior head of lateral ptery
Fra:0 Mem:2361.74M (Peak 2361.74M) | Time:00:00.13 | Syncing QA:Superior head of lateral ptery
Fra:0 Mem:2361.90M (Peak 2361.90M) | Time:00:00.13 | Syncing QA:Superior oblique muscle.l
Fra:0 Mem:2362.24M (Peak 2362.24M) | Time:00:00.13 | Syncing QA:Superior oblique muscle.r
Fra:0 Mem:2362.57M (Peak 2362.57M) | Time:00:00.13 | Syncing QA:Superior pharyngeal constricto
Fra:0 Mem:2363.27M (Peak 2363.64M) | Time:00:00.13 | Syncing QA:Superior pharyngeal constricto
Fra:0 Mem:2363.97M (Peak 2364.34M) | Time:00:00.13 | Syncing QA:Superior rectus muscle.l
Fra:0 Mem:2364.25M (Peak 2364.34M) | Time:00:00.13 | Syncing QA:Superior rectus muscle.r
Fra:0 Mem:2364.53M (Peak 2364.53M) | Time:00:00.13 | Syncing QA:Superior tarsus.l
Fra:0 Mem:2364.70M (Peak 2364.70M) | Time:00:00.13 | Syncing QA:Superior tarsus.r
Fra:0 Mem:2364.87M (Peak 2364.87M) | Time:00:00.13 | Syncing QA:Supinator.l
Fra:0 Mem:2365.21M (Peak 2365.21M) | Time:00:00.13 | Syncing QA:Supinator.r
Fra:0 Mem:2365.55M (Peak 2365.55M) | Time:00:00.13 | Syncing QA:Suprapatellar bursa.l
Fra:0 Mem:2365.76M (Peak 2365.76M) | Time:00:00.13 | Syncing QA:Suprapatellar bursa.r
Fra:0 Mem:2365.98M (Peak 2365.98M) | Time:00:00.13 | Syncing QA:Supraspinatus muscle.l
Fra:0 Mem:2366.23M (Peak 2366.23M) | Time:00:00.13 | Syncing QA:Supraspinatus muscle.r
Fra:0 Mem:2366.48M (Peak 2366.48M) | Time:00:00.13 | Syncing QA:Synovial sheaths of digits of 
Fra:0 Mem:2366.97M (Peak 2366.97M) | Time:00:00.13 | Syncing QA:Synovial sheaths of digits of 
Fra:0 Mem:2367.47M (Peak 2367.47M) | Time:00:00.13 | Syncing QA:Talus.l
Fra:0 Mem:2367.71M (Peak 2367.71M) | Time:00:00.13 | Syncing QA:Talus.r
Fra:0 Mem:2367.95M (Peak 2367.95M) | Time:00:00.13 | Syncing QA:Temporal bone.l
Fra:0 Mem:2369.07M (Peak 2369.07M) | Time:00:00.13 | Syncing QA:Temporal bone.r
Fra:0 Mem:2370.19M (Peak 2370.19M) | Time:00:00.13 | Syncing QA:Temporalis muscle.l
Fra:0 Mem:2371.05M (Peak 2371.05M) | Time:00:00.13 | Syncing QA:Temporalis muscle.r
Fra:0 Mem:2371.90M (Peak 2371.90M) | Time:00:00.13 | Syncing QA:Temporoparietalis muscle.l
Fra:0 Mem:2372.87M (Peak 2372.91M) | Time:00:00.13 | Syncing QA:Temporoparietalis muscle.r
Fra:0 Mem:2373.85M (Peak 2373.89M) | Time:00:00.13 | Syncing QA:Tendinous arch of levator ani.
Fra:0 Mem:2374.05M (Peak 2374.05M) | Time:00:00.13 | Syncing QA:Tendinous arch of levator ani.
Fra:0 Mem:2374.25M (Peak 2374.25M) | Time:00:00.13 | Syncing QA:Tendon of extensor digitorum l
Fra:0 Mem:2374.76M (Peak 2374.76M) | Time:00:00.13 | Syncing QA:Tendon of extensor digitorum l
Fra:0 Mem:2375.26M (Peak 2375.26M) | Time:00:00.13 | Syncing QA:Tendon sheath - abd. pollicis 
Fra:0 Mem:2375.45M (Peak 2375.45M) | Time:00:00.13 | Syncing QA:Tendon sheath - abd. pollicis 
Fra:0 Mem:2375.63M (Peak 2375.63M) | Time:00:00.13 | Syncing QA:Tendon sheath of extensor carp
Fra:0 Mem:2375.83M (Peak 2375.83M) | Time:00:00.13 | Syncing QA:Tendon sheath of extensor carp
Fra:0 Mem:2376.03M (Peak 2376.03M) | Time:00:00.13 | Syncing QA:Tendon sheath of extensor digi
Fra:0 Mem:2376.21M (Peak 2376.21M) | Time:00:00.13 | Syncing QA:Tendon sheath of extensor digi
Fra:0 Mem:2376.39M (Peak 2376.39M) | Time:00:00.13 | Syncing QA:Tendon sheath of extensor digi
Fra:0 Mem:2376.66M (Peak 2376.66M) | Time:00:00.13 | Syncing QA:Tendon sheath of extensor digi
Fra:0 Mem:2376.92M (Peak 2376.92M) | Time:00:00.13 | Syncing QA:Tendon sheath of extensor digi
Fra:0 Mem:2377.18M (Peak 2377.18M) | Time:00:00.13 | Syncing QA:Tendon sheath of extensor digi
Fra:0 Mem:2377.43M (Peak 2377.43M) | Time:00:00.13 | Syncing QA:Tendon sheath of extensor hall
Fra:0 Mem:2377.61M (Peak 2377.61M) | Time:00:00.13 | Syncing QA:Tendon sheath of extensor hall
Fra:0 Mem:2377.79M (Peak 2377.79M) | Time:00:00.13 | Syncing QA:Tendon sheath of extensor poll
Fra:0 Mem:2377.96M (Peak 2377.96M) | Time:00:00.13 | Syncing QA:Tendon sheath of extensor poll
Fra:0 Mem:2378.13M (Peak 2378.13M) | Time:00:00.13 | Syncing QA:Tendon sheath of extensors car
Fra:0 Mem:2378.40M (Peak 2378.40M) | Time:00:00.13 | Syncing QA:Tendon sheath of extensors car
Fra:0 Mem:2378.66M (Peak 2378.66M) | Time:00:00.13 | Syncing QA:Tendon sheath of flexor carpi 
Fra:0 Mem:2378.87M (Peak 2378.87M) | Time:00:00.13 | Syncing QA:Tendon sheath of flexor carpi 
Fra:0 Mem:2379.07M (Peak 2379.07M) | Time:00:00.13 | Syncing QA:Tendon sheath of flexor digito
Fra:0 Mem:2379.24M (Peak 2379.24M) | Time:00:00.13 | Syncing QA:Tendon sheath of flexor digito
Fra:0 Mem:2379.40M (Peak 2379.40M) | Time:00:00.13 | Syncing QA:Tendon sheath of flexor halluc
Fra:0 Mem:2379.64M (Peak 2379.64M) | Time:00:00.13 | Syncing QA:Tendon sheath of flexor halluc
Fra:0 Mem:2379.87M (Peak 2379.87M) | Time:00:00.13 | Syncing QA:Tendon sheath of flexor pollic
Fra:0 Mem:2380.18M (Peak 2380.18M) | Time:00:00.13 | Syncing QA:Tendon sheath of flexor pollic
Fra:0 Mem:2380.48M (Peak 2380.48M) | Time:00:00.13 | Syncing QA:Tendon sheath of tibialis ante
Fra:0 Mem:2380.65M (Peak 2380.65M) | Time:00:00.13 | Syncing QA:Tendon sheath of tibialis ante
Fra:0 Mem:2380.81M (Peak 2380.81M) | Time:00:00.13 | Syncing QA:Tendon sheath of tibialis post
Fra:0 Mem:2380.97M (Peak 2380.97M) | Time:00:00.13 | Syncing QA:Tendon sheath of tibialis post
Fra:0 Mem:2381.14M (Peak 2381.14M) | Time:00:00.13 | Syncing QA:Tensor fasciae latae.l
Fra:0 Mem:2381.42M (Peak 2381.42M) | Time:00:00.13 | Syncing QA:Tensor fasciae latae.r
Fra:0 Mem:2381.70M (Peak 2381.70M) | Time:00:00.13 | Syncing QA:Tenth rib.l
Fra:0 Mem:2382.33M (Peak 2382.33M) | Time:00:00.13 | Syncing QA:Tenth rib.r
Fra:0 Mem:2382.96M (Peak 2382.96M) | Time:00:00.13 | Syncing QA:Teres major muscle.l
Fra:0 Mem:2383.19M (Peak 2383.19M) | Time:00:00.13 | Syncing QA:Teres major muscle.r
Fra:0 Mem:2383.42M (Peak 2383.42M) | Time:00:00.13 | Syncing QA:Teres minor muscle.l
Fra:0 Mem:2383.67M (Peak 2383.67M) | Time:00:00.13 | Syncing QA:Teres minor muscle.r
Fra:0 Mem:2383.93M (Peak 2383.93M) | Time:00:00.13 | Syncing QA:Third metacarpal bone.l
Fra:0 Mem:2384.13M (Peak 2384.13M) | Time:00:00.13 | Syncing QA:Third metacarpal bone.r
Fra:0 Mem:2384.33M (Peak 2384.33M) | Time:00:00.13 | Syncing QA:Third metatarsal bone.l
Fra:0 Mem:2384.53M (Peak 2384.53M) | Time:00:00.13 | Syncing QA:Third metatarsal bone.r
Fra:0 Mem:2384.74M (Peak 2384.74M) | Time:00:00.13 | Syncing QA:Third rib.l
Fra:0 Mem:2385.37M (Peak 2385.37M) | Time:00:00.13 | Syncing QA:Third rib.r
Fra:0 Mem:2386.00M (Peak 2386.00M) | Time:00:00.13 | Syncing QA:Thyro-epiglottic part of thyro
Fra:0 Mem:2386.47M (Peak 2386.47M) | Time:00:00.13 | Syncing QA:Thyro-epiglottic part of thyro
Fra:0 Mem:2386.94M (Peak 2386.94M) | Time:00:00.13 | Syncing QA:Thyrohyoid muscle.l
Fra:0 Mem:2387.14M (Peak 2387.14M) | Time:00:00.13 | Syncing QA:Thyrohyoid muscle.r
Fra:0 Mem:2387.34M (Peak 2387.34M) | Time:00:00.13 | Syncing QA:Thyroid cartilage
Fra:0 Mem:2387.80M (Peak 2387.80M) | Time:00:00.13 | Syncing QA:Tibia.l
Fra:0 Mem:2388.06M (Peak 2388.06M) | Time:00:00.13 | Syncing QA:Tibia.r
Fra:0 Mem:2388.32M (Peak 2388.32M) | Time:00:00.13 | Syncing QA:Tibialis anterior muscle.l
Fra:0 Mem:2388.71M (Peak 2388.71M) | Time:00:00.13 | Syncing QA:Tibialis anterior muscle.r
Fra:0 Mem:2389.11M (Peak 2389.11M) | Time:00:00.13 | Syncing QA:Tibialis posterior muscle.l
Fra:0 Mem:2389.64M (Peak 2389.64M) | Time:00:00.13 | Syncing QA:Tibialis posterior muscle.r
Fra:0 Mem:2390.17M (Peak 2390.17M) | Time:00:00.13 | Syncing QA:Transversalis fascia
Fra:0 Mem:2390.63M (Peak 2390.63M) | Time:00:00.13 | Syncing QA:Transverse arytenoid muscle
Fra:0 Mem:2390.96M (Peak 2390.96M) | Time:00:00.13 | Syncing QA:Transverse head of adductor ha
Fra:0 Mem:2391.14M (Peak 2391.14M) | Time:00:00.13 | Syncing QA:Transverse head of adductor ha
Fra:0 Mem:2391.32M (Peak 2391.32M) | Time:00:00.13 | Syncing QA:Transverse head of adductor po
Fra:0 Mem:2391.54M (Peak 2391.54M) | Time:00:00.13 | Syncing QA:Transverse head of adductor po
Fra:0 Mem:2391.76M (Peak 2391.76M) | Time:00:00.13 | Syncing QA:Transverse intermuscular septu
Fra:0 Mem:2391.96M (Peak 2391.96M) | Time:00:00.13 | Syncing QA:Transverse intermuscular septu
Fra:0 Mem:2392.16M (Peak 2392.16M) | Time:00:00.13 | Syncing QA:Transverse part of trapezius m
Fra:0 Mem:2392.52M (Peak 2392.52M) | Time:00:00.13 | Syncing QA:Transverse part of trapezius m
Fra:0 Mem:2392.87M (Peak 2392.87M) | Time:00:00.13 | Syncing QA:Transversus abdominis muscle.l
Fra:0 Mem:2395.38M (Peak 2395.38M) | Time:00:00.14 | Syncing QA:Transversus abdominis muscle.r
Fra:0 Mem:2397.89M (Peak 2397.89M) | Time:00:00.14 | Syncing QA:Transversus thoracis muscle.l
Fra:0 Mem:2398.15M (Peak 2398.15M) | Time:00:00.14 | Syncing QA:Transversus thoracis muscle.r
Fra:0 Mem:2398.42M (Peak 2398.42M) | Time:00:00.14 | Syncing QA:Trapezium bone.l
Fra:0 Mem:2398.60M (Peak 2398.60M) | Time:00:00.14 | Syncing QA:Trapezium bone.r
Fra:0 Mem:2398.79M (Peak 2398.79M) | Time:00:00.14 | Syncing QA:Trapezoid bone.l
Fra:0 Mem:2398.96M (Peak 2398.96M) | Time:00:00.14 | Syncing QA:Trapezoid bone.r
Fra:0 Mem:2399.14M (Peak 2399.14M) | Time:00:00.14 | Syncing QA:Triquetrum bone.l
Fra:0 Mem:2399.30M (Peak 2399.30M) | Time:00:00.14 | Syncing QA:Triquetrum bone.r
Fra:0 Mem:2399.46M (Peak 2399.46M) | Time:00:00.14 | Syncing QA:Trochanteric bursa of gluteus 
Fra:0 Mem:2399.69M (Peak 2399.69M) | Time:00:00.14 | Syncing QA:Trochanteric bursa of gluteus 
Fra:0 Mem:2399.91M (Peak 2399.91M) | Time:00:00.14 | Syncing QA:Trochanteric bursa of gluteus 
Fra:0 Mem:2400.13M (Peak 2400.13M) | Time:00:00.14 | Syncing QA:Trochanteric bursa of gluteus 
Fra:0 Mem:2400.36M (Peak 2400.36M) | Time:00:00.14 | Syncing QA:Trochanteric bursa of gluteus 
Fra:0 Mem:2400.58M (Peak 2400.58M) | Time:00:00.14 | Syncing QA:Trochanteric bursa of gluteus 
Fra:0 Mem:2400.80M (Peak 2400.80M) | Time:00:00.14 | Syncing QA:Trochlea of superior oblique m
Fra:0 Mem:2400.98M (Peak 2400.98M) | Time:00:00.14 | Syncing QA:Trochlea of superior oblique m
Fra:0 Mem:2401.15M (Peak 2401.15M) | Time:00:00.14 | Syncing QA:Twelfth rib.l
Fra:0 Mem:2401.50M (Peak 2401.50M) | Time:00:00.14 | Syncing QA:Twelfth rib.r
Fra:0 Mem:2401.86M (Peak 2401.86M) | Time:00:00.14 | Syncing QA:Ulna.l
Fra:0 Mem:2402.07M (Peak 2402.07M) | Time:00:00.14 | Syncing QA:Ulna.r
Fra:0 Mem:2402.28M (Peak 2402.28M) | Time:00:00.14 | Syncing QA:Ulnar head of extensor carpi u
Fra:0 Mem:2402.49M (Peak 2402.49M) | Time:00:00.14 | Syncing QA:Ulnar head of extensor carpi u
Fra:0 Mem:2402.70M (Peak 2402.70M) | Time:00:00.14 | Syncing QA:Ulnar head of flexor carpi uln
Fra:0 Mem:2402.95M (Peak 2402.95M) | Time:00:00.14 | Syncing QA:Ulnar head of flexor carpi uln
Fra:0 Mem:2403.21M (Peak 2403.21M) | Time:00:00.14 | Syncing QA:Upper canine.l
Fra:0 Mem:2403.46M (Peak 2403.46M) | Time:00:00.14 | Syncing QA:Upper canine.r
Fra:0 Mem:2403.71M (Peak 2403.71M) | Time:00:00.14 | Syncing QA:Upper first molar tooth.l
Fra:0 Mem:2404.01M (Peak 2404.01M) | Time:00:00.14 | Syncing QA:Upper first molar tooth.r
Fra:0 Mem:2404.30M (Peak 2404.30M) | Time:00:00.14 | Syncing QA:Upper first premolar.l
Fra:0 Mem:2404.57M (Peak 2404.57M) | Time:00:00.14 | Syncing QA:Upper first premolar.r
Fra:0 Mem:2404.83M (Peak 2404.83M) | Time:00:00.14 | Syncing QA:Upper lateral incisor.l
Fra:0 Mem:2405.08M (Peak 2405.08M) | Time:00:00.14 | Syncing QA:Upper lateral incisor.r
Fra:0 Mem:2405.33M (Peak 2405.33M) | Time:00:00.14 | Syncing QA:Upper medial incisor.l
Fra:0 Mem:2405.58M (Peak 2405.58M) | Time:00:00.14 | Syncing QA:Upper medial incisor.r
Fra:0 Mem:2405.82M (Peak 2405.82M) | Time:00:00.14 | Syncing QA:Upper second molar tooth.l
Fra:0 Mem:2406.10M (Peak 2406.10M) | Time:00:00.14 | Syncing QA:Upper second molar tooth.r
Fra:0 Mem:2406.38M (Peak 2406.38M) | Time:00:00.14 | Syncing QA:Upper second premolar.l
Fra:0 Mem:2406.63M (Peak 2406.63M) | Time:00:00.14 | Syncing QA:Upper second premolar.r
Fra:0 Mem:2406.89M (Peak 2406.89M) | Time:00:00.14 | Syncing QA:Vastus intermedius muscle.l
Fra:0 Mem:2407.46M (Peak 2407.46M) | Time:00:00.14 | Syncing QA:Vastus intermedius muscle.r
Fra:0 Mem:2408.03M (Peak 2408.03M) | Time:00:00.14 | Syncing QA:Vastus lateralis muscle.l
Fra:0 Mem:2408.83M (Peak 2408.83M) | Time:00:00.14 | Syncing QA:Vastus lateralis muscle.r
Fra:0 Mem:2409.62M (Peak 2409.62M) | Time:00:00.14 | Syncing QA:Vastus medialis muscle.l
Fra:0 Mem:2410.21M (Peak 2410.21M) | Time:00:00.14 | Syncing QA:Vastus medialis muscle.r
Fra:0 Mem:2410.81M (Peak 2410.81M) | Time:00:00.14 | Syncing QA:Ventral parts of lateral inter
Fra:0 Mem:2411.03M (Peak 2411.03M) | Time:00:00.14 | Syncing QA:Ventral parts of lateral inter
Fra:0 Mem:2411.25M (Peak 2411.25M) | Time:00:00.14 | Syncing QA:Vertebra C3
Fra:0 Mem:2411.56M (Peak 2411.56M) | Time:00:00.14 | Syncing QA:Vertebra C4
Fra:0 Mem:2411.85M (Peak 2411.85M) | Time:00:00.14 | Syncing QA:Vertebra C5
Fra:0 Mem:2412.15M (Peak 2412.15M) | Time:00:00.14 | Syncing QA:Vertebra C6
Fra:0 Mem:2412.46M (Peak 2412.46M) | Time:00:00.14 | Syncing QA:Vertebra C7
Fra:0 Mem:2412.76M (Peak 2412.76M) | Time:00:00.14 | Syncing QA:Vertebra L1
Fra:0 Mem:2413.12M (Peak 2413.12M) | Time:00:00.14 | Syncing QA:Vertebra L2
Fra:0 Mem:2413.45M (Peak 2413.45M) | Time:00:00.14 | Syncing QA:Vertebra L3
Fra:0 Mem:2413.81M (Peak 2413.81M) | Time:00:00.14 | Syncing QA:Vertebra L4
Fra:0 Mem:2414.22M (Peak 2414.22M) | Time:00:00.14 | Syncing QA:Vertebra L5
Fra:0 Mem:2414.65M (Peak 2414.65M) | Time:00:00.14 | Syncing QA:Vertebra T1
Fra:0 Mem:2414.93M (Peak 2414.93M) | Time:00:00.14 | Syncing QA:Vertebra T10
Fra:0 Mem:2415.29M (Peak 2415.29M) | Time:00:00.14 | Syncing QA:Vertebra T11
Fra:0 Mem:2415.56M (Peak 2415.56M) | Time:00:00.14 | Syncing QA:Vertebra T12
Fra:0 Mem:2415.88M (Peak 2415.88M) | Time:00:00.14 | Syncing QA:Vertebra T2
Fra:0 Mem:2416.18M (Peak 2416.18M) | Time:00:00.14 | Syncing QA:Vertebra T3
Fra:0 Mem:2416.49M (Peak 2416.49M) | Time:00:00.14 | Syncing QA:Vertebra T4
Fra:0 Mem:2416.79M (Peak 2416.79M) | Time:00:00.14 | Syncing QA:Vertebra T5
Fra:0 Mem:2417.09M (Peak 2417.09M) | Time:00:00.14 | Syncing QA:Vertebra T6
Fra:0 Mem:2417.36M (Peak 2417.36M) | Time:00:00.14 | Syncing QA:Vertebra T7
Fra:0 Mem:2417.70M (Peak 2417.70M) | Time:00:00.14 | Syncing QA:Vertebra T8
Fra:0 Mem:2417.97M (Peak 2417.97M) | Time:00:00.14 | Syncing QA:Vertebra T9
Fra:0 Mem:2418.32M (Peak 2418.32M) | Time:00:00.14 | Syncing QA:Vomer
Fra:0 Mem:2418.54M (Peak 2418.54M) | Time:00:00.14 | Syncing QA:Xiphoid process
Fra:0 Mem:2418.76M (Peak 2418.76M) | Time:00:00.14 | Syncing QA:Zygomatic bone.l
Fra:0 Mem:2419.00M (Peak 2419.00M) | Time:00:00.14 | Syncing QA:Zygomatic bone.r
Fra:0 Mem:2419.24M (Peak 2419.24M) | Time:00:00.14 | Syncing QA:Zygomaticus major muscle.l
Fra:0 Mem:2419.44M (Peak 2419.44M) | Time:00:00.14 | Syncing QA:Zygomaticus major muscle.r
Fra:0 Mem:2419.65M (Peak 2419.65M) | Time:00:00.14 | Syncing QA:Zygomaticus minor muscle.l
Fra:0 Mem:2419.83M (Peak 2419.83M) | Time:00:00.14 | Syncing QA:Zygomaticus minor muscle.r
Fra:0 Mem:2420.00M (Peak 2420.00M) | Time:00:00.14 | Syncing T98 camera
Fra:0 Mem:2420.00M (Peak 2420.00M) | Time:00:00.14 | Syncing T98 light
Fra:0 Mem:2420.00M (Peak 2420.00M) | Time:00:00.14 | Syncing T98 light.001
Fra:0 Mem:2410.53M (Peak 2420.00M) | Time:00:00.14 | Rendering 1 / 16 samples
Fra:0 Mem:2213.00M (Peak 2420.00M) | Time:00:00.36 | Rendering 16 / 16 samples
Saved: '/Users/daniel/Downloads/SIM /HUMAN ATLAS/work/evidence/T98/astra-resolution-2026-09-29/source-plus-x.png'
 Time: 00:00.40 (Saving: 00:00.03)

T98_BASE_PROBE_OK 960 {'vertices': 1518153, 'triangles': 3025614, 'indexedPositionNormalIndexBytes': 72743040, 'flatPositionNormalIndexBytes': 254151576}

Blender quit
Error: Not freed memory blocks: 322, total unfreed memory 0.002457 MB
